
Selector Backtest
  Eval window  : 2024-01-01 → 2024-12-31
  Top-N        : 3
  Weights      : weighted 50%/30%/20% × 3 slots
  Tickers      : SNDK, APP, SHOP, CVNA, AMD, META, EXPE, FANG, RH, FN, MU, ANAB, PLTR, COIN, NVDA, TSLA
  Lookback     : 60d rolling
  Windows      : 1 total
    [A2] 15:00 / 1 bars  (simultaneous, 100% of portfolio)  (~$10,000)
  Min capital  : $100 per window (skip if below)
  Compounding  : off (reset $10,000 each day)
  Dedup        : off
  Stop pct     : 0.15
  Trailing MA  : ma20
  Max loss pct : disabled
  Armed MA20   : off
  Regime filter: QQQ MA8
  Reversal     : off
  Bearish RE   : on (max bars_held=3)
  Min OR range : disabled
  Min score    : disabled
  Min EV       : disabled
  OR bar lookback: last 3 bars
  Source       : alpaca
Fetching bars for 16 tickers (2024-01-01 → 2024-12-31)...
  [cache] loaded 16 tickers from cache
Pre-computing MA columns for 16 tickers...
Pre-computing signals for 1 window(s)...
  [A2] 15:00 / 1 bars — done
Fetching QQQ daily bars for comparison...

━━━━━━━━━━━━━━━━━━━━━━━━━━━━━━━━━━━━━━━━━━━━━━━━━━━━━━━━━━━━━━━━━━━━━━━━━━━━━━━━━━━━━━━━━━━━━━━━━━
  Date         Rank  Ticker Signal    Score    Entry    Exit    P&L$    P&L%  Result  Exit Reason
━━━━━━━━━━━━━━━━━━━━━━━━━━━━━━━━━━━━━━━━━━━━━━━━━━━━━━━━━━━━━━━━━━━━━━━━━━━━━━━━━━━━━━━━━━━━━━━━━━
  2024-01-02   1     COIN   BEARISH    0.36   157.36  157.36  +$0.00  +0.00%  LOSS    fallback_20pct
                            [BRE]             157.14  156.86  +$0.27  +0.17%  WIN     end_of_day
  2024-01-02   2     ANAB   BEARISH    0.33    21.54   21.55  +$0.00  +0.00%  LOSS    fallback_20pct
                            [BRE]              21.46   21.54  -$0.08  -0.37%  LOSS    hard_stop
  2024-01-02   3     PLTR   BEARISH    0.31    16.52   16.52  +$0.00  +0.00%  LOSS    fallback_20pct
                                                              +$0.19  -0.04%  1W/4L  │  cap: -$2.59 (-0.03%)  portfolio: $9997.41
  ────────────────────────────────────────────────────────────────────────────────────────────────
  2024-01-03   1     COIN   BEARISH    0.38   153.08  153.18  -$0.10  -0.07%  LOSS    hard_stop
  2024-01-03   2     ANAB   BEARISH    0.32    21.26   21.21  +$0.05  +0.24%  WIN     end_of_day
  2024-01-03   3     EXPE   BEARISH    0.26   145.86  145.90  -$0.04  -0.03%  LOSS    hard_stop
                                                              -$0.09  +0.05%  1W/2L  │  cap: +$3.24 (+0.03%)  portfolio: $10000.65
  ────────────────────────────────────────────────────────────────────────────────────────────────
  2024-01-04   1     PLTR   BEARISH    0.20    16.38   16.38  +$0.00  +0.00%  LOSS    fallback_20pct
                            [BRE]              16.34   16.26  +$0.09  +0.55%  WIN     end_of_day
  2024-01-04   2     META   BEARISH    0.07   347.14  347.19  -$0.05  -0.01%  LOSS    fallback_20pct
                            [BRE]             346.59  347.14  -$0.56  -0.16%  LOSS    hard_stop
                                                              -$0.52  +0.09%  1W/3L  │  cap: +$22.26 (+0.22%)  portfolio: $10022.91
  ────────────────────────────────────────────────────────────────────────────────────────────────
  2024-01-05   1     ANAB   BEARISH    0.31    21.59   21.46  +$0.13  +0.60%  WIN     end_of_day
  2024-01-05   2     COIN   BEARISH    0.27   154.31  154.35  -$0.04  -0.03%  LOSS    hard_stop
                            [BRE]             153.90  154.45  -$0.55  -0.36%  LOSS    hard_stop
  2024-01-05   3     EXPE   BEARISH    0.23   146.10  146.12  -$0.02  -0.01%  LOSS    fallback_20pct
                            [BRE]             145.90  146.18  -$0.27  -0.19%  LOSS    hard_stop
                                                              -$0.75  +0.00%  1W/4L  │  cap: +$14.63 (+0.15%)  portfolio: $10037.54
  ────────────────────────────────────────────────────────────────────────────────────────────────
  2024-01-08   1     COIN   BULLISH    0.38   158.91  158.85  -$0.06  -0.04%  LOSS    hard_stop
  2024-01-08   2     EXPE   BULLISH    0.22   149.37  149.41  +$0.04  +0.03%  WIN     hard_stop
  2024-01-08   3     META   BULLISH    0.09   357.32  358.52  +$1.20  +0.34%  WIN     end_of_day
                                                              +$1.18  +0.11%  2W/1L  │  cap: +$5.63 (+0.06%)  portfolio: $10043.17
  ────────────────────────────────────────────────────────────────────────────────────────────────
  2024-01-09   1     EXPE   BULLISH    0.21   151.48  151.46  -$0.02  -0.01%  LOSS    fallback_20pct
  2024-01-09   2     RH     BULLISH    0.20   273.86  273.76  -$0.10  -0.04%  LOSS    fallback_20pct
  2024-01-09   3     NVDA   BULLISH    0.11   539.90  538.15  -$1.75  -0.32%  LOSS    fallback_20pct
                                                              -$1.87  -0.12%  0W/3L  │  cap: -$8.24 (-0.08%)  portfolio: $10034.94
  ────────────────────────────────────────────────────────────────────────────────────────────────
  2024-01-10   1     EXPE   BEARISH    0.23   152.73  151.83  +$0.90  +0.59%  WIN     end_of_day
  2024-01-10   2     FN     BEARISH    0.17   188.42  185.62  +$2.79  +1.48%  WIN     end_of_day
  2024-01-10   3     RH     BULLISH    0.13   274.24  273.65  -$0.58  -0.21%  LOSS    fallback_20pct
                                                              +$3.11  +0.62%  2W/1L  │  cap: +$69.66 (+0.70%)  portfolio: $10104.59
  ────────────────────────────────────────────────────────────────────────────────────────────────
  2024-01-11   1     ANAB   BULLISH    0.40    23.05   23.04  -$0.01  -0.04%  LOSS    hard_stop
  2024-01-11   2     FN     BULLISH    0.30   188.29  188.17  -$0.12  -0.06%  LOSS    fallback_20pct
  2024-01-11   3     RH     BULLISH    0.15   274.39  275.56  +$1.17  +0.43%  WIN     end_of_day
                                                              +$1.04  +0.11%  1W/2L  │  cap: +$4.45 (+0.04%)  portfolio: $10109.04
  ────────────────────────────────────────────────────────────────────────────────────────────────
  2024-01-12   1     ANAB   BEARISH    0.30    23.48   23.20  +$0.28  +1.19%  WIN     end_of_day
  2024-01-12   2     FN     BEARISH    0.22   187.53  187.54  -$0.01  -0.01%  LOSS    fallback_20pct
  2024-01-12   3     EXPE   BEARISH    0.16   148.54  148.55  -$0.01  -0.01%  LOSS    fallback_20pct
                            [BRE]             148.44  148.56  -$0.12  -0.08%  LOSS    hard_stop
                                                              +$0.14  +0.27%  1W/3L  │  cap: +$57.71 (+0.58%)  portfolio: $10166.75
  ────────────────────────────────────────────────────────────────────────────────────────────────
  2024-01-16   1     ANAB   BEARISH    0.31    22.20   22.21  +$0.00  +0.00%  LOSS    fallback_20pct
                            [BRE]              22.18   22.20  -$0.02  -0.09%  LOSS    hard_stop
  2024-01-16   2     FN     BEARISH    0.27   188.21  188.22  -$0.01  -0.01%  LOSS    hard_stop
  2024-01-16   3     PLTR   BEARISH    0.16    16.46   16.46  +$0.00  +0.00%  LOSS    hard_stop
                            [BRE]              16.43   16.46  -$0.03  -0.18%  LOSS    hard_stop
                                                              -$0.06  -0.06%  0W/5L  │  cap: -$8.32 (-0.08%)  portfolio: $10158.43
  ────────────────────────────────────────────────────────────────────────────────────────────────
  2024-01-18   1     NVDA   BULLISH    0.13   568.36  568.75  +$0.38  +0.07%  WIN     hard_stop
  2024-01-18   2     MU     BULLISH    0.12    84.82   84.80  -$0.02  -0.02%  LOSS    hard_stop
                                                              +$0.36  +0.02%  1W/1L  │  cap: +$2.64 (+0.03%)  portfolio: $10161.07
  ────────────────────────────────────────────────────────────────────────────────────────────────
  2024-01-19   1     PLTR   BULLISH    0.31    16.65   16.78  +$0.13  +0.78%  WIN     end_of_day
  2024-01-19   2     EXPE   BULLISH    0.22   148.50  148.46  -$0.04  -0.03%  LOSS    hard_stop
  2024-01-19   3     RH     BULLISH    0.16   258.74  258.70  -$0.04  -0.02%  LOSS    hard_stop
                                                              +$0.05  +0.25%  1W/2L  │  cap: +$37.92 (+0.38%)  portfolio: $10198.99
  ────────────────────────────────────────────────────────────────────────────────────────────────
  2024-01-22   1     COIN   BULLISH    0.52   125.39  128.16  +$2.77  +2.21%  WIN     end_of_day
  2024-01-22   2     EXPE   BEARISH    0.21   145.55  145.59  -$0.04  -0.03%  LOSS    fallback_20pct
  2024-01-22   3     RH     BEARISH    0.15   264.00  264.03  -$0.03  -0.01%  LOSS    hard_stop
                                                              +$2.70  +0.72%  1W/2L  │  cap: +$109.40 (+1.09%)  portfolio: $10308.39
  ────────────────────────────────────────────────────────────────────────────────────────────────
  2024-01-23   1     COIN   BEARISH    0.42   123.70  123.72  -$0.02  -0.02%  LOSS    fallback_20pct
  2024-01-23   2     ANAB   BEARISH    0.29    24.03   24.03  +$0.00  +0.00%  LOSS    hard_stop
                            [BRE]              23.97   24.03  -$0.06  -0.25%  LOSS    hard_stop
  2024-01-23   3     EXPE   BULLISH    0.17   148.04  148.49  +$0.45  +0.30%  WIN     end_of_day
                                                              +$0.37  +0.01%  1W/3L  │  cap: -$2.24 (-0.02%)  portfolio: $10306.15
  ────────────────────────────────────────────────────────────────────────────────────────────────
  2024-01-24   1     FN     BEARISH    0.31   208.18  207.25  +$0.93  +0.45%  WIN     end_of_day
  2024-01-24   2     ANAB   BEARISH    0.29    23.62   23.62  +$0.00  +0.00%  LOSS    hard_stop
  2024-01-24   3     RH     BEARISH    0.16   265.83  264.27  +$1.56  +0.59%  WIN     end_of_day
                                                              +$2.49  +0.34%  2W/1L  │  cap: +$34.07 (+0.34%)  portfolio: $10340.23
  ────────────────────────────────────────────────────────────────────────────────────────────────
  2024-01-25   1     ANAB   BEARISH    0.29    23.39   23.39  +$0.00  +0.00%  LOSS    fallback_20pct
  2024-01-25   2     NVDA   BULLISH    0.16   617.98  618.00  +$0.02  +0.00%  WIN     hard_stop
  2024-01-25   3     MU     BULLISH    0.12    89.05   89.05  +$0.00  +0.00%  LOSS    hard_stop
                                                              +$0.02  +0.00%  1W/2L  │  cap: +$0.10 (+0.00%)  portfolio: $10340.32
  ────────────────────────────────────────────────────────────────────────────────────────────────
  2024-01-26   1     FN     BEARISH    0.22   209.72  209.72  +$0.00  +0.00%  LOSS    fallback_20pct
                            [BRE]             209.38  209.08  +$0.30  +0.14%  WIN     end_of_day
  2024-01-26   2     RH     BEARISH    0.14   271.62  271.64  -$0.01  -0.00%  LOSS    hard_stop
                                                              +$0.29  +0.05%  1W/2L  │  cap: +$7.05 (+0.07%)  portfolio: $10347.38
  ────────────────────────────────────────────────────────────────────────────────────────────────
  2024-01-29   1     PLTR   BULLISH    0.49    16.86   17.11  +$0.25  +1.48%  WIN     end_of_day
  2024-01-29   2     RH     BULLISH    0.29   269.78  272.52  +$2.75  +1.02%  WIN     end_of_day
  2024-01-29   3     NVDA   BULLISH    0.20   621.52  624.79  +$3.27  +0.53%  WIN     end_of_day
                                                              +$6.27  +1.01%  3W/0L  │  cap: +$115.24 (+1.15%)  portfolio: $10462.62
  ────────────────────────────────────────────────────────────────────────────────────────────────
  2024-01-30   1     COIN   BEARISH    0.43   131.26  131.25  +$0.00  +0.00%  LOSS    hard_stop
  2024-01-30   2     PLTR   BULLISH    0.31    16.72   16.72  +$0.00  +0.00%  LOSS    fallback_20pct
  2024-01-30   3     NVDA   BULLISH    0.20   629.58  628.71  -$0.87  -0.14%  LOSS    fallback_20pct
                                                              -$0.87  -0.05%  0W/3L  │  cap: -$2.76 (-0.03%)  portfolio: $10459.86
  ────────────────────────────────────────────────────────────────────────────────────────────────
  2024-01-31   1     CVNA   BEARISH    1.37    43.96   44.14  -$0.18  -0.41%  LOSS    hard_stop
                            [BRE]              43.52   43.05  +$0.47  +1.08%  WIN     end_of_day
  2024-01-31   2     COIN   BEARISH    1.09   130.48  130.78  -$0.30  -0.23%  LOSS    hard_stop
                            [BRE]             130.31  128.09  +$2.22  +1.70%  WIN     end_of_day
  2024-01-31   3     PLTR   BEARISH    0.93    16.28   16.09  +$0.20  +1.23%  WIN     end_of_day
                                                              +$2.41  +0.67%  3W/2L  │  cap: +$102.31 (+1.02%)  portfolio: $10562.16
  ────────────────────────────────────────────────────────────────────────────────────────────────
  2024-02-02   1     EXPE   BEARISH    0.24   151.63  151.69  -$0.06  -0.04%  LOSS    fallback_20pct
                            [BRE]             151.38  151.03  +$0.35  +0.23%  WIN     end_of_day
  2024-02-02   2     NVDA   BULLISH    0.18   661.56  661.32  -$0.24  -0.04%  LOSS    fallback_20pct
  2024-02-02   3     MU     BULLISH    0.12    86.25   86.46  +$0.21  +0.24%  WIN     end_of_day
                                                              +$0.26  +0.10%  2W/2L  │  cap: +$13.36 (+0.13%)  portfolio: $10575.53
  ────────────────────────────────────────────────────────────────────────────────────────────────
  2024-02-05   1     TSLA   BEARISH    0.36   180.31  180.41  -$0.10  -0.06%  LOSS    hard_stop
  2024-02-05   2     FN     BEARISH    0.30   222.40  222.40  +$0.00  +0.00%  LOSS    fallback_20pct
                            [BRE]             222.19  222.40  -$0.21  -0.09%  LOSS    hard_stop
  2024-02-05   3     NVDA   BEARISH    0.29   687.71  688.16  -$0.45  -0.07%  LOSS    hard_stop
                                                              -$0.76  -0.05%  0W/4L  │  cap: -$6.92 (-0.07%)  portfolio: $10568.61
  ────────────────────────────────────────────────────────────────────────────────────────────────
  2024-02-06   1     PLTR   BULLISH    0.55    22.04   22.05  +$0.01  +0.05%  WIN     hard_stop
  2024-02-06   2     ANAB   BEARISH    0.24    24.06   24.07  +$0.00  +0.00%  LOSS    fallback_20pct
                            [BRE]              24.04   23.99  +$0.05  +0.21%  WIN     end_of_day
  2024-02-06   3     EXPE   BULLISH    0.23   154.07  154.03  -$0.04  -0.03%  LOSS    hard_stop
                                                              +$0.02  +0.06%  2W/2L  │  cap: +$7.99 (+0.08%)  portfolio: $10576.60
  ────────────────────────────────────────────────────────────────────────────────────────────────
  2024-02-07   1     ANAB   BEARISH    0.24    23.91   23.50  +$0.41  +1.71%  WIN     end_of_day
  2024-02-07   2     TSLA   BEARISH    0.23   188.50  188.57  -$0.07  -0.04%  LOSS    hard_stop
                            [BRE]             188.39  188.73  -$0.34  -0.18%  LOSS    hard_stop
  2024-02-07   3     APP    BULLISH    0.18    47.72   47.70  -$0.02  -0.04%  LOSS    fallback_20pct
                                                              -$0.02  +0.36%  1W/3L  │  cap: +$78.37 (+0.78%)  portfolio: $10654.97
  ────────────────────────────────────────────────────────────────────────────────────────────────
  2024-02-08   1     FN     BEARISH    0.60   198.54  195.90  +$2.64  +1.33%  WIN     end_of_day
  2024-02-08   2     PLTR   BEARISH    0.42    24.91   24.93  -$0.02  -0.08%  LOSS    hard_stop
                            [BRE]              24.88   24.52  +$0.36  +1.45%  WIN     end_of_day
  2024-02-08   3     ANAB   BEARISH    0.28    23.40   23.18  +$0.22  +0.94%  WIN     end_of_day
                                                              +$3.20  +0.91%  3W/1L  │  cap: +$126.29 (+1.26%)  portfolio: $10781.26
  ────────────────────────────────────────────────────────────────────────────────────────────────
  2024-02-09   1     ANAB   BEARISH    0.28    23.10   23.10  +$0.00  +0.00%  LOSS    fallback_20pct
                            [BRE]              23.06   23.06  +$0.00  +0.00%  LOSS    end_of_day
  2024-02-09   2     NVDA   BEARISH    0.17   718.29  718.39  -$0.10  -0.01%  LOSS    hard_stop
  2024-02-09   3     META   BEARISH    0.12   469.69  469.79  -$0.10  -0.02%  LOSS    hard_stop
                            [BRE]             469.09  467.88  +$1.21  +0.26%  WIN     end_of_day
                                                              +$1.01  +0.04%  1W/4L  │  cap: +$4.32 (+0.04%)  portfolio: $10785.57
  ────────────────────────────────────────────────────────────────────────────────────────────────
  2024-02-12   1     EXPE   BEARISH    0.29   134.62  134.72  -$0.10  -0.07%  LOSS    fallback_20pct
                            [BRE]             134.43  133.57  +$0.86  +0.64%  WIN     end_of_day
  2024-02-12   2     RH     BEARISH    0.20   275.87  275.92  -$0.05  -0.02%  LOSS    fallback_20pct
  2024-02-12   3     NVDA   BULLISH    0.17   722.51  722.98  +$0.47  +0.07%  WIN     hard_stop
                                                              +$1.18  +0.15%  2W/2L  │  cap: +$29.03 (+0.29%)  portfolio: $10814.60
  ────────────────────────────────────────────────────────────────────────────────────────────────
  2024-02-13   1     PLTR   BEARISH    0.57    23.95   23.99  -$0.04  -0.17%  LOSS    fallback_20pct
                            [BRE]              23.90   24.01  -$0.11  -0.46%  LOSS    end_of_day
  2024-02-13   2     ANAB   BEARISH    0.51    22.00   22.02  -$0.02  -0.09%  LOSS    hard_stop
  2024-02-13   3     FN     BEARISH    0.38   193.08  193.09  -$0.01  -0.01%  LOSS    hard_stop
                            [BRE]             193.06  193.08  -$0.03  -0.02%  LOSS    hard_stop
                                                              -$0.21  -0.15%  0W/5L  │  cap: -$34.50 (-0.35%)  portfolio: $10780.10
  ────────────────────────────────────────────────────────────────────────────────────────────────
  2024-02-14   1     PLTR   BULLISH    0.30    25.30   25.29  -$0.01  -0.04%  LOSS    fallback_20pct
  2024-02-14   2     COIN   BULLISH    0.30   159.80  159.88  +$0.08  +0.05%  WIN     hard_stop
  2024-02-14   3     TSLA   BULLISH    0.12   187.11  189.35  +$2.24  +1.20%  WIN     end_of_day
                                                              +$2.31  +0.40%  2W/1L  │  cap: +$23.47 (+0.23%)  portfolio: $10803.57
  ────────────────────────────────────────────────────────────────────────────────────────────────
  2024-02-15   1     PLTR   BEARISH    0.35    25.32   25.32  +$0.00  +0.00%  LOSS    hard_stop
                            [BRE]              25.29   25.35  -$0.06  -0.24%  LOSS    hard_stop
  2024-02-15   2     APP    BULLISH    0.28    58.31   58.26  -$0.05  -0.09%  LOSS    fallback_20pct
  2024-02-15   3     RH     BEARISH    0.21   273.50  273.56  -$0.06  -0.02%  LOSS    hard_stop
                            [BRE]             273.48  273.50  -$0.02  -0.01%  LOSS    hard_stop
                                                              -$0.19  -0.07%  0W/5L  │  cap: -$15.02 (-0.15%)  portfolio: $10788.55
  ────────────────────────────────────────────────────────────────────────────────────────────────
  2024-02-16   1     FN     BEARISH    0.47   197.36  197.42  -$0.05  -0.03%  LOSS    fallback_20pct
                            [BRE]             196.78  196.51  +$0.27  +0.14%  WIN     end_of_day
  2024-02-16   2     PLTR   BEARISH    0.37    24.46   24.47  -$0.01  -0.04%  LOSS    fallback_20pct
                            [BRE]              24.40   24.45  -$0.05  -0.20%  LOSS    end_of_day
  2024-02-16   3     ANAB   BEARISH    0.35    24.50   24.14  +$0.36  +1.47%  WIN     end_of_day
                                                              +$0.52  +0.27%  2W/3L  │  cap: +$27.61 (+0.28%)  portfolio: $10816.16
  ────────────────────────────────────────────────────────────────────────────────────────────────
  2024-02-20   1     ANAB   BEARISH    0.32    23.86   23.86  +$0.00  +0.00%  LOSS    hard_stop
                                                              +$0.00  +0.00%  0W/1L  │  cap: +$0.00 (+0.00%)  portfolio: $10816.16
  ────────────────────────────────────────────────────────────────────────────────────────────────
  2024-02-21   1     FN     BEARISH    0.48   185.68  185.75  -$0.07  -0.04%  LOSS    hard_stop
  2024-02-21   2     CVNA   BEARISH    0.33    48.56   48.59  -$0.02  -0.04%  LOSS    hard_stop
  2024-02-21   3     NVDA   BEARISH    0.27   665.64  665.87  -$0.23  -0.03%  LOSS    hard_stop
                                                              -$0.32  -0.04%  0W/3L  │  cap: -$3.81 (-0.04%)  portfolio: $10812.34
  ────────────────────────────────────────────────────────────────────────────────────────────────
  2024-02-22   1     FN     BEARISH    0.40   201.72  201.74  -$0.02  -0.01%  LOSS    fallback_20pct
                            [BRE]             201.69  201.78  -$0.09  -0.04%  LOSS    hard_stop
  2024-02-22   2     ANAB   BEARISH    0.35    25.16   25.16  -$0.01  -0.04%  LOSS    hard_stop
  2024-02-22   3     TSLA   BULLISH    0.26   197.38  197.27  -$0.10  -0.05%  LOSS    fallback_20pct
                                                              -$0.22  -0.04%  0W/4L  │  cap: -$4.93 (-0.05%)  portfolio: $10807.41
  ────────────────────────────────────────────────────────────────────────────────────────────────
  2024-02-23   1     CVNA   BULLISH    0.37    70.40   70.41  +$0.02  +0.03%  WIN     hard_stop
  2024-02-23   2     ANAB   BULLISH    0.36    25.94   25.94  +$0.00  +0.00%  LOSS    fallback_20pct
  2024-02-23   3     APP    BULLISH    0.17    57.61   57.49  -$0.12  -0.21%  LOSS    fallback_20pct
                                                              -$0.10  -0.06%  1W/2L  │  cap: -$2.75 (-0.03%)  portfolio: $10804.67
  ────────────────────────────────────────────────────────────────────────────────────────────────
  2024-02-26   1     PLTR   BEARISH    0.30    23.68   23.68  -$0.01  -0.04%  LOSS    fallback_20pct
                            [BRE]              23.64   23.56  +$0.08  +0.34%  WIN     end_of_day
  2024-02-26   2     RH     BEARISH    0.21   253.84  253.86  -$0.02  -0.01%  LOSS    hard_stop
                            [BRE]             253.68  253.84  -$0.16  -0.06%  LOSS    hard_stop
  2024-02-26   3     TSLA   BEARISH    0.20   198.92  198.96  -$0.04  -0.02%  LOSS    hard_stop
                                                              -$0.15  +0.04%  1W/4L  │  cap: +$12.28 (+0.12%)  portfolio: $10816.94
  ────────────────────────────────────────────────────────────────────────────────────────────────
  2024-02-27   1     FN     BEARISH    0.40   202.77  202.75  +$0.02  +0.01%  WIN     trailing_stop_ma20
  2024-02-27   2     ANAB   BEARISH    0.33    26.31   26.31  +$0.00  +0.00%  LOSS    fallback_20pct
  2024-02-27   3     RH     BEARISH    0.21   265.32  265.32  +$0.00  +0.00%  LOSS    hard_stop
                                                              +$0.02  +0.00%  1W/2L  │  cap: +$0.49 (+0.00%)  portfolio: $10817.44
  ────────────────────────────────────────────────────────────────────────────────────────────────
  2024-02-28   1     FN     BEARISH    0.45   204.80  204.92  -$0.12  -0.06%  LOSS    fallback_20pct
                            [BRE]             204.33  203.86  +$0.47  +0.23%  WIN     end_of_day
  2024-02-28   2     PLTR   BULLISH    0.40    24.52   24.50  -$0.01  -0.04%  LOSS    fallback_20pct
  2024-02-28   3     CVNA   BEARISH    0.33    75.89   75.90  -$0.02  -0.03%  LOSS    trailing_stop_ma20
                                                              +$0.32  +0.03%  1W/3L  │  cap: +$6.82 (+0.07%)  portfolio: $10824.26
  ────────────────────────────────────────────────────────────────────────────────────────────────
  2024-02-29   1     PLTR   BULLISH    0.35    24.78   24.78  +$0.00  +0.00%  LOSS    hard_stop
  2024-02-29   2     ANAB   BEARISH    0.31    25.39   25.39  +$0.00  +0.00%  LOSS    fallback_20pct
  2024-02-29   3     RH     BEARISH    0.20   271.88  271.88  +$0.00  +0.00%  LOSS    hard_stop
                            [BRE]             271.67  271.88  -$0.20  -0.07%  LOSS    hard_stop
                                                              -$0.20  -0.02%  0W/4L  │  cap: -$1.47 (-0.01%)  portfolio: $10822.79
  ────────────────────────────────────────────────────────────────────────────────────────────────
  2024-03-01   1     COIN   BEARISH    0.49   204.18  204.27  -$0.09  -0.04%  LOSS    hard_stop
                            [BRE]             204.15  204.49  -$0.34  -0.17%  LOSS    hard_stop
  2024-03-01   2     ANAB   BEARISH    0.31    25.33   25.33  +$0.00  +0.00%  LOSS    fallback_20pct
                            [BRE]              25.32   25.33  -$0.01  -0.04%  LOSS    hard_stop
  2024-03-01   3     CVNA   BULLISH    0.25    81.04   81.02  -$0.02  -0.02%  LOSS    fallback_20pct
                                                              -$0.46  -0.05%  0W/5L  │  cap: -$12.21 (-0.12%)  portfolio: $10810.58
  ────────────────────────────────────────────────────────────────────────────────────────────────
  2024-03-04   1     COIN   BULLISH    0.48   234.32  234.37  +$0.05  +0.02%  WIN     hard_stop
  2024-03-04   2     ANAB   BEARISH    0.39    26.40   26.40  +$0.00  +0.00%  LOSS    hard_stop
                            [BRE]              26.22   26.17  +$0.05  +0.19%  WIN     end_of_day
  2024-03-04   3     FN     BEARISH    0.33   222.78  221.78  +$1.00  +0.45%  WIN     end_of_day
                                                              +$1.10  +0.17%  3W/1L  │  cap: +$15.77 (+0.16%)  portfolio: $10826.34
  ────────────────────────────────────────────────────────────────────────────────────────────────
  2024-03-05   1     FN     BEARISH    0.29   219.34  219.35  -$0.01  -0.00%  LOSS    fallback_20pct
                            [BRE]             218.76  219.34  -$0.58  -0.27%  LOSS    hard_stop
  2024-03-05   2     RH     BEARISH    0.20   267.71  267.71  +$0.00  +0.00%  LOSS    fallback_20pct
                            [BRE]             267.26  267.71  -$0.46  -0.17%  LOSS    hard_stop
  2024-03-05   3     FANG   BEARISH    0.07   180.81  180.11  +$0.70  +0.39%  WIN     end_of_day
                                                              -$0.35  -0.01%  1W/4L  │  cap: -$10.91 (-0.11%)  portfolio: $10815.44
  ────────────────────────────────────────────────────────────────────────────────────────────────
  2024-03-06   1     RH     BEARISH    0.29   270.51  270.62  -$0.11  -0.04%  LOSS    fallback_20pct
                            [BRE]             270.47  270.64  -$0.17  -0.06%  LOSS    end_of_day
  2024-03-06   2     CVNA   BEARISH    0.22    78.37   78.40  -$0.03  -0.04%  LOSS    fallback_20pct
                            [BRE]              78.35   78.44  -$0.09  -0.11%  LOSS    hard_stop
  2024-03-06   3     FANG   BEARISH    0.09   180.39  180.40  -$0.01  -0.01%  LOSS    hard_stop
                            [BRE]             180.32  180.44  -$0.12  -0.07%  LOSS    hard_stop
                                                              -$0.53  -0.05%  0W/6L  │  cap: -$11.21 (-0.11%)  portfolio: $10804.22
  ────────────────────────────────────────────────────────────────────────────────────────────────
  2024-03-07   1     ANAB   BEARISH    0.42    24.94   24.63  +$0.30  +1.20%  WIN     end_of_day
  2024-03-07   2     FN     BEARISH    0.41   221.51  221.04  +$0.47  +0.21%  WIN     end_of_day
  2024-03-07   3     TSLA   BEARISH    0.30   178.96  179.06  -$0.10  -0.06%  LOSS    hard_stop
                            [BRE]             178.87  178.58  +$0.29  +0.16%  WIN     end_of_day
                                                              +$0.96  +0.38%  3W/1L  │  cap: +$68.63 (+0.69%)  portfolio: $10872.86
  ────────────────────────────────────────────────────────────────────────────────────────────────
  2024-03-08   1     ANAB   BEARISH    0.39    24.76   24.76  +$0.00  +0.00%  LOSS    hard_stop
  2024-03-08   2     FN     BEARISH    0.32   217.18  214.57  +$2.61  +1.20%  WIN     end_of_day
                                                              +$2.61  +0.60%  1W/1L  │  cap: +$36.05 (+0.36%)  portfolio: $10908.91
  ────────────────────────────────────────────────────────────────────────────────────────────────
  2024-03-11   1     COIN   BEARISH    0.46   264.02  264.22  -$0.20  -0.08%  LOSS    fallback_20pct
                            [BRE]             262.29  254.17  +$8.12  +3.10%  WIN     end_of_day
  2024-03-11   2     ANAB   BEARISH    0.39    23.85   23.85  +$0.00  +0.00%  LOSS    fallback_20pct
                            [BRE]              23.67   23.39  +$0.28  +1.18%  WIN     end_of_day
  2024-03-11   3     MU     BEARISH    0.11    94.02   94.03  -$0.01  -0.01%  LOSS    fallback_20pct
                                                              +$8.19  +0.84%  2W/3L  │  cap: +$186.28 (+1.86%)  portfolio: $11095.19
  ────────────────────────────────────────────────────────────────────────────────────────────────
  2024-03-12   1     RH     BEARISH    0.21   284.45  284.45  +$0.00  +0.00%  LOSS    fallback_20pct
  2024-03-12   2     TSLA   BULLISH    0.20   178.85  178.78  -$0.07  -0.04%  LOSS    fallback_20pct
  2024-03-12   3     NVDA   BULLISH    0.17   904.27  918.92 +$14.65  +1.62%  WIN     end_of_day
                                                             +$14.58  +0.53%  1W/2L  │  cap: +$31.23 (+0.31%)  portfolio: $11126.42
  ────────────────────────────────────────────────────────────────────────────────────────────────
  2024-03-13   1     ANAB   BEARISH    0.43    25.15   25.16  -$0.01  -0.04%  LOSS    fallback_20pct
                            [BRE]              25.07   24.75  +$0.32  +1.28%  WIN     end_of_day
  2024-03-13   2     RH     BEARISH    0.22   306.56  302.98  +$3.58  +1.17%  WIN     end_of_day
                                                              +$3.89  +0.80%  2W/1L  │  cap: +$96.87 (+0.97%)  portfolio: $11223.29
  ────────────────────────────────────────────────────────────────────────────────────────────────
  2024-03-14   1     ANAB   BEARISH    0.40    23.52   23.52  +$0.00  +0.00%  LOSS    hard_stop
  2024-03-14   2     PLTR   BEARISH    0.33    24.25   24.25  +$0.00  +0.00%  LOSS    hard_stop
                            [BRE]              24.22   24.26  -$0.05  -0.21%  LOSS    hard_stop
  2024-03-14   3     RH     BEARISH    0.26   289.63  289.64  -$0.01  -0.00%  LOSS    hard_stop
                                                              -$0.06  -0.05%  0W/4L  │  cap: -$6.26 (-0.06%)  portfolio: $11217.02
  ────────────────────────────────────────────────────────────────────────────────────────────────
  2024-03-15   1     ANAB   BEARISH    0.44    23.46   23.47  +$0.00  +0.00%  LOSS    fallback_20pct
                            [BRE]              23.46   23.46  +$0.00  +0.00%  LOSS    end_of_day
  2024-03-15   2     RH     BEARISH    0.26   290.89  290.49  +$0.40  +0.14%  WIN     trailing_stop_ma20
  2024-03-15   3     EXPE   BEARISH    0.11   133.37  133.38  -$0.01  -0.01%  LOSS    hard_stop
                                                              +$0.39  +0.03%  1W/3L  │  cap: +$3.98 (+0.04%)  portfolio: $11221.00
  ────────────────────────────────────────────────────────────────────────────────────────────────
  2024-03-18   1     FN     BEARISH    0.26   199.08  198.10  +$0.98  +0.49%  WIN     end_of_day
  2024-03-18   2     RH     BEARISH    0.21   282.44  282.44  +$0.00  +0.00%  LOSS    fallback_20pct
                            [BRE]             280.68  279.56  +$1.12  +0.40%  WIN     end_of_day
  2024-03-18   3     EXPE   BEARISH    0.11   134.22  134.23  -$0.01  -0.01%  LOSS    fallback_20pct
                            [BRE]             134.21  133.19  +$1.02  +0.76%  WIN     end_of_day
                                                              +$3.11  +0.33%  3W/2L  │  cap: +$51.64 (+0.52%)  portfolio: $11272.63
  ────────────────────────────────────────────────────────────────────────────────────────────────
  2024-03-19   1     COIN   BEARISH    0.50   230.00  230.13  -$0.13  -0.06%  LOSS    hard_stop
  2024-03-19   2     NVDA   BEARISH    0.38   893.78  893.61  +$0.17  +0.02%  WIN     trailing_stop_ma20
  2024-03-19   3     APP    BEARISH    0.38    67.41   67.46  -$0.05  -0.07%  LOSS    hard_stop
                                                              -$0.01  -0.04%  1W/2L  │  cap: -$3.74 (-0.04%)  portfolio: $11268.89
  ────────────────────────────────────────────────────────────────────────────────────────────────
  2024-03-20   1     APP    BULLISH    0.32    70.70   70.66  -$0.04  -0.06%  LOSS    hard_stop
  2024-03-20   2     EXPE   BULLISH    0.16   138.12  138.02  -$0.10  -0.07%  LOSS    fallback_20pct
  2024-03-20   3     MU     BULLISH    0.16    95.23   96.33  +$1.10  +1.16%  WIN     end_of_day
                                                              +$0.96  +0.34%  1W/2L  │  cap: +$18.10 (+0.18%)  portfolio: $11287.00
  ────────────────────────────────────────────────────────────────────────────────────────────────
  2024-03-21   1     ANAB   BULLISH    0.43    24.49   24.49  +$0.00  +0.00%  LOSS    hard_stop
  2024-03-21   2     CVNA   BEARISH    0.42    88.21   88.32  -$0.11  -0.12%  LOSS    fallback_20pct
                            [BRE]              88.04   87.77  +$0.27  +0.31%  WIN     end_of_day
  2024-03-21   3     FN     BEARISH    0.29   206.22  206.26  -$0.04  -0.02%  LOSS    hard_stop
                                                              +$0.12  +0.04%  1W/3L  │  cap: +$5.07 (+0.05%)  portfolio: $11292.07
  ────────────────────────────────────────────────────────────────────────────────────────────────
  2024-03-22   1     ANAB   BEARISH    0.43    22.75   21.68  +$1.07  +4.70%  WIN     end_of_day
  2024-03-22   2     COIN   BEARISH    0.43   256.38  256.25  +$0.13  +0.05%  WIN     trailing_stop_ma20
  2024-03-22   3     PLTR   BEARISH    0.27    24.14   24.15  +$0.00  +0.00%  LOSS    fallback_20pct
                            [BRE]              24.09   24.16  -$0.07  -0.29%  LOSS    hard_stop
                                                              +$1.13  +1.12%  2W/2L  │  cap: +$230.87 (+2.31%)  portfolio: $11522.94
  ────────────────────────────────────────────────────────────────────────────────────────────────
  2024-03-25   1     ANAB   BEARISH    0.62    21.30   21.30  +$0.00  +0.00%  LOSS    hard_stop
                            [BRE]              21.09   21.08  +$0.00  +0.00%  LOSS    end_of_day
  2024-03-25   2     PLTR   BULLISH    0.24    24.59   24.59  +$0.00  +0.00%  LOSS    fallback_20pct
  2024-03-25   3     MU     BEARISH    0.23   118.47  117.12  +$1.35  +1.14%  WIN     end_of_day
                                                              +$1.35  +0.28%  1W/3L  │  cap: +$22.79 (+0.23%)  portfolio: $11545.73
  ────────────────────────────────────────────────────────────────────────────────────────────────
  2024-03-26   1     CVNA   BEARISH    0.34    92.39   92.47  -$0.08  -0.09%  LOSS    fallback_20pct
                            [BRE]              92.28   90.83  +$1.45  +1.57%  WIN     end_of_day
  2024-03-26   2     PLTR   BEARISH    0.31    25.14   24.88  +$0.26  +1.03%  WIN     end_of_day
  2024-03-26   3     TSLA   BEARISH    0.30   179.01  179.10  -$0.09  -0.05%  LOSS    fallback_20pct
                            [BRE]             178.92  177.70  +$1.22  +0.68%  WIN     end_of_day
                                                              +$2.76  +0.63%  3W/2L  │  cap: +$117.89 (+1.18%)  portfolio: $11663.63
  ────────────────────────────────────────────────────────────────────────────────────────────────
  2024-03-27   1     ANAB   BEARISH    0.60    21.25   21.25  +$0.00  +0.00%  LOSS    fallback_20pct
                            [BRE]              21.15   21.25  -$0.10  -0.47%  LOSS    hard_stop
  2024-03-27   2     FN     BEARISH    0.25   189.21  189.22  -$0.01  -0.01%  LOSS    fallback_20pct
  2024-03-27   3     CVNA   BEARISH    0.22    89.40   89.42  -$0.02  -0.02%  LOSS    fallback_20pct
                            [BRE]              89.00   89.46  -$0.46  -0.52%  LOSS    hard_stop
                                                              -$0.59  -0.20%  0W/5L  │  cap: -$34.58 (-0.35%)  portfolio: $11629.04
  ────────────────────────────────────────────────────────────────────────────────────────────────
  2024-03-28   1     FN     BEARISH    0.36   189.24  188.95  +$0.30  +0.16%  WIN     end_of_day
  2024-03-28   2     COIN   BEARISH    0.34   265.77  265.00  +$0.77  +0.29%  WIN     end_of_day
  2024-03-28   3     TSLA   BEARISH    0.27   176.24  176.29  -$0.05  -0.03%  LOSS    hard_stop
                            [BRE]             176.06  175.72  +$0.34  +0.19%  WIN     end_of_day
                                                              +$1.36  +0.15%  3W/1L  │  cap: +$19.91 (+0.20%)  portfolio: $11648.96
  ────────────────────────────────────────────────────────────────────────────────────────────────
  2024-04-01   1     APP    BEARISH    0.27    68.88   68.90  -$0.02  -0.03%  LOSS    hard_stop
                            [BRE]              68.81   68.96  -$0.14  -0.20%  LOSS    hard_stop
  2024-04-01   2     SHOP   BULLISH    0.20    78.31   78.28  -$0.02  -0.03%  LOSS    hard_stop
  2024-04-01   3     RH     BULLISH    0.20   337.32  337.27  -$0.05  -0.01%  LOSS    hard_stop
                                                              -$0.23  -0.07%  0W/4L  │  cap: -$12.69 (-0.13%)  portfolio: $11636.27
  ────────────────────────────────────────────────────────────────────────────────────────────────
  2024-04-03   1     ANAB   BEARISH    0.60    20.58   20.58  +$0.00  +0.00%  LOSS    fallback_20pct
  2024-04-03   2     COIN   BEARISH    0.30   252.12  252.15  -$0.03  -0.01%  LOSS    fallback_20pct
                            [BRE]             251.32  251.88  -$0.56  -0.22%  LOSS    trailing_stop_ma20
  2024-04-03   3     APP    BEARISH    0.29    73.10   72.84  +$0.26  +0.36%  WIN     end_of_day
                                                              -$0.33  +0.03%  1W/3L  │  cap: +$0.07 (+0.00%)  portfolio: $11636.34
  ────────────────────────────────────────────────────────────────────────────────────────────────
  2024-04-04   1     ANAB   BEARISH    0.69    21.62   21.35  +$0.27  +1.25%  WIN     end_of_day
  2024-04-04   2     AMD    BEARISH    0.52   168.37  168.66  -$0.28  -0.17%  LOSS    fallback_20pct
                            [BRE]             168.06  165.88  +$2.18  +1.30%  WIN     end_of_day
  2024-04-04   3     NVDA   BEARISH    0.50   867.89  868.37  -$0.48  -0.06%  LOSS    fallback_20pct
                            [BRE]             864.75  858.97  +$5.78  +0.67%  WIN     end_of_day
                                                              +$7.47  +0.60%  3W/2L  │  cap: +$108.63 (+1.09%)  portfolio: $11744.97
  ────────────────────────────────────────────────────────────────────────────────────────────────
  2024-04-05   1     ANAB   BEARISH    0.56    21.09   21.09  +$0.00  +0.00%  LOSS    fallback_20pct
                            [BRE]              21.06   21.06  +$0.00  +0.00%  LOSS    end_of_day
  2024-04-05   2     FN     BEARISH    0.19   187.38  187.39  -$0.01  -0.01%  LOSS    hard_stop
  2024-04-05   3     SHOP   BEARISH    0.14    75.13   75.14  -$0.01  -0.01%  LOSS    hard_stop
                            [BRE]              75.11   75.14  -$0.03  -0.04%  LOSS    hard_stop
                                                              -$0.05  -0.01%  0W/5L  │  cap: -$1.23 (-0.01%)  portfolio: $11743.74
  ────────────────────────────────────────────────────────────────────────────────────────────────
  2024-04-08   1     ANAB   BEARISH    0.58    21.00   21.00  +$0.00  +0.00%  LOSS    fallback_20pct
                            [BRE]              20.86   20.68  +$0.18  +0.86%  WIN     end_of_day
  2024-04-08   2     MU     BEARISH    0.29   122.90  122.94  -$0.04  -0.03%  LOSS    hard_stop
                            [BRE]             122.81  123.00  -$0.19  -0.15%  LOSS    end_of_day
  2024-04-08   3     CVNA   BEARISH    0.22    83.45   83.45  +$0.00  +0.00%  LOSS    fallback_20pct
                            [BRE]              83.36   82.68  +$0.68  +0.82%  WIN     end_of_day
                                                              +$0.63  +0.25%  2W/4L  │  cap: +$53.84 (+0.54%)  portfolio: $11797.59
  ────────────────────────────────────────────────────────────────────────────────────────────────
  2024-04-09   1     COIN   BEARISH    0.41   243.84  243.80  +$0.04  +0.02%  WIN     hard_stop
                            [BRE]             243.02  243.02  +$0.00  +0.00%  LOSS    end_of_day
  2024-04-09   2     CVNA   BEARISH    0.36    82.77   82.78  -$0.01  -0.01%  LOSS    hard_stop
  2024-04-09   3     NVDA   BEARISH    0.34   843.34  843.47  -$0.12  -0.01%  LOSS    hard_stop
                                                              -$0.09  -0.00%  1W/3L  │  cap: +$0.17 (+0.00%)  portfolio: $11797.76
  ────────────────────────────────────────────────────────────────────────────────────────────────
  2024-04-10   1     NVDA   BEARISH    0.42   864.67  865.05  -$0.38  -0.04%  LOSS    hard_stop
  2024-04-10   2     PLTR   BEARISH    0.36    22.28   22.30  -$0.02  -0.09%  LOSS    fallback_20pct
  2024-04-10   3     RH     BEARISH    0.30   260.40  260.53  -$0.13  -0.05%  LOSS    fallback_20pct
                            [BRE]             260.11  260.73  -$0.62  -0.24%  LOSS    hard_stop
                                                              -$1.15  -0.11%  0W/4L  │  cap: -$10.66 (-0.11%)  portfolio: $11787.10
  ────────────────────────────────────────────────────────────────────────────────────────────────
  2024-04-11   1     NVDA   BULLISH    0.36   899.12  899.56  +$0.43  +0.05%  WIN     trailing_stop_ma20
  2024-04-11   2     MU     BULLISH    0.26   126.38  127.52  +$1.14  +0.90%  WIN     end_of_day
  2024-04-11   3     FN     BEARISH    0.21   177.36  177.41  -$0.04  -0.02%  LOSS    fallback_20pct
                            [BRE]             177.28  177.48  -$0.20  -0.11%  LOSS    hard_stop
                                                              +$1.33  +0.20%  2W/2L  │  cap: +$26.75 (+0.27%)  portfolio: $11813.85
  ────────────────────────────────────────────────────────────────────────────────────────────────
  2024-04-12   1     ANAB   BEARISH    0.93    22.61   22.64  -$0.03  -0.13%  LOSS    fallback_20pct
                            [BRE]              22.55   22.68  -$0.13  -0.58%  LOSS    hard_stop
  2024-04-12   2     CVNA   BEARISH    0.24    74.54   74.55  -$0.01  -0.01%  LOSS    fallback_20pct
                            [BRE]              74.49   74.56  -$0.07  -0.09%  LOSS    hard_stop
  2024-04-12   3     FANG   BEARISH    0.12   205.78  205.78  +$0.00  +0.00%  LOSS    hard_stop
                                                              -$0.24  -0.16%  0W/5L  │  cap: -$38.68 (-0.39%)  portfolio: $11775.17
  ────────────────────────────────────────────────────────────────────────────────────────────────
  2024-04-15   1     ANAB   BEARISH    0.65    21.22   21.22  +$0.00  +0.00%  LOSS    hard_stop
  2024-04-15   2     COIN   BEARISH    0.53   226.86  227.11  -$0.25  -0.11%  LOSS    fallback_20pct
                            [BRE]             226.68  227.49  -$0.81  -0.36%  LOSS    hard_stop
  2024-04-15   3     NVDA   BEARISH    0.44   864.71  865.11  -$0.40  -0.05%  LOSS    hard_stop
                                                              -$1.46  -0.13%  0W/4L  │  cap: -$14.95 (-0.15%)  portfolio: $11760.22
  ────────────────────────────────────────────────────────────────────────────────────────────────
  2024-04-16   1     CVNA   BEARISH    0.47    70.22   70.30  -$0.08  -0.11%  LOSS    fallback_20pct
                            [BRE]              70.01   70.41  -$0.40  -0.57%  LOSS    hard_stop
  2024-04-16   2     PLTR   BEARISH    0.26    21.81   21.82  -$0.01  -0.05%  LOSS    fallback_20pct
  2024-04-16   3     FN     BEARISH    0.23   172.68  172.74  -$0.06  -0.03%  LOSS    fallback_20pct
                            [BRE]             172.47  172.66  -$0.19  -0.11%  LOSS    trailing_stop_ma20
                                                              -$0.74  -0.18%  0W/5L  │  cap: -$38.54 (-0.39%)  portfolio: $11721.68
  ────────────────────────────────────────────────────────────────────────────────────────────────
  2024-04-17   1     NVDA   BEARISH    0.44   845.90  846.35  -$0.45  -0.05%  LOSS    fallback_20pct
                            [BRE]             845.72  847.23  -$1.51  -0.18%  LOSS    hard_stop
  2024-04-17   2     COIN   BEARISH    0.35   211.36  211.52  -$0.16  -0.08%  LOSS    fallback_20pct
  2024-04-17   3     MU     BEARISH    0.33   116.81  116.87  -$0.06  -0.05%  LOSS    fallback_20pct
                            [BRE]             116.57  116.95  -$0.38  -0.33%  LOSS    hard_stop
                                                              -$2.56  -0.14%  0W/5L  │  cap: -$21.41 (-0.21%)  portfolio: $11700.27
  ────────────────────────────────────────────────────────────────────────────────────────────────
  2024-04-18   1     MU     BEARISH    0.30   112.77  112.76  +$0.01  +0.01%  WIN     hard_stop
  2024-04-18   2     RH     BEARISH    0.19   245.36  245.36  +$0.00  +0.00%  LOSS    hard_stop
                            [BRE]             245.26  245.06  +$0.20  +0.08%  WIN     end_of_day
                                                              +$0.21  +0.03%  2W/1L  │  cap: +$2.89 (+0.03%)  portfolio: $11703.16
  ────────────────────────────────────────────────────────────────────────────────────────────────
  2024-04-19   1     ANAB   BEARISH    0.75    19.20   19.20  -$0.01  -0.05%  LOSS    fallback_20pct
  2024-04-19   2     COIN   BEARISH    0.23   212.27  212.30  -$0.03  -0.01%  LOSS    hard_stop
                            [BRE]             212.22  210.89  +$1.33  +0.63%  WIN     end_of_day
  2024-04-19   3     RH     BEARISH    0.19   239.56  239.56  +$0.00  +0.00%  LOSS    hard_stop
                            [BRE]             239.26  239.56  -$0.30  -0.13%  LOSS    hard_stop
                                                              +$0.99  +0.09%  1W/4L  │  cap: +$13.27 (+0.13%)  portfolio: $11716.43
  ────────────────────────────────────────────────────────────────────────────────────────────────
  2024-04-22   1     FANG   BEARISH    0.08   202.96  203.00  -$0.04  -0.02%  LOSS    fallback_20pct
                            [BRE]             202.86  202.56  +$0.31  +0.15%  WIN     end_of_day
                                                              +$0.27  +0.07%  1W/1L  │  cap: +$6.66 (+0.07%)  portfolio: $11723.08
  ────────────────────────────────────────────────────────────────────────────────────────────────
  2024-04-23   1     NVDA   BEARISH    0.47   820.65  821.30  -$0.65  -0.08%  LOSS    fallback_20pct
  2024-04-23   2     COIN   BEARISH    0.36   235.18  235.36  -$0.18  -0.08%  LOSS    fallback_20pct
  2024-04-23   3     AMD    BEARISH    0.30   152.80  152.87  -$0.07  -0.05%  LOSS    hard_stop
                            [BRE]             152.59  152.23  +$0.36  +0.24%  WIN     end_of_day
                                                              -$0.54  +0.01%  1W/3L  │  cap: -$2.45 (-0.02%)  portfolio: $11720.63
  ────────────────────────────────────────────────────────────────────────────────────────────────
  2024-04-24   1     ANAB   BEARISH    0.75    18.86   18.87  -$0.01  -0.05%  LOSS    fallback_20pct
  2024-04-24   2     COIN   BEARISH    0.26   224.41  224.48  -$0.07  -0.03%  LOSS    fallback_20pct
  2024-04-24   3     APP    BEARISH    0.23    68.82   68.84  -$0.02  -0.03%  LOSS    hard_stop
                                                              -$0.10  -0.04%  0W/3L  │  cap: -$4.17 (-0.04%)  portfolio: $11716.46
  ────────────────────────────────────────────────────────────────────────────────────────────────
  2024-04-25   1     CVNA   BULLISH    0.42    76.71   76.69  -$0.02  -0.03%  LOSS    fallback_20pct
  2024-04-25   2     NVDA   BULLISH    0.39   830.48  830.10  -$0.38  -0.05%  LOSS    fallback_20pct
  2024-04-25   3     MU     BULLISH    0.31   112.33  112.29  -$0.04  -0.04%  LOSS    hard_stop
                                                              -$0.44  -0.04%  0W/3L  │  cap: -$3.39 (-0.03%)  portfolio: $11713.07
  ────────────────────────────────────────────────────────────────────────────────────────────────
  2024-04-26   1     NVDA   BEARISH    0.41   874.06  874.20  -$0.14  -0.02%  LOSS    fallback_20pct
                            [BRE]             873.38  875.06  -$1.68  -0.19%  LOSS    hard_stop
  2024-04-26   2     CVNA   BULLISH    0.34    83.53   83.58  +$0.05  +0.06%  WIN     hard_stop
  2024-04-26   3     PLTR   BEARISH    0.33    22.38   22.40  -$0.02  -0.09%  LOSS    fallback_20pct
                            [BRE]              22.34   22.42  -$0.08  -0.36%  LOSS    hard_stop
                                                              -$1.87  -0.12%  1W/4L  │  cap: -$17.57 (-0.18%)  portfolio: $11695.50
  ────────────────────────────────────────────────────────────────────────────────────────────────
  2024-04-29   1     COIN   BEARISH    0.81   217.29  217.89  -$0.60  -0.28%  LOSS    fallback_20pct
                            [BRE]             217.05  218.16  -$1.11  -0.51%  LOSS    end_of_day
  2024-04-29   2     ANAB   BEARISH    0.72    21.48   21.48  +$0.00  +0.00%  LOSS    hard_stop
                            [BRE]              21.46   21.24  +$0.23  +1.07%  WIN     end_of_day
  2024-04-29   3     CVNA   BEARISH    0.64    84.13   84.29  -$0.16  -0.19%  LOSS    fallback_20pct
                            [BRE]              84.02   83.78  +$0.23  +0.27%  WIN     end_of_day
                                                              -$1.41  +0.06%  2W/4L  │  cap: -$5.55 (-0.06%)  portfolio: $11689.95
  ────────────────────────────────────────────────────────────────────────────────────────────────
  2024-04-30   1     ANAB   BEARISH    0.79    23.36   23.38  -$0.02  -0.09%  LOSS    fallback_20pct
  2024-04-30   2     RH     BEARISH    0.20   250.35  247.56  +$2.79  +1.11%  WIN     end_of_day
  2024-04-30   3     SHOP   BEARISH    0.18    71.03   71.04  -$0.01  -0.01%  LOSS    fallback_20pct
                            [BRE]              71.02   71.03  -$0.01  -0.01%  LOSS    hard_stop
                                                              +$2.75  +0.25%  1W/3L  │  cap: +$28.59 (+0.29%)  portfolio: $11718.54
  ────────────────────────────────────────────────────────────────────────────────────────────────
  2024-05-02   1     CVNA   BULLISH    0.47   115.45  116.54  +$1.09  +0.94%  WIN     end_of_day
  2024-05-02   2     NVDA   BULLISH    0.40   856.85  858.24  +$1.39  +0.16%  WIN     end_of_day
  2024-05-02   3     COIN   BULLISH    0.30   228.96  228.88  -$0.08  -0.03%  LOSS    hard_stop
                                                              +$2.40  +0.36%  2W/1L  │  cap: +$51.37 (+0.51%)  portfolio: $11769.91
  ────────────────────────────────────────────────────────────────────────────────────────────────
  2024-05-03   1     PLTR   BULLISH    0.30    23.31   23.29  -$0.02  -0.09%  LOSS    fallback_20pct
  2024-05-03   2     MU     BULLISH    0.28   114.88  114.84  -$0.04  -0.03%  LOSS    trailing_stop_ma20
  2024-05-03   3     AMD    BULLISH    0.27   150.53  150.49  -$0.04  -0.03%  LOSS    hard_stop
                                                              -$0.10  -0.05%  0W/3L  │  cap: -$5.87 (-0.06%)  portfolio: $11764.05
  ────────────────────────────────────────────────────────────────────────────────────────────────
  2024-05-06   1     ANAB   BEARISH    0.74    25.36   25.37  -$0.01  -0.04%  LOSS    fallback_20pct
  2024-05-06   2     COIN   BEARISH    0.48   225.62  225.87  -$0.25  -0.11%  LOSS    fallback_20pct
  2024-05-06   3     NVDA   BULLISH    0.32   920.73  920.64  -$0.09  -0.01%  LOSS    hard_stop
                                                              -$0.35  -0.05%  0W/3L  │  cap: -$5.49 (-0.05%)  portfolio: $11758.56
  ────────────────────────────────────────────────────────────────────────────────────────────────
  2024-05-07   1     ANAB   BEARISH    0.89    25.58   25.58  +$0.00  +0.00%  LOSS    fallback_20pct
  2024-05-07   2     FN     BEARISH    0.23   213.27  209.28  +$3.99  +1.87%  WIN     end_of_day
  2024-05-07   3     RH     BEARISH    0.23   279.49  279.53  -$0.04  -0.01%  LOSS    fallback_20pct
                            [BRE]             279.39  279.49  -$0.10  -0.04%  LOSS    hard_stop
                                                              +$3.85  +0.46%  1W/3L  │  cap: +$55.12 (+0.55%)  portfolio: $11813.68
  ────────────────────────────────────────────────────────────────────────────────────────────────
  2024-05-08   1     FN     BULLISH    0.29   209.01  208.75  -$0.26  -0.12%  LOSS    fallback_20pct
  2024-05-08   2     COIN   BEARISH    0.29   211.70  211.68  +$0.02  +0.01%  WIN     hard_stop
                            [BRE]             211.16  211.81  -$0.65  -0.31%  LOSS    hard_stop
  2024-05-08   3     META   BULLISH    0.12   472.29  472.24  -$0.05  -0.01%  LOSS    fallback_20pct
                                                              -$0.94  -0.11%  1W/3L  │  cap: -$15.38 (-0.15%)  portfolio: $11798.30
  ────────────────────────────────────────────────────────────────────────────────────────────────
  2024-05-09   1     COIN   BEARISH    0.19   211.32  211.28  +$0.04  +0.02%  WIN     trailing_stop_ma20
  2024-05-09   2     EXPE   BULLISH    0.10   112.41  112.38  -$0.03  -0.03%  LOSS    fallback_20pct
  2024-05-09   3     META   BULLISH    0.10   475.36  475.32  -$0.05  -0.01%  LOSS    hard_stop
                                                              -$0.04  -0.01%  1W/2L  │  cap: -$0.06 (-0.00%)  portfolio: $11798.23
  ────────────────────────────────────────────────────────────────────────────────────────────────
  2024-05-10   1     ANAB   BEARISH    0.90    23.41   23.41  +$0.00  +0.00%  LOSS    end_of_day
  2024-05-10   2     MU     BULLISH    0.32   121.17  121.11  -$0.06  -0.05%  LOSS    fallback_20pct
  2024-05-10   3     CVNA   BULLISH    0.31   116.65  116.61  -$0.04  -0.03%  LOSS    fallback_20pct
                                                              -$0.10  -0.03%  0W/3L  │  cap: -$2.17 (-0.02%)  portfolio: $11796.06
  ────────────────────────────────────────────────────────────────────────────────────────────────
  2024-05-13   1     ANAB   BEARISH    0.89    23.94   23.87  +$0.06  +0.25%  WIN     end_of_day
  2024-05-13   2     CVNA   BULLISH    0.34   118.57  118.18  -$0.39  -0.33%  LOSS    fallback_20pct
  2024-05-13   3     RH     BEARISH    0.27   292.10  292.18  -$0.08  -0.03%  LOSS    hard_stop
                                                              -$0.41  -0.04%  1W/2L  │  cap: +$2.12 (+0.02%)  portfolio: $11798.18
  ────────────────────────────────────────────────────────────────────────────────────────────────
  2024-05-14   1     FN     BULLISH    0.32   229.64  232.20  +$2.56  +1.11%  WIN     end_of_day
  2024-05-14   2     MU     BULLISH    0.22   123.84  123.86  +$0.02  +0.02%  WIN     hard_stop
  2024-05-14   3     NVDA   BULLISH    0.22   916.10  915.98  -$0.12  -0.01%  LOSS    fallback_20pct
                                                              +$2.46  +0.37%  2W/1L  │  cap: +$55.96 (+0.56%)  portfolio: $11854.14
  ────────────────────────────────────────────────────────────────────────────────────────────────
  2024-05-15   1     CVNA   BEARISH    0.32   119.60  119.64  -$0.04  -0.03%  LOSS    hard_stop
  2024-05-15   2     FN     BEARISH    0.26   237.44  237.45  -$0.01  -0.00%  LOSS    hard_stop
  2024-05-15   3     AMD    BULLISH    0.21   159.00  159.05  +$0.05  +0.03%  WIN     trailing_stop_ma20
                                                              +$0.00  -0.00%  1W/2L  │  cap: -$1.17 (-0.01%)  portfolio: $11852.97
  ────────────────────────────────────────────────────────────────────────────────────────────────
  2024-05-16   1     RH     BEARISH    0.28   289.92  289.96  -$0.05  -0.02%  LOSS    hard_stop
                            [BRE]             289.06  286.98  +$2.09  +0.72%  WIN     end_of_day
  2024-05-16   2     NVDA   BULLISH    0.26   949.68  949.44  -$0.23  -0.02%  LOSS    hard_stop
  2024-05-16   3     PLTR   BULLISH    0.19    21.84   21.84  +$0.00  +0.00%  LOSS    fallback_20pct
                                                              +$1.81  +0.17%  1W/3L  │  cap: +$34.56 (+0.35%)  portfolio: $11887.53
  ────────────────────────────────────────────────────────────────────────────────────────────────
  2024-05-17   1     ANAB   BEARISH    0.62    24.83   24.83  +$0.00  +0.00%  LOSS    hard_stop
  2024-05-17   2     RH     BEARISH    0.23   281.24  277.91  +$3.33  +1.18%  WIN     end_of_day
  2024-05-17   3     PLTR   BULLISH    0.23    21.73   21.72  -$0.01  -0.05%  LOSS    fallback_20pct
                                                              +$3.32  +0.38%  1W/2L  │  cap: +$34.60 (+0.35%)  portfolio: $11922.13
  ────────────────────────────────────────────────────────────────────────────────────────────────
  2024-05-20   1     ANAB   BEARISH    0.62    24.97   24.97  +$0.00  +0.00%  LOSS    hard_stop
                            [BRE]              24.92   24.97  -$0.05  -0.20%  LOSS    hard_stop
  2024-05-20   2     CVNA   BEARISH    0.31   118.54  118.56  -$0.02  -0.02%  LOSS    hard_stop
                            [BRE]             118.36  117.48  +$0.88  +0.74%  WIN     end_of_day
  2024-05-20   3     RH     BEARISH    0.28   280.43  280.46  -$0.02  -0.01%  LOSS    fallback_20pct
                            [BRE]             280.14  279.48  +$0.66  +0.24%  WIN     end_of_day
                                                              +$1.45  +0.13%  2W/4L  │  cap: +$16.34 (+0.16%)  portfolio: $11938.47
  ────────────────────────────────────────────────────────────────────────────────────────────────
  2024-05-21   1     ANAB   BEARISH    0.62    24.38   23.91  +$0.47  +1.93%  WIN     end_of_day
  2024-05-21   2     FN     BEARISH    0.28   230.48  230.48  +$0.00  +0.00%  LOSS    hard_stop
  2024-05-21   3     MU     BEARISH    0.19   127.28  127.32  -$0.03  -0.02%  LOSS    hard_stop
                                                              +$0.44  +0.63%  1W/2L  │  cap: +$95.92 (+0.96%)  portfolio: $12034.39
  ────────────────────────────────────────────────────────────────────────────────────────────────
  2024-05-22   1     CVNA   BULLISH    0.39   116.57  116.51  -$0.06  -0.05%  LOSS    fallback_20pct
  2024-05-22   2     FN     BEARISH    0.30   234.08  234.14  -$0.06  -0.03%  LOSS    fallback_20pct
                            [BRE]             233.98  234.08  -$0.11  -0.05%  LOSS    hard_stop
  2024-05-22   3     RH     BEARISH    0.28   257.67  257.69  -$0.02  -0.01%  LOSS    fallback_20pct
                            [BRE]             256.60  257.71  -$1.11  -0.43%  LOSS    hard_stop
                                                              -$1.36  -0.11%  0W/5L  │  cap: -$13.56 (-0.14%)  portfolio: $12020.83
  ────────────────────────────────────────────────────────────────────────────────────────────────
  2024-05-23   1     NVDA   BEARISH    0.52  1032.76 1033.71  -$0.95  -0.09%  LOSS    hard_stop
  2024-05-23   2     CVNA   BEARISH    0.37   109.21  109.25  -$0.04  -0.04%  LOSS    hard_stop
  2024-05-23   3     ANAB   BEARISH    0.34    24.44   24.44  +$0.00  +0.00%  LOSS    fallback_20pct
                                                              -$0.99  -0.04%  0W/3L  │  cap: -$5.70 (-0.06%)  portfolio: $12015.13
  ────────────────────────────────────────────────────────────────────────────────────────────────
  2024-05-24   1     COIN   BEARISH    0.45   233.63  233.83  -$0.20  -0.09%  LOSS    fallback_20pct
  2024-05-24   2     ANAB   BEARISH    0.39    24.44   23.94  +$0.51  +2.09%  WIN     end_of_day
  2024-05-24   3     NVDA   BULLISH    0.37  1054.37 1053.66  -$0.71  -0.07%  LOSS    fallback_20pct
                                                              -$0.40  +0.64%  1W/2L  │  cap: +$56.98 (+0.57%)  portfolio: $12072.10
  ────────────────────────────────────────────────────────────────────────────────────────────────
  2024-05-28   1     ANAB   BEARISH    0.41    23.34   23.34  +$0.00  +0.00%  LOSS    fallback_20pct
                            [BRE]              23.29   23.29  +$0.00  +0.00%  LOSS    end_of_day
  2024-05-28   2     RH     BEARISH    0.38   250.08  249.95  +$0.13  +0.05%  WIN     trailing_stop_ma20
  2024-05-28   3     PLTR   BULLISH    0.11    21.03   21.03  +$0.00  +0.00%  LOSS    hard_stop
                                                              +$0.13  +0.01%  1W/3L  │  cap: +$1.56 (+0.02%)  portfolio: $12073.66
  ────────────────────────────────────────────────────────────────────────────────────────────────
  2024-05-29   1     ANAB   BEARISH    0.41    23.20   23.20  +$0.00  +0.00%  LOSS    fallback_20pct
  2024-05-29   2     FN     BEARISH    0.35   242.14  242.20  -$0.06  -0.02%  LOSS    fallback_20pct
                            [BRE]             241.00  241.00  +$0.00  +0.00%  LOSS    end_of_day
  2024-05-29   3     CVNA   BEARISH    0.29   105.26  105.28  -$0.02  -0.02%  LOSS    hard_stop
                            [BRE]             105.10  105.10  +$0.00  +0.00%  LOSS    end_of_day
                                                              -$0.08  -0.01%  0W/5L  │  cap: -$1.12 (-0.01%)  portfolio: $12072.54
  ────────────────────────────────────────────────────────────────────────────────────────────────
  2024-05-30   1     CVNA   BEARISH    0.54   102.85  102.89  -$0.04  -0.04%  LOSS    fallback_20pct
                            [BRE]             102.64  102.56  +$0.08  +0.08%  WIN     end_of_day
  2024-05-30   2     RH     BEARISH    0.28   263.52  263.56  -$0.04  -0.02%  LOSS    fallback_20pct
                            [BRE]             263.10  263.50  -$0.41  -0.16%  LOSS    end_of_day
  2024-05-30   3     PLTR   BEARISH    0.21    21.72   21.73  -$0.01  -0.05%  LOSS    fallback_20pct
                            [BRE]              21.67   21.74  -$0.07  -0.32%  LOSS    trailing_stop_ma20
                                                              -$0.49  -0.08%  1W/5L  │  cap: -$10.56 (-0.11%)  portfolio: $12061.98
  ────────────────────────────────────────────────────────────────────────────────────────────────
  2024-05-31   1     ANAB   BEARISH    0.41    23.88   23.88  +$0.00  +0.00%  LOSS    hard_stop
  2024-05-31   2     CVNA   BEARISH    0.35    98.29   98.36  -$0.07  -0.07%  LOSS    fallback_20pct
                                                              -$0.07  -0.04%  0W/2L  │  cap: -$2.14 (-0.02%)  portfolio: $12059.85
  ────────────────────────────────────────────────────────────────────────────────────────────────
  2024-06-03   1     ANAB   BEARISH    0.41    23.44   23.44  +$0.00  +0.00%  LOSS    fallback_20pct
  2024-06-03   2     FN     BEARISH    0.33   237.90  237.92  -$0.02  -0.01%  LOSS    fallback_20pct
  2024-06-03   3     PLTR   BEARISH    0.14    21.02   21.03  +$0.00  +0.00%  LOSS    hard_stop
                                                              -$0.02  -0.00%  0W/3L  │  cap: -$0.25 (-0.00%)  portfolio: $12059.59
  ────────────────────────────────────────────────────────────────────────────────────────────────
  2024-06-04   1     FN     BEARISH    0.36   231.40  231.44  -$0.04  -0.02%  LOSS    hard_stop
                            [BRE]             231.28  231.40  -$0.12  -0.05%  LOSS    hard_stop
  2024-06-04   2     PLTR   BEARISH    0.25    22.00   22.00  -$0.01  -0.05%  LOSS    hard_stop
  2024-06-04   3     RH     BEARISH    0.24   268.36  268.37  -$0.01  -0.00%  LOSS    hard_stop
                                                              -$0.18  -0.03%  0W/4L  │  cap: -$4.90 (-0.05%)  portfolio: $12054.70
  ────────────────────────────────────────────────────────────────────────────────────────────────
  2024-06-05   1     PLTR   BULLISH    0.15    22.88   22.88  +$0.00  +0.00%  LOSS    fallback_20pct
  2024-06-05   2     MU     BULLISH    0.11   133.24  133.07  -$0.17  -0.13%  LOSS    fallback_20pct
  2024-06-05   3     EXPE   BEARISH    0.07   116.06  115.34  +$0.72  +0.62%  WIN     end_of_day
                                                              +$0.55  +0.16%  1W/2L  │  cap: +$8.58 (+0.09%)  portfolio: $12063.28
  ────────────────────────────────────────────────────────────────────────────────────────────────
  2024-06-06   1     ANAB   BEARISH    0.43    23.84   23.84  +$0.00  +0.00%  LOSS    hard_stop
                            [BRE]              23.73   23.84  -$0.11  -0.46%  LOSS    hard_stop
  2024-06-06   2     FN     BEARISH    0.36   236.41  236.43  -$0.02  -0.01%  LOSS    fallback_20pct
                            [BRE]             236.18  236.47  -$0.29  -0.12%  LOSS    hard_stop
  2024-06-06   3     CVNA   BEARISH    0.28   103.93  103.96  -$0.03  -0.03%  LOSS    hard_stop
                                                              -$0.45  -0.12%  0W/5L  │  cap: -$27.69 (-0.28%)  portfolio: $12035.58
  ────────────────────────────────────────────────────────────────────────────────────────────────
  2024-06-07   1     FN     BEARISH    0.35   230.06  230.08  -$0.02  -0.01%  LOSS    fallback_20pct
  2024-06-07   2     TSLA   BULLISH    0.35   177.15  177.01  -$0.14  -0.08%  LOSS    fallback_20pct
  2024-06-07   3     RH     BEARISH    0.24   267.92  267.94  -$0.02  -0.01%  LOSS    fallback_20pct
                            [BRE]             267.82  267.92  -$0.10  -0.04%  LOSS    hard_stop
                                                              -$0.28  -0.03%  0W/4L  │  cap: -$3.70 (-0.04%)  portfolio: $12031.88
  ────────────────────────────────────────────────────────────────────────────────────────────────
  2024-06-10   1     META   BULLISH    0.16   500.76  500.65  -$0.11  -0.02%  LOSS    hard_stop
  2024-06-10   2     MU     BULLISH    0.10   134.92  134.99  +$0.07  +0.05%  WIN     hard_stop
                                                              -$0.04  +0.01%  1W/1L  │  cap: +$0.46 (+0.00%)  portfolio: $12032.34
  ────────────────────────────────────────────────────────────────────────────────────────────────
  2024-06-11   1     EXPE   BULLISH    0.13   122.90  122.89  -$0.01  -0.01%  LOSS    hard_stop
  2024-06-11   2     PLTR   BULLISH    0.12    23.89   23.90  +$0.01  +0.04%  WIN     hard_stop
  2024-06-11   3     FANG   BULLISH    0.05   193.40  193.42  +$0.02  +0.01%  WIN     hard_stop
                                                              +$0.02  +0.01%  2W/1L  │  cap: +$1.06 (+0.01%)  portfolio: $12033.40
  ────────────────────────────────────────────────────────────────────────────────────────────────
  2024-06-12   1     EXPE   BEARISH    0.12   124.75  124.57  +$0.18  +0.14%  WIN     end_of_day
                                                              +$0.18  +0.14%  1W/0L  │  cap: +$7.21 (+0.07%)  portfolio: $12040.61
  ────────────────────────────────────────────────────────────────────────────────────────────────
  2024-06-13   1     ANAB   BEARISH    0.54    24.00   24.01  -$0.01  -0.04%  LOSS    fallback_20pct
  2024-06-13   2     CVNA   BULLISH    0.31   109.21  109.18  -$0.03  -0.03%  LOSS    hard_stop
                                                              -$0.04  -0.03%  0W/2L  │  cap: -$2.91 (-0.03%)  portfolio: $12037.70
  ────────────────────────────────────────────────────────────────────────────────────────────────
  2024-06-14   1     EXPE   BULLISH    0.12   124.02  124.62  +$0.61  +0.49%  WIN     end_of_day
  2024-06-14   2     FANG   BEARISH    0.03   186.16  186.16  +$0.00  +0.00%  LOSS    fallback_20pct
                            [BRE]             185.93  185.74  +$0.19  +0.10%  WIN     end_of_day
                                                              +$0.80  +0.20%  2W/1L  │  cap: +$27.66 (+0.28%)  portfolio: $12065.36
  ────────────────────────────────────────────────────────────────────────────────────────────────
  2024-06-17   1     TSLA   BEARISH    0.32   186.96  186.97  -$0.02  -0.01%  LOSS    fallback_20pct
  2024-06-17   2     RH     BEARISH    0.30   232.99  231.45  +$1.54  +0.66%  WIN     end_of_day
  2024-06-17   3     CVNA   BEARISH    0.29   108.13  108.15  -$0.02  -0.02%  LOSS    fallback_20pct
                                                              +$1.50  +0.21%  1W/2L  │  cap: +$18.92 (+0.19%)  portfolio: $12084.29
  ────────────────────────────────────────────────────────────────────────────────────────────────
  2024-06-18   1     FN     BEARISH    0.43   254.58  254.63  -$0.04  -0.02%  LOSS    hard_stop
                            [BRE]             254.35  254.19  +$0.16  +0.06%  WIN     end_of_day
  2024-06-18   2     CVNA   BEARISH    0.26   110.94  110.96  -$0.02  -0.02%  LOSS    fallback_20pct
                            [BRE]             110.89  110.94  -$0.05  -0.05%  LOSS    hard_stop
  2024-06-18   3     TSLA   BULLISH    0.26   185.03  184.96  -$0.07  -0.04%  LOSS    fallback_20pct
                                                              -$0.02  -0.01%  1W/4L  │  cap: -$0.29 (-0.00%)  portfolio: $12084.00
  ────────────────────────────────────────────────────────────────────────────────────────────────
  2024-06-20   1     ANAB   BEARISH    0.70    22.86   22.88  -$0.02  -0.09%  LOSS    hard_stop
                            [BRE]              22.82   22.89  -$0.07  -0.31%  LOSS    end_of_day
  2024-06-20   2     TSLA   BEARISH    0.23   180.73  180.74  -$0.01  -0.01%  LOSS    fallback_20pct
                            [BRE]             180.20  180.83  -$0.63  -0.35%  LOSS    hard_stop
  2024-06-20   3     EXPE   BEARISH    0.20   125.82  125.48  +$0.34  +0.27%  WIN     end_of_day
                                                              -$0.39  -0.10%  1W/4L  │  cap: -$24.96 (-0.25%)  portfolio: $12059.03
  ────────────────────────────────────────────────────────────────────────────────────────────────
  2024-06-21   1     FN     BEARISH    0.38   243.01  243.01  +$0.00  +0.00%  LOSS    fallback_20pct
  2024-06-21   2     CVNA   BULLISH    0.31   111.17  111.13  -$0.04  -0.04%  LOSS    fallback_20pct
  2024-06-21   3     RH     BEARISH    0.24   215.12  215.14  -$0.02  -0.01%  LOSS    hard_stop
                            [BRE]             214.79  215.12  -$0.33  -0.15%  LOSS    hard_stop
                                                              -$0.39  -0.05%  0W/4L  │  cap: -$4.34 (-0.04%)  portfolio: $12054.70
  ────────────────────────────────────────────────────────────────────────────────────────────────
  2024-06-24   1     FN     BEARISH    0.38   239.67  238.12  +$1.55  +0.65%  WIN     end_of_day
  2024-06-24   2     RH     BEARISH    0.30   225.09  225.14  -$0.05  -0.02%  LOSS    hard_stop
                            [BRE]             224.44  223.44  +$1.00  +0.45%  WIN     end_of_day
                                                              +$2.50  +0.36%  2W/1L  │  cap: +$45.04 (+0.45%)  portfolio: $12099.73
  ────────────────────────────────────────────────────────────────────────────────────────────────
  2024-06-25   1     ANAB   BEARISH    0.43    23.84   23.84  +$0.00  +0.00%  LOSS    hard_stop
                            [BRE]              23.82   23.84  -$0.02  -0.08%  LOSS    hard_stop
                                                              -$0.02  -0.04%  0W/2L  │  cap: -$4.20 (-0.04%)  portfolio: $12095.53
  ────────────────────────────────────────────────────────────────────────────────────────────────
  2024-06-26   1     ANAB   BEARISH    0.50    24.01   24.02  -$0.01  -0.04%  LOSS    fallback_20pct
  2024-06-26   2     COIN   BEARISH    0.17   213.66  213.69  -$0.03  -0.01%  LOSS    hard_stop
  2024-06-26   3     FANG   BEARISH    0.03   196.75  196.76  -$0.01  -0.01%  LOSS    fallback_20pct
                                                              -$0.05  -0.02%  0W/3L  │  cap: -$2.61 (-0.03%)  portfolio: $12092.93
  ────────────────────────────────────────────────────────────────────────────────────────────────
  2024-06-27   1     ANAB   BULLISH    0.55    24.57   24.55  -$0.02  -0.08%  LOSS    fallback_20pct
  2024-06-27   2     TSLA   BULLISH    0.22   196.63  196.33  -$0.30  -0.15%  LOSS    fallback_20pct
  2024-06-27   3     FANG   BEARISH    0.03   198.09  198.09  +$0.00  +0.00%  LOSS    hard_stop
                                                              -$0.32  -0.08%  0W/3L  │  cap: -$8.65 (-0.09%)  portfolio: $12084.28
  ────────────────────────────────────────────────────────────────────────────────────────────────
  2024-06-28   1     FANG   BEARISH    0.04   199.60  199.61  -$0.02  -0.01%  LOSS    fallback_20pct
                                                              -$0.02  -0.01%  0W/1L  │  cap: -$0.50 (-0.01%)  portfolio: $12083.78
  ────────────────────────────────────────────────────────────────────────────────────────────────
  2024-07-01   1     TSLA   BEARISH    0.35   210.52  210.57  -$0.04  -0.02%  LOSS    hard_stop
                            [BRE]             210.00  209.97  +$0.03  +0.01%  WIN     end_of_day
  2024-07-01   2     FANG   BEARISH    0.03   203.40  203.40  +$0.00  +0.00%  LOSS    fallback_20pct
                                                              -$0.01  -0.00%  1W/2L  │  cap: -$0.24 (-0.00%)  portfolio: $12083.54
  ────────────────────────────────────────────────────────────────────────────────────────────────
  2024-07-02   1     ANAB   BEARISH    0.44    23.98   23.98  +$0.00  +0.00%  LOSS    fallback_20pct
                            [BRE]              23.84   23.84  +$0.00  +0.00%  LOSS    end_of_day
  2024-07-02   2     META   BEARISH    0.10   509.28  509.34  -$0.06  -0.01%  LOSS    hard_stop
                            [BRE]             509.23  509.28  -$0.05  -0.01%  LOSS    hard_stop
                                                              -$0.11  -0.01%  0W/4L  │  cap: -$0.65 (-0.01%)  portfolio: $12082.90
  ────────────────────────────────────────────────────────────────────────────────────────────────
  2024-07-05   1     TSLA   BULLISH    0.27   249.38  251.69  +$2.31  +0.93%  WIN     end_of_day
  2024-07-05   2     RH     BEARISH    0.19   240.08  240.08  +$0.00  +0.00%  LOSS    fallback_20pct
                            [BRE]             239.96  238.50  +$1.46  +0.61%  WIN     end_of_day
  2024-07-05   3     META   BULLISH    0.15   535.92  540.04  +$4.12  +0.77%  WIN     end_of_day
                                                              +$7.89  +0.58%  3W/1L  │  cap: +$79.94 (+0.80%)  portfolio: $12162.84
  ────────────────────────────────────────────────────────────────────────────────────────────────
  2024-07-08   1     ANAB   BEARISH    0.43    25.40   25.40  +$0.00  +0.00%  LOSS    fallback_20pct
                            [BRE]              25.34   25.40  -$0.06  -0.24%  LOSS    hard_stop
  2024-07-08   2     FN     BEARISH    0.28   242.21  242.22  -$0.01  -0.00%  LOSS    hard_stop
  2024-07-08   3     META   BEARISH    0.14   528.86  528.90  -$0.03  -0.01%  LOSS    fallback_20pct
                            [BRE]             528.53  528.64  -$0.11  -0.02%  LOSS    trailing_stop_ma20
                                                              -$0.21  -0.05%  0W/5L  │  cap: -$12.49 (-0.12%)  portfolio: $12150.35
  ────────────────────────────────────────────────────────────────────────────────────────────────
  2024-07-09   1     TSLA   BEARISH    0.40   261.92  262.12  -$0.20  -0.08%  LOSS    fallback_20pct
  2024-07-09   2     RH     BEARISH    0.20   239.32  237.92  +$1.40  +0.58%  WIN     end_of_day
  2024-07-09   3     EXPE   BEARISH    0.17   128.60  128.62  -$0.02  -0.02%  LOSS    fallback_20pct
                            [BRE]             128.47  128.66  -$0.19  -0.15%  LOSS    hard_stop
                                                              +$0.99  +0.09%  1W/3L  │  cap: +$10.46 (+0.10%)  portfolio: $12160.81
  ────────────────────────────────────────────────────────────────────────────────────────────────
  2024-07-10   1     COIN   BEARISH    0.41   217.43  217.46  -$0.03  -0.01%  LOSS    fallback_20pct
  2024-07-10   2     TSLA   BEARISH    0.30   264.69  264.74  -$0.05  -0.02%  LOSS    hard_stop
                            [BRE]             264.32  262.79  +$1.53  +0.58%  WIN     end_of_day
  2024-07-10   3     FN     BEARISH    0.27   241.68  241.69  -$0.01  -0.00%  LOSS    hard_stop
                                                              +$1.44  +0.14%  1W/3L  │  cap: +$16.03 (+0.16%)  portfolio: $12176.84
  ────────────────────────────────────────────────────────────────────────────────────────────────
  2024-07-11   1     CVNA   BEARISH    0.39   130.20  130.21  -$0.02  -0.02%  LOSS    hard_stop
                            [BRE]             130.04  130.22  -$0.18  -0.14%  LOSS    trailing_stop_ma20
  2024-07-11   2     FN     BEARISH    0.29   245.48  244.70  +$0.79  +0.32%  WIN     end_of_day
                                                              +$0.59  +0.06%  1W/2L  │  cap: +$1.97 (+0.02%)  portfolio: $12178.80
  ────────────────────────────────────────────────────────────────────────────────────────────────
  2024-07-12   1     FN     BEARISH    0.28   254.52  251.60  +$2.91  +1.14%  WIN     end_of_day
  2024-07-12   2     RH     BEARISH    0.25   277.94  277.96  -$0.01  -0.00%  LOSS    hard_stop
                            [BRE]             277.84  275.12  +$2.72  +0.98%  WIN     end_of_day
  2024-07-12   3     META   BEARISH    0.15   503.11  498.80  +$4.31  +0.86%  WIN     end_of_day
                                                              +$9.93  +0.74%  3W/1L  │  cap: +$103.56 (+1.04%)  portfolio: $12282.36
  ────────────────────────────────────────────────────────────────────────────────────────────────
  2024-07-15   1     CVNA   BEARISH    0.46   141.81  141.86  -$0.05  -0.04%  LOSS    hard_stop
                            [BRE]             141.63  141.98  -$0.34  -0.24%  LOSS    hard_stop
  2024-07-15   2     RH     BEARISH    0.24   274.97  274.98  -$0.01  -0.00%  LOSS    fallback_20pct
  2024-07-15   3     FANG   BULLISH    0.06   211.55  211.29  -$0.26  -0.12%  LOSS    fallback_20pct
                                                              -$0.66  -0.10%  0W/4L  │  cap: -$16.33 (-0.16%)  portfolio: $12266.03
  ────────────────────────────────────────────────────────────────────────────────────────────────
  2024-07-17   1     TSLA   BEARISH    0.33   246.69  246.81  -$0.12  -0.05%  LOSS    fallback_20pct
  2024-07-17   2     EXPE   BEARISH    0.17   134.51  134.54  -$0.02  -0.01%  LOSS    hard_stop
                                                              -$0.14  -0.03%  0W/2L  │  cap: -$2.88 (-0.03%)  portfolio: $12263.15
  ────────────────────────────────────────────────────────────────────────────────────────────────
  2024-07-18   1     ANAB   BEARISH    0.62    34.62   34.62  -$0.01  -0.03%  LOSS    fallback_20pct
                            [BRE]              34.43   34.62  -$0.19  -0.55%  LOSS    hard_stop
  2024-07-18   2     COIN   BEARISH    0.61   233.28  233.45  -$0.17  -0.07%  LOSS    hard_stop
  2024-07-18   3     CVNA   BEARISH    0.47   129.01  129.06  -$0.05  -0.04%  LOSS    hard_stop
                                                              -$0.42  -0.17%  0W/4L  │  cap: -$32.00 (-0.32%)  portfolio: $12231.15
  ────────────────────────────────────────────────────────────────────────────────────────────────
  2024-07-19   1     CVNA   BEARISH    0.59   131.11  131.25  -$0.14  -0.11%  LOSS    fallback_20pct
                            [BRE]             130.82  130.06  +$0.76  +0.58%  WIN     end_of_day
  2024-07-19   2     RH     BEARISH    0.22   273.50  273.54  -$0.04  -0.01%  LOSS    fallback_20pct
                            [BRE]             273.39  272.60  +$0.79  +0.29%  WIN     end_of_day
                                                              +$1.37  +0.19%  2W/2L  │  cap: +$31.94 (+0.32%)  portfolio: $12263.09
  ────────────────────────────────────────────────────────────────────────────────────────────────
  2024-07-22   1     FANG   BEARISH    0.04   203.90  203.91  -$0.01  -0.00%  LOSS    fallback_20pct
                                                              -$0.01  -0.00%  0W/1L  │  cap: -$0.25 (-0.00%)  portfolio: $12262.85
  ────────────────────────────────────────────────────────────────────────────────────────────────
  2024-07-23   1     CVNA   BEARISH    0.46   128.99  129.05  -$0.06  -0.05%  LOSS    fallback_20pct
                            [BRE]             128.92  129.14  -$0.22  -0.17%  LOSS    end_of_day
  2024-07-23   2     COIN   BEARISH    0.43   259.47  259.56  -$0.09  -0.03%  LOSS    fallback_20pct
                            [BRE]             259.17  257.46  +$1.71  +0.66%  WIN     end_of_day
  2024-07-23   3     META   BEARISH    0.16   490.03  488.74  +$1.28  +0.26%  WIN     end_of_day
                                                              +$2.62  +0.13%  2W/3L  │  cap: +$13.12 (+0.13%)  portfolio: $12275.97
  ────────────────────────────────────────────────────────────────────────────────────────────────
  2024-07-24   1     TSLA   BEARISH    0.47   218.55  216.17  +$2.38  +1.09%  WIN     end_of_day
  2024-07-24   2     FN     BEARISH    0.21   226.94  224.63  +$2.31  +1.02%  WIN     end_of_day
  2024-07-24   3     FANG   BEARISH    0.06   199.54  198.86  +$0.68  +0.34%  WIN     end_of_day
                                                              +$5.37  +0.82%  3W/0L  │  cap: +$91.80 (+0.92%)  portfolio: $12367.77
  ────────────────────────────────────────────────────────────────────────────────────────────────
  2024-07-25   1     FN     BEARISH    0.31   216.48  216.56  -$0.08  -0.04%  LOSS    fallback_20pct
                            [BRE]             216.32  216.32  +$0.00  +0.00%  LOSS    end_of_day
  2024-07-25   2     RH     BEARISH    0.29   263.68  263.91  -$0.23  -0.09%  LOSS    fallback_20pct
                            [BRE]             263.14  260.83  +$2.31  +0.88%  WIN     end_of_day
  2024-07-25   3     PLTR   BEARISH    0.18    26.80   26.80  -$0.01  -0.04%  LOSS    fallback_20pct
                            [BRE]              26.76   26.64  +$0.13  +0.49%  WIN     end_of_day
                                                              +$2.12  +0.20%  2W/4L  │  cap: +$30.84 (+0.31%)  portfolio: $12398.61
  ────────────────────────────────────────────────────────────────────────────────────────────────
  2024-07-26   1     CVNA   BEARISH    0.47   132.60  132.67  -$0.07  -0.05%  LOSS    fallback_20pct
                            [BRE]             132.51  132.78  -$0.28  -0.21%  LOSS    hard_stop
  2024-07-26   2     FN     BEARISH    0.23   219.73  219.73  +$0.00  +0.00%  LOSS    fallback_20pct
  2024-07-26   3     RH     BEARISH    0.23   276.36  276.40  -$0.05  -0.02%  LOSS    fallback_20pct
                                                              -$0.40  -0.07%  0W/4L  │  cap: -$13.57 (-0.14%)  portfolio: $12385.04
  ────────────────────────────────────────────────────────────────────────────────────────────────
  2024-07-29   1     RH     BEARISH    0.30   288.32  288.38  -$0.07  -0.02%  LOSS    fallback_20pct
  2024-07-29   2     FN     BEARISH    0.24   220.11  220.12  -$0.01  -0.00%  LOSS    fallback_20pct
                            [BRE]             220.02  219.48  +$0.55  +0.25%  WIN     end_of_day
                                                              +$0.47  +0.07%  1W/2L  │  cap: +$6.15 (+0.06%)  portfolio: $12391.19
  ────────────────────────────────────────────────────────────────────────────────────────────────
  2024-07-30   1     FN     BEARISH    0.24   212.48  212.49  -$0.01  -0.00%  LOSS    hard_stop
                            [BRE]             212.19  212.48  -$0.29  -0.14%  LOSS    hard_stop
  2024-07-30   2     FANG   BEARISH    0.05   198.06  198.07  -$0.01  -0.01%  LOSS    hard_stop
                            [BRE]             197.99  197.99  +$0.00  +0.00%  LOSS    end_of_day
                                                              -$0.31  -0.04%  0W/4L  │  cap: -$7.22 (-0.07%)  portfolio: $12383.97
  ────────────────────────────────────────────────────────────────────────────────────────────────
  2024-07-31   1     COIN   BULLISH    0.57   233.73  233.04  -$0.69  -0.30%  LOSS    fallback_20pct
  2024-07-31   2     RH     BULLISH    0.47   297.80  297.54  -$0.26  -0.09%  LOSS    fallback_20pct
  2024-07-31   3     EXPE   BULLISH    0.31   129.11  128.56  -$0.55  -0.43%  LOSS    fallback_20pct
                                                              -$1.50  -0.27%  0W/3L  │  cap: -$25.90 (-0.26%)  portfolio: $12358.07
  ────────────────────────────────────────────────────────────────────────────────────────────────
  2024-08-01   1     FN     BEARISH    0.24   211.47  211.47  +$0.00  +0.00%  LOSS    fallback_20pct
  2024-08-01   2     FANG   BEARISH    0.10   196.35  196.39  -$0.04  -0.02%  LOSS    fallback_20pct
                                                              -$0.04  -0.01%  0W/2L  │  cap: -$0.61 (-0.01%)  portfolio: $12357.46
  ────────────────────────────────────────────────────────────────────────────────────────────────
  2024-08-02   1     TSLA   BEARISH    0.39   206.66  206.66  +$0.00  +0.00%  LOSS    hard_stop
                            [BRE]             206.46  206.92  -$0.46  -0.22%  LOSS    hard_stop
  2024-08-02   2     RH     BEARISH    0.27   261.36  261.36  +$0.00  +0.00%  LOSS    hard_stop
                            [BRE]             261.26  257.58  +$3.68  +1.41%  WIN     end_of_day
                                                              +$3.22  +0.30%  1W/3L  │  cap: +$31.12 (+0.31%)  portfolio: $12388.58
  ────────────────────────────────────────────────────────────────────────────────────────────────
  2024-08-05   1     FN     BEARISH    0.29   194.37  194.44  -$0.07  -0.04%  LOSS    hard_stop
  2024-08-05   2     FANG   BEARISH    0.09   185.27  185.24  +$0.03  +0.02%  WIN     trailing_stop_ma20
                                                              -$0.04  -0.01%  1W/1L  │  cap: -$1.31 (-0.01%)  portfolio: $12387.26
  ────────────────────────────────────────────────────────────────────────────────────────────────
  2024-08-06   1     CVNA   BEARISH    0.58   139.14  139.25  -$0.11  -0.08%  LOSS    hard_stop
                            [BRE]             139.02  139.50  -$0.48  -0.35%  LOSS    hard_stop
  2024-08-06   2     TSLA   BEARISH    0.48   200.28  200.35  -$0.07  -0.03%  LOSS    hard_stop
                            [BRE]             199.98  200.84  -$0.86  -0.43%  LOSS    hard_stop
  2024-08-06   3     META   BEARISH    0.35   497.17  497.64  -$0.46  -0.09%  LOSS    fallback_20pct
                            [BRE]             496.08  494.05  +$2.03  +0.41%  WIN     end_of_day
                                                              +$0.05  -0.10%  1W/5L  │  cap: -$28.83 (-0.29%)  portfolio: $12358.43
  ────────────────────────────────────────────────────────────────────────────────────────────────
  2024-08-07   1     RH     BEARISH    0.27   253.69  247.86  +$5.84  +2.30%  WIN     end_of_day
                                                              +$5.84  +2.30%  1W/0L  │  cap: +$115.10 (+1.15%)  portfolio: $12473.53
  ────────────────────────────────────────────────────────────────────────────────────────────────
  2024-08-08   1     CVNA   BEARISH    0.46   133.08  133.15  -$0.06  -0.05%  LOSS    fallback_20pct
  2024-08-08   2     MU     BEARISH    0.36    91.59   91.71  -$0.12  -0.13%  LOSS    fallback_20pct
  2024-08-08   3     PLTR   BEARISH    0.26    28.91   28.93  -$0.02  -0.07%  LOSS    fallback_20pct
                                                              -$0.20  -0.08%  0W/3L  │  cap: -$7.57 (-0.08%)  portfolio: $12465.96
  ────────────────────────────────────────────────────────────────────────────────────────────────
  2024-08-09   1     RH     BEARISH    0.55   253.53  253.73  -$0.20  -0.08%  LOSS    fallback_20pct
                            [BRE]             251.92  252.00  -$0.09  -0.04%  LOSS    end_of_day
  2024-08-09   2     CVNA   BEARISH    0.36   136.82  136.83  -$0.01  -0.01%  LOSS    fallback_20pct
                            [BRE]             136.74  136.82  -$0.08  -0.06%  LOSS    hard_stop
  2024-08-09   3     TSLA   BEARISH    0.32   199.30  199.34  -$0.03  -0.02%  LOSS    fallback_20pct
                                                              -$0.41  -0.04%  0W/5L  │  cap: -$8.01 (-0.08%)  portfolio: $12457.96
  ────────────────────────────────────────────────────────────────────────────────────────────────
  2024-08-12   1     RH     BEARISH    0.38   243.79  243.79  +$0.00  +0.00%  LOSS    hard_stop
  2024-08-12   2     TSLA   BEARISH    0.29   197.95  197.94  +$0.01  +0.01%  WIN     hard_stop
  2024-08-12   3     FN     BEARISH    0.20   207.60  207.60  +$0.00  +0.00%  LOSS    fallback_20pct
                            [BRE]             207.31  207.31  +$0.00  +0.00%  LOSS    end_of_day
                                                              +$0.01  +0.00%  1W/3L  │  cap: +$0.15 (+0.00%)  portfolio: $12458.11
  ────────────────────────────────────────────────────────────────────────────────────────────────
  2024-08-13   1     EXPE   BULLISH    0.20   129.68  130.58  +$0.91  +0.70%  WIN     end_of_day
  2024-08-13   2     PLTR   BULLISH    0.18    30.16   30.12  -$0.04  -0.13%  LOSS    fallback_20pct
  2024-08-13   3     MU     BEARISH    0.18    97.15   97.15  +$0.00  +0.00%  LOSS    hard_stop
                                                              +$0.87  +0.19%  1W/2L  │  cap: +$31.11 (+0.31%)  portfolio: $12489.22
  ────────────────────────────────────────────────────────────────────────────────────────────────
  2024-08-14   1     CVNA   BEARISH    0.46   142.43  142.50  -$0.07  -0.05%  LOSS    fallback_20pct
                            [BRE]             141.95  141.94  +$0.01  +0.01%  WIN     end_of_day
  2024-08-14   2     TSLA   BEARISH    0.22   200.38  200.35  +$0.03  +0.01%  WIN     trailing_stop_ma20
  2024-08-14   3     FN     BULLISH    0.21   218.62  217.70  -$0.91  -0.42%  LOSS    fallback_20pct
                                                              -$0.94  -0.11%  2W/2L  │  cap: -$9.98 (-0.10%)  portfolio: $12479.23
  ────────────────────────────────────────────────────────────────────────────────────────────────
  2024-08-15   1     ANAB   BEARISH    0.92    32.31   32.33  -$0.02  -0.06%  LOSS    hard_stop
  2024-08-15   2     CVNA   BEARISH    0.40   151.65  151.64  +$0.01  +0.01%  WIN     hard_stop
  2024-08-15   3     RH     BEARISH    0.39   272.90  268.60  +$4.30  +1.58%  WIN     end_of_day
                                                              +$4.29  +0.51%  2W/1L  │  cap: +$28.62 (+0.29%)  portfolio: $12507.85
  ────────────────────────────────────────────────────────────────────────────────────────────────
  2024-08-16   1     ANAB   BEARISH    0.89    34.60   34.00  +$0.59  +1.71%  WIN     end_of_day
  2024-08-16   2     APP    BULLISH    0.57    86.35   86.36  +$0.01  +0.01%  WIN     fallback_20pct
  2024-08-16   3     PLTR   BULLISH    0.19    32.30   32.18  -$0.12  -0.37%  LOSS    fallback_20pct
                                                              +$0.48  +0.45%  2W/1L  │  cap: +$78.18 (+0.78%)  portfolio: $12586.03
  ────────────────────────────────────────────────────────────────────────────────────────────────
  2024-08-19   1     RH     BEARISH    0.45   270.59  270.59  +$0.00  +0.00%  LOSS    fallback_20pct
                            [BRE]             270.09  270.32  -$0.23  -0.09%  LOSS    end_of_day
  2024-08-19   2     CVNA   BEARISH    0.28   155.24  155.26  -$0.02  -0.01%  LOSS    hard_stop
  2024-08-19   3     META   BEARISH    0.23   526.66  526.78  -$0.12  -0.02%  LOSS    hard_stop
                            [BRE]             526.62  527.07  -$0.45  -0.09%  LOSS    hard_stop
                                                              -$0.82  -0.04%  0W/5L  │  cap: -$6.81 (-0.07%)  portfolio: $12579.22
  ────────────────────────────────────────────────────────────────────────────────────────────────
  2024-08-20   1     ANAB   BULLISH    0.75    36.06   35.92  -$0.15  -0.42%  LOSS    fallback_20pct
  2024-08-20   2     RH     BEARISH    0.46   261.21  261.23  -$0.02  -0.01%  LOSS    hard_stop
                            [BRE]             260.40  261.08  -$0.68  -0.26%  LOSS    end_of_day
  2024-08-20   3     APP    BULLISH    0.27    86.96   86.89  -$0.07  -0.08%  LOSS    fallback_20pct
                                                              -$0.92  -0.19%  0W/4L  │  cap: -$30.47 (-0.30%)  portfolio: $12548.75
  ────────────────────────────────────────────────────────────────────────────────────────────────
  2024-08-21   1     ANAB   BULLISH    0.85    37.07   37.72  +$0.65  +1.75%  WIN     end_of_day
  2024-08-21   2     RH     BEARISH    0.46   267.58  267.61  -$0.03  -0.01%  LOSS    fallback_20pct
  2024-08-21   3     CVNA   BEARISH    0.38   156.05  156.13  -$0.08  -0.05%  LOSS    hard_stop
                                                              +$0.54  +0.56%  1W/2L  │  cap: +$86.31 (+0.86%)  portfolio: $12635.06
  ────────────────────────────────────────────────────────────────────────────────────────────────
  2024-08-22   1     RH     BEARISH    0.45   262.83  262.83  +$0.00  +0.00%  LOSS    fallback_20pct
                            [BRE]             262.54  262.83  -$0.29  -0.11%  LOSS    hard_stop
  2024-08-22   2     APP    BULLISH    0.36    90.05   90.01  -$0.04  -0.04%  LOSS    fallback_20pct
  2024-08-22   3     FN     BEARISH    0.30   267.18  261.83  +$5.35  +2.00%  WIN     end_of_day
                                                              +$5.02  +0.46%  1W/3L  │  cap: +$33.19 (+0.33%)  portfolio: $12668.25
  ────────────────────────────────────────────────────────────────────────────────────────────────
  2024-08-23   1     ANAB   BEARISH    0.63    37.44   37.44  +$0.00  +0.00%  LOSS    fallback_20pct
                            [BRE]              37.39   37.44  -$0.05  -0.13%  LOSS    hard_stop
  2024-08-23   2     RH     BULLISH    0.54   283.56  283.48  -$0.09  -0.03%  LOSS    hard_stop
  2024-08-23   3     FN     BEARISH    0.34   268.60  268.60  +$0.00  +0.00%  LOSS    hard_stop
                            [BRE]             268.19  267.54  +$0.65  +0.24%  WIN     end_of_day
                                                              +$0.51  +0.02%  1W/4L  │  cap: -$2.79 (-0.03%)  portfolio: $12665.46
  ────────────────────────────────────────────────────────────────────────────────────────────────
  2024-08-26   1     ANAB   BEARISH    0.66    37.12   37.12  +$0.00  +0.00%  LOSS    fallback_20pct
                            [BRE]              37.04   37.13  -$0.09  -0.24%  LOSS    hard_stop
  2024-08-26   2     RH     BEARISH    0.46   279.79  279.81  -$0.02  -0.01%  LOSS    fallback_20pct
  2024-08-26   3     FN     BEARISH    0.39   256.10  251.68  +$4.43  +1.73%  WIN     end_of_day
                                                              +$4.32  +0.37%  1W/3L  │  cap: +$22.23 (+0.22%)  portfolio: $12687.69
  ────────────────────────────────────────────────────────────────────────────────────────────────
  2024-08-27   1     RH     BEARISH    0.45   274.10  274.11  +$0.00  +0.00%  LOSS    fallback_20pct
  2024-08-27   2     FN     BEARISH    0.39   246.65  246.65  +$0.00  +0.00%  LOSS    hard_stop
                            [BRE]             246.38  246.38  +$0.00  +0.00%  LOSS    end_of_day
  2024-08-27   3     MU     BEARISH    0.28    97.27   97.33  -$0.06  -0.06%  LOSS    hard_stop
                                                              -$0.06  -0.02%  0W/4L  │  cap: -$1.23 (-0.01%)  portfolio: $12686.46
  ────────────────────────────────────────────────────────────────────────────────────────────────
  2024-08-28   1     APP    BEARISH    0.37    89.05   87.95  +$1.10  +1.24%  WIN     end_of_day
                                                              +$1.10  +1.24%  1W/0L  │  cap: +$61.76 (+0.62%)  portfolio: $12748.22
  ────────────────────────────────────────────────────────────────────────────────────────────────
  2024-08-29   1     ANAB   BEARISH    0.71    36.60   36.61  -$0.01  -0.03%  LOSS    fallback_20pct
                            [BRE]              36.59   36.63  -$0.04  -0.11%  LOSS    hard_stop
  2024-08-29   2     RH     BEARISH    0.45   260.30  255.40  +$4.90  +1.88%  WIN     end_of_day
  2024-08-29   3     CVNA   BEARISH    0.27   150.56  150.60  -$0.04  -0.03%  LOSS    fallback_20pct
                            [BRE]             150.17  150.17  +$0.00  +0.00%  LOSS    end_of_day
                                                              +$4.81  +0.34%  1W/4L  │  cap: +$49.11 (+0.49%)  portfolio: $12797.33
  ────────────────────────────────────────────────────────────────────────────────────────────────
  2024-08-30   1     RH     BEARISH    0.48   251.08  251.09  -$0.02  -0.01%  LOSS    fallback_20pct
                                                              -$0.02  -0.01%  0W/1L  │  cap: -$0.40 (-0.00%)  portfolio: $12796.93
  ────────────────────────────────────────────────────────────────────────────────────────────────
  2024-09-03   1     ANAB   BEARISH    0.66    36.89   36.06  +$0.83  +2.25%  WIN     end_of_day
  2024-09-03   2     EXPE   BEARISH    0.29   136.63  136.66  -$0.03  -0.02%  LOSS    hard_stop
                            [BRE]             136.44  136.72  -$0.28  -0.21%  LOSS    hard_stop
  2024-09-03   3     META   BEARISH    0.16   512.92  512.98  -$0.06  -0.01%  LOSS    fallback_20pct
                            [BRE]             512.26  511.96  +$0.30  +0.06%  WIN     end_of_day
                                                              +$0.76  +0.41%  2W/3L  │  cap: +$106.62 (+1.07%)  portfolio: $12903.55
  ────────────────────────────────────────────────────────────────────────────────────────────────
  2024-09-04   1     RH     BEARISH    0.51   240.51  240.57  -$0.06  -0.02%  LOSS    hard_stop
  2024-09-04   2     FN     BEARISH    0.41   223.75  223.78  -$0.03  -0.01%  LOSS    hard_stop
  2024-09-04   3     APP    BEARISH    0.33    88.20   88.23  -$0.02  -0.02%  LOSS    hard_stop
                            [BRE]              87.93   87.88  +$0.05  +0.06%  WIN     end_of_day
                                                              -$0.06  -0.00%  1W/3L  │  cap: -$0.97 (-0.01%)  portfolio: $12902.58
  ────────────────────────────────────────────────────────────────────────────────────────────────
  2024-09-05   1     ANAB   BEARISH    0.64    37.00   37.00  +$0.00  +0.00%  LOSS    fallback_20pct
                            [BRE]              36.85   36.82  +$0.03  +0.08%  WIN     end_of_day
  2024-09-05   2     RH     BEARISH    0.47   250.02  249.66  +$0.36  +0.14%  WIN     end_of_day
  2024-09-05   3     FN     BEARISH    0.41   225.55  225.59  -$0.04  -0.02%  LOSS    hard_stop
                            [BRE]             225.32  225.55  -$0.23  -0.10%  LOSS    hard_stop
                                                              +$0.12  +0.02%  2W/3L  │  cap: +$5.99 (+0.06%)  portfolio: $12908.58
  ────────────────────────────────────────────────────────────────────────────────────────────────
  2024-09-06   1     ANAB   BEARISH    0.64    36.00   36.00  +$0.00  +0.00%  LOSS    fallback_20pct
                            [BRE]              35.86   35.90  -$0.03  -0.08%  LOSS    end_of_day
  2024-09-06   2     FN     BEARISH    0.42   210.86  210.88  -$0.02  -0.01%  LOSS    hard_stop
                                                              -$0.05  -0.03%  0W/3L  │  cap: -$4.47 (-0.04%)  portfolio: $12904.11
  ────────────────────────────────────────────────────────────────────────────────────────────────
  2024-09-09   1     ANAB   BEARISH    0.66    35.19   35.20  -$0.01  -0.03%  LOSS    fallback_20pct
  2024-09-09   2     RH     BEARISH    0.49   244.81  244.86  -$0.05  -0.02%  LOSS    fallback_20pct
                            [BRE]             244.28  242.00  +$2.28  +0.93%  WIN     end_of_day
  2024-09-09   3     APP    BEARISH    0.37    85.33   85.36  -$0.03  -0.04%  LOSS    fallback_20pct
                                                              +$2.19  +0.21%  1W/3L  │  cap: +$25.26 (+0.25%)  portfolio: $12929.37
  ────────────────────────────────────────────────────────────────────────────────────────────────
  2024-09-10   1     ANAB   BEARISH    0.66    35.27   35.15  +$0.12  +0.34%  WIN     end_of_day
  2024-09-10   2     RH     BEARISH    0.45   242.92  242.92  +$0.00  +0.00%  LOSS    hard_stop
  2024-09-10   3     FN     BEARISH    0.44   206.30  206.30  +$0.00  +0.00%  LOSS    fallback_20pct
                                                              +$0.12  +0.11%  1W/2L  │  cap: +$17.01 (+0.17%)  portfolio: $12946.39
  ────────────────────────────────────────────────────────────────────────────────────────────────
  2024-09-11   1     RH     BEARISH    0.44   244.47  244.47  +$0.00  +0.00%  LOSS    fallback_20pct
                                                              +$0.00  +0.00%  0W/1L  │  cap: +$0.00 (+0.00%)  portfolio: $12946.39
  ────────────────────────────────────────────────────────────────────────────────────────────────
  2024-09-12   1     FN     BULLISH    0.52   224.20  224.15  -$0.05  -0.02%  LOSS    hard_stop
  2024-09-12   2     CVNA   BEARISH    0.16   140.12  140.15  -$0.03  -0.02%  LOSS    fallback_20pct
                            [BRE]             139.55  140.19  -$0.64  -0.46%  LOSS    hard_stop
  2024-09-12   3     TSLA   BEARISH    0.12   229.23  229.23  +$0.00  +0.00%  LOSS    fallback_20pct
                            [BRE]             229.03  229.33  -$0.30  -0.13%  LOSS    hard_stop
                                                              -$1.02  -0.13%  0W/5L  │  cap: -$18.14 (-0.18%)  portfolio: $12928.25
  ────────────────────────────────────────────────────────────────────────────────────────────────
  2024-09-13   1     FN     BEARISH    0.47   229.79  229.81  -$0.02  -0.01%  LOSS    fallback_20pct
  2024-09-13   2     RH     BEARISH    0.45   314.96  314.98  -$0.01  -0.00%  LOSS    hard_stop
  2024-09-13   3     EXPE   BEARISH    0.25   135.16  135.19  -$0.03  -0.02%  LOSS    fallback_20pct
                                                              -$0.06  -0.01%  0W/3L  │  cap: -$0.97 (-0.01%)  portfolio: $12927.28
  ────────────────────────────────────────────────────────────────────────────────────────────────
  2024-09-16   1     RH     BEARISH    0.45   333.36  329.65  +$3.71  +1.11%  WIN     end_of_day
  2024-09-16   2     APP    BULLISH    0.34   116.64  116.39  -$0.25  -0.21%  LOSS    fallback_20pct
  2024-09-16   3     EXPE   BEARISH    0.30   135.74  135.77  -$0.03  -0.02%  LOSS    hard_stop
                                                              +$3.43  +0.29%  1W/2L  │  cap: +$48.77 (+0.49%)  portfolio: $12976.05
  ────────────────────────────────────────────────────────────────────────────────────────────────
  2024-09-17   1     ANAB   BEARISH    1.66    37.10   37.24  -$0.14  -0.38%  LOSS    hard_stop
  2024-09-17   2     FN     BEARISH    0.49   229.76  229.79  -$0.03  -0.01%  LOSS    hard_stop
  2024-09-17   3     RH     BEARISH    0.43   332.43  332.45  -$0.02  -0.01%  LOSS    fallback_20pct
                            [BRE]             332.42  332.43  +$0.00  +0.00%  LOSS    hard_stop
                                                              -$0.19  -0.10%  0W/4L  │  cap: -$19.38 (-0.19%)  portfolio: $12956.67
  ────────────────────────────────────────────────────────────────────────────────────────────────
  2024-09-18   1     TSLA   BEARISH    0.39   229.82  230.01  -$0.18  -0.08%  LOSS    hard_stop
                            [BRE]             229.61  227.12  +$2.49  +1.08%  WIN     end_of_day
  2024-09-18   2     META   BULLISH    0.15   539.54  538.33  -$1.21  -0.22%  LOSS    fallback_20pct
  2024-09-18   3     FANG   BEARISH    0.11   179.85  179.87  -$0.02  -0.01%  LOSS    hard_stop
                            [BRE]             179.66  179.92  -$0.26  -0.14%  LOSS    hard_stop
                                                              +$0.82  +0.13%  1W/4L  │  cap: +$40.46 (+0.40%)  portfolio: $12997.13
  ────────────────────────────────────────────────────────────────────────────────────────────────
  2024-09-19   1     ANAB   BEARISH    0.54    37.46   37.46  +$0.00  +0.00%  LOSS    hard_stop
  2024-09-19   2     FN     BEARISH    0.48   234.44  234.49  -$0.05  -0.02%  LOSS    fallback_20pct
                            [BRE]             234.23  234.44  -$0.21  -0.09%  LOSS    hard_stop
  2024-09-19   3     APP    BEARISH    0.37   123.54  123.58  -$0.04  -0.03%  LOSS    hard_stop
                                                              -$0.30  -0.04%  0W/4L  │  cap: -$3.98 (-0.04%)  portfolio: $12993.15
  ────────────────────────────────────────────────────────────────────────────────────────────────
  2024-09-20   1     FN     BEARISH    0.53   229.83  229.90  -$0.07  -0.03%  LOSS    fallback_20pct
                            [BRE]             229.80  230.01  -$0.21  -0.09%  LOSS    hard_stop
  2024-09-20   2     TSLA   BULLISH    0.16   239.02  238.96  -$0.06  -0.03%  LOSS    hard_stop
  2024-09-20   3     FANG   BULLISH    0.14   181.36  181.33  -$0.03  -0.02%  LOSS    hard_stop
                                                              -$0.37  -0.04%  0W/4L  │  cap: -$7.18 (-0.07%)  portfolio: $12985.98
  ────────────────────────────────────────────────────────────────────────────────────────────────
  2024-09-23   1     ANAB   BEARISH    0.55    35.72   35.73  +$0.00  +0.00%  LOSS    fallback_20pct
                            [BRE]              35.68   35.68  +$0.00  +0.00%  LOSS    end_of_day
  2024-09-23   2     APP    BULLISH    0.31   126.90  126.88  -$0.02  -0.02%  LOSS    fallback_20pct
  2024-09-23   3     CVNA   BULLISH    0.19   176.06  175.62  -$0.44  -0.25%  LOSS    fallback_20pct
                                                              -$0.46  -0.07%  0W/4L  │  cap: -$5.47 (-0.05%)  portfolio: $12980.51
  ────────────────────────────────────────────────────────────────────────────────────────────────
  2024-09-24   1     ANAB   BEARISH    0.54    35.05   35.05  +$0.00  +0.00%  LOSS    hard_stop
  2024-09-24   2     FN     BEARISH    0.49   231.86  230.66  +$1.20  +0.52%  WIN     end_of_day
  2024-09-24   3     RH     BEARISH    0.43   345.33  344.37  +$0.96  +0.28%  WIN     end_of_day
                                                              +$2.16  +0.27%  2W/1L  │  cap: +$21.09 (+0.21%)  portfolio: $13001.59
  ────────────────────────────────────────────────────────────────────────────────────────────────
  2024-09-25   1     ANAB   BEARISH    0.62    32.82   32.35  +$0.47  +1.43%  WIN     end_of_day
  2024-09-25   2     RH     BEARISH    0.39   337.49  335.42  +$2.07  +0.61%  WIN     end_of_day
  2024-09-25   3     APP    BULLISH    0.31   130.88  130.90  +$0.02  +0.02%  WIN     hard_stop
                                                              +$2.56  +0.69%  3W/0L  │  cap: +$90.31 (+0.90%)  portfolio: $13091.90
  ────────────────────────────────────────────────────────────────────────────────────────────────
  2024-09-26   1     FN     BEARISH    0.43   233.98  233.98  +$0.00  +0.00%  LOSS    fallback_20pct
  2024-09-26   2     RH     BEARISH    0.35   338.82  338.85  -$0.03  -0.01%  LOSS    hard_stop
  2024-09-26   3     COIN   BULLISH    0.21   180.04  179.97  -$0.07  -0.04%  LOSS    fallback_20pct
                                                              -$0.10  -0.02%  0W/3L  │  cap: -$1.04 (-0.01%)  portfolio: $13090.86
  ────────────────────────────────────────────────────────────────────────────────────────────────
  2024-09-27   1     ANAB   BEARISH    0.52    31.86   31.85  +$0.01  +0.03%  WIN     end_of_day
  2024-09-27   2     APP    BEARISH    0.29   127.85  127.88  -$0.03  -0.02%  LOSS    hard_stop
                            [BRE]             127.75  127.95  -$0.20  -0.16%  LOSS    hard_stop
  2024-09-27   3     CVNA   BULLISH    0.16   170.06  170.07  +$0.00  +0.00%  LOSS    hard_stop
                                                              -$0.22  -0.04%  1W/3L  │  cap: -$3.83 (-0.04%)  portfolio: $13087.03
  ────────────────────────────────────────────────────────────────────────────────────────────────
  2024-09-30   1     FN     BEARISH    0.43   233.71  233.72  -$0.01  -0.00%  LOSS    fallback_20pct
  2024-09-30   2     RH     BEARISH    0.34   333.12  333.12  +$0.00  +0.00%  LOSS    hard_stop
                            [BRE]             333.06  333.12  -$0.06  -0.02%  LOSS    hard_stop
  2024-09-30   3     TSLA   BULLISH    0.21   258.92  258.86  -$0.06  -0.02%  LOSS    fallback_20pct
                                                              -$0.13  -0.01%  0W/4L  │  cap: -$1.22 (-0.01%)  portfolio: $13085.81
  ────────────────────────────────────────────────────────────────────────────────────────────────
  2024-10-01   1     FANG   BEARISH    0.18   176.92  177.03  -$0.11  -0.06%  LOSS    fallback_20pct
                            [BRE]             176.53  177.18  -$0.66  -0.37%  LOSS    hard_stop
                                                              -$0.77  -0.22%  0W/2L  │  cap: -$21.80 (-0.22%)  portfolio: $13064.01
  ────────────────────────────────────────────────────────────────────────────────────────────────
  2024-10-02   1     ANAB   BEARISH    0.47    34.84   34.85  -$0.01  -0.03%  LOSS    fallback_20pct
                            [BRE]              34.78   34.84  -$0.06  -0.17%  LOSS    hard_stop
  2024-10-02   2     FN     BEARISH    0.43   233.48  233.49  +$0.00  +0.00%  LOSS    fallback_20pct
                            [BRE]             233.29  233.48  -$0.20  -0.09%  LOSS    hard_stop
  2024-10-02   3     RH     BEARISH    0.34   335.29  335.30  -$0.01  -0.00%  LOSS    hard_stop
                            [BRE]             334.27  333.83  +$0.44  +0.13%  WIN     end_of_day
                                                              +$0.16  -0.03%  1W/5L  │  cap: -$10.06 (-0.10%)  portfolio: $13053.95
  ────────────────────────────────────────────────────────────────────────────────────────────────
  2024-10-03   1     FN     BEARISH    0.45   232.52  232.57  -$0.05  -0.02%  LOSS    fallback_20pct
                            [BRE]             232.36  232.52  -$0.16  -0.07%  LOSS    hard_stop
  2024-10-03   2     CVNA   BEARISH    0.12   176.12  176.13  -$0.02  -0.01%  LOSS    hard_stop
                            [BRE]             176.07  176.12  -$0.05  -0.03%  LOSS    hard_stop
                                                              -$0.28  -0.03%  0W/4L  │  cap: -$5.71 (-0.06%)  portfolio: $13048.24
  ────────────────────────────────────────────────────────────────────────────────────────────────
  2024-10-04   1     FN     BULLISH    0.47   240.95  242.51  +$1.56  +0.65%  WIN     end_of_day
  2024-10-04   2     ANAB   BEARISH    0.45    33.69   33.69  +$0.00  +0.00%  LOSS    hard_stop
  2024-10-04   3     RH     BEARISH    0.34   334.02  334.03  -$0.01  -0.00%  LOSS    hard_stop
                            [BRE]             333.86  332.48  +$1.38  +0.41%  WIN     end_of_day
                                                              +$2.93  +0.26%  2W/2L  │  cap: +$40.58 (+0.41%)  portfolio: $13088.82
  ────────────────────────────────────────────────────────────────────────────────────────────────
  2024-10-07   1     FN     BEARISH    0.45   240.27  240.28  -$0.01  -0.00%  LOSS    fallback_20pct
  2024-10-07   2     ANAB   BEARISH    0.45    32.92   32.92  +$0.00  +0.00%  LOSS    hard_stop
                            [BRE]              32.90   32.92  -$0.02  -0.06%  LOSS    hard_stop
  2024-10-07   3     RH     BEARISH    0.31   323.06  323.16  -$0.10  -0.03%  LOSS    fallback_20pct
                                                              -$0.13  -0.02%  0W/4L  │  cap: -$2.65 (-0.03%)  portfolio: $13086.17
  ────────────────────────────────────────────────────────────────────────────────────────────────
  2024-10-08   1     ANAB   BEARISH    0.49    32.62   32.64  -$0.02  -0.06%  LOSS    fallback_20pct
                            [BRE]              32.52   32.38  +$0.15  +0.46%  WIN     end_of_day
  2024-10-08   2     RH     BEARISH    0.29   321.60  321.63  -$0.03  -0.01%  LOSS    fallback_20pct
                            [BRE]             321.28  321.60  -$0.32  -0.10%  LOSS    hard_stop
  2024-10-08   3     APP    BEARISH    0.22   143.35  143.36  -$0.01  -0.01%  LOSS    fallback_20pct
                                                              -$0.23  +0.06%  1W/4L  │  cap: +$16.59 (+0.17%)  portfolio: $13102.76
  ────────────────────────────────────────────────────────────────────────────────────────────────
  2024-10-09   1     APP    BEARISH    0.30   142.66  142.71  -$0.05  -0.04%  LOSS    hard_stop
  2024-10-09   2     SHOP   BULLISH    0.10    83.42   83.41  -$0.01  -0.01%  LOSS    fallback_20pct
                                                              -$0.06  -0.02%  0W/2L  │  cap: -$2.11 (-0.02%)  portfolio: $13100.64
  ────────────────────────────────────────────────────────────────────────────────────────────────
  2024-10-10   1     EXPE   BEARISH    0.30   149.65  149.72  -$0.07  -0.05%  LOSS    hard_stop
  2024-10-10   2     RH     BEARISH    0.28   315.82  315.83  +$0.00  +0.00%  LOSS    hard_stop
  2024-10-10   3     META   BEARISH    0.13   584.98  585.03  -$0.05  -0.01%  LOSS    hard_stop
                                                              -$0.12  -0.02%  0W/3L  │  cap: -$2.51 (-0.03%)  portfolio: $13098.13
  ────────────────────────────────────────────────────────────────────────────────────────────────
  2024-10-11   1     APP    BEARISH    0.24   146.73  146.75  -$0.02  -0.01%  LOSS    hard_stop
  2024-10-11   2     COIN   BEARISH    0.22   176.24  176.31  -$0.07  -0.04%  LOSS    fallback_20pct
                            [BRE]             176.17  176.42  -$0.25  -0.14%  LOSS    hard_stop
  2024-10-11   3     EXPE   BEARISH    0.15   150.32  150.32  +$0.00  +0.00%  LOSS    fallback_20pct
                            [BRE]             150.24  150.32  -$0.07  -0.05%  LOSS    hard_stop
                                                              -$0.41  -0.05%  0W/5L  │  cap: -$7.06 (-0.07%)  portfolio: $13091.07
  ────────────────────────────────────────────────────────────────────────────────────────────────
  2024-10-14   1     FN     BEARISH    0.45   264.50  264.50  -$0.01  -0.00%  LOSS    fallback_20pct
                            [BRE]             264.25  264.50  -$0.25  -0.09%  LOSS    hard_stop
  2024-10-14   2     COIN   BULLISH    0.34   195.55  196.34  +$0.79  +0.40%  WIN     end_of_day
  2024-10-14   3     RH     BEARISH    0.28   328.78  328.79  +$0.00  +0.00%  LOSS    fallback_20pct
                                                              +$0.53  +0.08%  1W/3L  │  cap: +$7.20 (+0.07%)  portfolio: $13098.27
  ────────────────────────────────────────────────────────────────────────────────────────────────
  2024-10-15   1     FN     BEARISH    0.46   257.50  255.59  +$1.91  +0.74%  WIN     end_of_day
  2024-10-15   2     ANAB   BEARISH    0.38    33.31   33.31  +$0.00  +0.00%  LOSS    fallback_20pct
                            [BRE]              33.04   33.30  -$0.26  -0.79%  LOSS    end_of_day
  2024-10-15   3     COIN   BEARISH    0.34   194.72  194.86  -$0.14  -0.07%  LOSS    hard_stop
                                                              +$1.51  -0.03%  1W/3L  │  cap: +$12.04 (+0.12%)  portfolio: $13110.31
  ────────────────────────────────────────────────────────────────────────────────────────────────
  2024-10-16   1     FN     BEARISH    0.41   261.97  261.98  -$0.01  -0.00%  LOSS    fallback_20pct
  2024-10-16   2     ANAB   BEARISH    0.36    34.04   34.04  +$0.00  +0.00%  LOSS    fallback_20pct
  2024-10-16   3     COIN   BEARISH    0.23   209.93  209.97  -$0.04  -0.02%  LOSS    fallback_20pct
                                                              -$0.05  -0.01%  0W/3L  │  cap: -$0.57 (-0.01%)  portfolio: $13109.74
  ────────────────────────────────────────────────────────────────────────────────────────────────
  2024-10-17   1     APP    BEARISH    0.15   143.58  143.61  -$0.02  -0.01%  LOSS    fallback_20pct
                            [BRE]             143.56  142.99  +$0.57  +0.40%  WIN     end_of_day
  2024-10-17   2     SHOP   BEARISH    0.11    81.70   81.71  -$0.01  -0.01%  LOSS    fallback_20pct
                            [BRE]              81.64   81.71  -$0.07  -0.09%  LOSS    trailing_stop_ma20
  2024-10-17   3     META   BEARISH    0.11   577.30  577.44  -$0.14  -0.02%  LOSS    fallback_20pct
                            [BRE]             577.04  576.98  +$0.06  +0.01%  WIN     end_of_day
                                                              +$0.39  +0.05%  2W/4L  │  cap: +$15.94 (+0.16%)  portfolio: $13125.68
  ────────────────────────────────────────────────────────────────────────────────────────────────
  2024-10-18   1     FN     BEARISH    0.58   238.26  238.44  -$0.18  -0.08%  LOSS    fallback_20pct
  2024-10-18   2     ANAB   BEARISH    0.35    35.13   34.95  +$0.18  +0.51%  WIN     end_of_day
  2024-10-18   3     RH     BEARISH    0.27   356.25  354.32  +$1.93  +0.54%  WIN     end_of_day
                                                              +$1.93  +0.33%  2W/1L  │  cap: +$22.43 (+0.22%)  portfolio: $13148.11
  ────────────────────────────────────────────────────────────────────────────────────────────────
  2024-10-21   1     COIN   BULLISH    0.32   214.79  214.77  -$0.02  -0.01%  LOSS    hard_stop
  2024-10-21   2     RH     BEARISH    0.23   347.76  347.77  -$0.01  -0.00%  LOSS    hard_stop
  2024-10-21   3     APP    BULLISH    0.18   158.34  158.85  +$0.51  +0.32%  WIN     end_of_day
                                                              +$0.48  +0.10%  1W/2L  │  cap: +$5.89 (+0.06%)  portfolio: $13154.00
  ────────────────────────────────────────────────────────────────────────────────────────────────
  2024-10-22   1     APP    BEARISH    0.14   159.63  159.64  -$0.01  -0.01%  LOSS    hard_stop
                            [BRE]             159.30  158.95  +$0.35  +0.22%  WIN     end_of_day
  2024-10-22   2     CVNA   BULLISH    0.12   196.48  197.36  +$0.88  +0.45%  WIN     end_of_day
  2024-10-22   3     EXPE   BEARISH    0.08   161.21  161.23  -$0.02  -0.01%  LOSS    hard_stop
                            [BRE]             161.20  161.21  -$0.02  -0.01%  LOSS    hard_stop
                                                              +$1.18  +0.13%  2W/3L  │  cap: +$23.61 (+0.24%)  portfolio: $13177.61
  ────────────────────────────────────────────────────────────────────────────────────────────────
  2024-10-23   1     RH     BEARISH    0.25   325.34  325.40  -$0.06  -0.02%  LOSS    fallback_20pct
  2024-10-23   2     FANG   BEARISH    0.10   180.35  180.36  -$0.01  -0.01%  LOSS    hard_stop
                                                              -$0.07  -0.01%  0W/2L  │  cap: -$1.09 (-0.01%)  portfolio: $13176.52
  ────────────────────────────────────────────────────────────────────────────────────────────────
  2024-10-24   1     META   BEARISH    0.11   566.30  566.41  -$0.11  -0.02%  LOSS    fallback_20pct
  2024-10-24   2     EXPE   BEARISH    0.08   159.71  159.73  -$0.02  -0.01%  LOSS    fallback_20pct
                                                              -$0.13  -0.02%  0W/2L  │  cap: -$1.35 (-0.01%)  portfolio: $13175.18
  ────────────────────────────────────────────────────────────────────────────────────────────────
  2024-10-25   1     ANAB   BEARISH    0.29    32.12   32.12  +$0.00  +0.00%  LOSS    hard_stop
                            [BRE]              31.94   32.01  -$0.07  -0.22%  LOSS    end_of_day
  2024-10-25   2     FN     BEARISH    0.27   246.62  246.42  +$0.19  +0.08%  WIN     trailing_stop_ma20
  2024-10-25   3     TSLA   BULLISH    0.16   266.78  266.49  -$0.29  -0.11%  LOSS    fallback_20pct
                                                              -$0.17  -0.06%  1W/3L  │  cap: -$10.82 (-0.11%)  portfolio: $13164.36
  ────────────────────────────────────────────────────────────────────────────────────────────────
  2024-10-28   1     ANAB   BEARISH    0.28    30.47   30.47  +$0.00  +0.00%  LOSS    hard_stop
  2024-10-28   2     COIN   BULLISH    0.18   214.92  214.94  +$0.02  +0.01%  WIN     fallback_20pct
  2024-10-28   3     APP    BULLISH    0.15   166.29  166.23  -$0.06  -0.04%  LOSS    fallback_20pct
                                                              -$0.04  -0.01%  1W/2L  │  cap: -$0.44 (-0.00%)  portfolio: $13163.91
  ────────────────────────────────────────────────────────────────────────────────────────────────
  2024-10-29   1     ANAB   BEARISH    0.27    30.33   30.33  +$0.00  +0.00%  LOSS    hard_stop
  2024-10-29   2     RH     BEARISH    0.17   314.60  311.97  +$2.63  +0.84%  WIN     end_of_day
  2024-10-29   3     APP    BEARISH    0.12   171.20  171.24  -$0.04  -0.02%  LOSS    fallback_20pct
                            [BRE]             171.16  171.30  -$0.14  -0.08%  LOSS    hard_stop
                                                              +$2.45  +0.18%  1W/3L  │  cap: +$22.98 (+0.23%)  portfolio: $13186.89
  ────────────────────────────────────────────────────────────────────────────────────────────────
  2024-10-30   1     META   BEARISH    0.29   590.41  590.90  -$0.49  -0.08%  LOSS    fallback_20pct
  2024-10-30   2     CVNA   BEARISH    0.24   211.15  211.25  -$0.10  -0.05%  LOSS    hard_stop
                            [BRE]             211.06  207.22  +$3.84  +1.82%  WIN     end_of_day
  2024-10-30   3     COIN   BEARISH    0.24   214.57  214.69  -$0.12  -0.06%  LOSS    fallback_20pct
                            [BRE]             214.50  211.82  +$2.68  +1.25%  WIN     end_of_day
                                                              +$5.81  +0.58%  2W/3L  │  cap: +$72.88 (+0.73%)  portfolio: $13259.77
  ────────────────────────────────────────────────────────────────────────────────────────────────
  2024-10-31   1     ANAB   BEARISH    0.30    22.08   22.09  -$0.01  -0.05%  LOSS    fallback_20pct
                            [BRE]              21.94   21.66  +$0.28  +1.28%  WIN     end_of_day
                                                              +$0.27  +0.62%  1W/1L  │  cap: +$61.55 (+0.62%)  portfolio: $13321.32
  ────────────────────────────────────────────────────────────────────────────────────────────────
  2024-11-01   1     APP    BEARISH    0.08   164.36  164.37  +$0.00  +0.00%  LOSS    fallback_20pct
                            [BRE]             164.16  163.60  +$0.56  +0.34%  WIN     end_of_day
                                                              +$0.56  +0.17%  1W/1L  │  cap: +$17.06 (+0.17%)  portfolio: $13338.37
  ────────────────────────────────────────────────────────────────────────────────────────────────
  2024-11-04   1     TSLA   BEARISH    0.30   244.15  242.91  +$1.24  +0.51%  WIN     end_of_day
  2024-11-04   2     FN     BEARISH    0.27   242.00  239.59  +$2.41  +1.00%  WIN     end_of_day
  2024-11-04   3     COIN   BEARISH    0.25   184.53  184.63  -$0.10  -0.05%  LOSS    hard_stop
                            [BRE]             184.49  184.87  -$0.38  -0.21%  LOSS    hard_stop
                                                              +$3.17  +0.31%  2W/2L  │  cap: +$50.07 (+0.50%)  portfolio: $13388.44
  ────────────────────────────────────────────────────────────────────────────────────────────────
  2024-11-05   1     RH     BULLISH    0.26   330.14  331.98  +$1.84  +0.56%  WIN     end_of_day
  2024-11-05   2     CVNA   BULLISH    0.14   235.35  235.33  -$0.02  -0.01%  LOSS    hard_stop
  2024-11-05   3     FANG   BEARISH    0.13   173.80  173.82  -$0.02  -0.01%  LOSS    fallback_20pct
                                                              +$1.80  +0.18%  1W/2L  │  cap: +$27.38 (+0.27%)  portfolio: $13415.82
  ────────────────────────────────────────────────────────────────────────────────────────────────
  2024-11-06   1     COIN   BEARISH    0.50   251.43  251.78  -$0.35  -0.14%  LOSS    fallback_20pct
  2024-11-06   2     ANAB   BULLISH    0.21    22.28   22.23  -$0.05  -0.22%  LOSS    fallback_20pct
  2024-11-06   3     MU     BEARISH    0.17   111.20  111.23  -$0.03  -0.03%  LOSS    fallback_20pct
                                                              -$0.43  -0.13%  0W/3L  │  cap: -$14.23 (-0.14%)  portfolio: $13401.59
  ────────────────────────────────────────────────────────────────────────────────────────────────
  2024-11-07   1     RH     BEARISH    0.30   332.07  332.23  -$0.16  -0.05%  LOSS    fallback_20pct
  2024-11-07   2     CVNA   BEARISH    0.27   241.98  241.35  +$0.63  +0.26%  WIN     end_of_day
  2024-11-07   3     APP    BEARISH    0.26   238.87  239.03  -$0.16  -0.07%  LOSS    hard_stop
                                                              +$0.31  +0.05%  1W/2L  │  cap: +$4.06 (+0.04%)  portfolio: $13405.65
  ────────────────────────────────────────────────────────────────────────────────────────────────
  2024-11-08   1     TSLA   BEARISH    0.39   321.80  321.71  +$0.09  +0.03%  WIN     hard_stop
  2024-11-08   2     RH     BULLISH    0.35   331.76  331.60  -$0.17  -0.05%  LOSS    hard_stop
  2024-11-08   3     FN     BULLISH    0.22   269.83  269.80  -$0.03  -0.01%  LOSS    hard_stop
                                                              -$0.11  -0.01%  1W/2L  │  cap: -$0.36 (-0.00%)  portfolio: $13405.29
  ────────────────────────────────────────────────────────────────────────────────────────────────
  2024-11-11   1     APP    BEARISH    0.33   284.12  284.49  -$0.37  -0.13%  LOSS    fallback_20pct
  2024-11-11   2     TSLA   BEARISH    0.27   343.16  343.20  -$0.05  -0.01%  LOSS    fallback_20pct
  2024-11-11   3     SHOP   BEARISH    0.26    89.89   89.91  -$0.02  -0.02%  LOSS    hard_stop
                                                              -$0.44  -0.06%  0W/3L  │  cap: -$7.39 (-0.07%)  portfolio: $13397.90
  ────────────────────────────────────────────────────────────────────────────────────────────────
  2024-11-12   1     ANAB   BEARISH    0.21    21.37   21.37  +$0.00  +0.00%  LOSS    fallback_20pct
                            [BRE]              21.18   21.37  -$0.19  -0.90%  LOSS    hard_stop
  2024-11-12   2     FN     BEARISH    0.20   263.12  258.86  +$4.25  +1.62%  WIN     end_of_day
  2024-11-12   3     META   BEARISH    0.13   585.22  585.22  +$0.00  +0.00%  LOSS    fallback_20pct
                            [BRE]             585.08  585.37  -$0.29  -0.05%  LOSS    hard_stop
                                                              +$3.77  +0.13%  1W/4L  │  cap: +$2.61 (+0.03%)  portfolio: $13400.51
  ────────────────────────────────────────────────────────────────────────────────────────────────
  2024-11-13   1     FN     BEARISH    0.26   254.43  251.98  +$2.45  +0.96%  WIN     end_of_day
  2024-11-13   2     RH     BEARISH    0.22   324.09  324.17  -$0.08  -0.02%  LOSS    fallback_20pct
  2024-11-13   3     SHOP   BEARISH    0.21   112.49  112.53  -$0.04  -0.04%  LOSS    fallback_20pct
                                                              +$2.33  +0.30%  1W/2L  │  cap: +$46.70 (+0.47%)  portfolio: $13447.20
  ────────────────────────────────────────────────────────────────────────────────────────────────
  2024-11-14   1     COIN   BEARISH    0.40   283.08  283.22  -$0.14  -0.05%  LOSS    hard_stop
                            [BRE]             282.62  278.87  +$3.75  +1.33%  WIN     end_of_day
  2024-11-14   2     MU     BEARISH    0.35    98.74   98.82  -$0.08  -0.08%  LOSS    hard_stop
  2024-11-14   3     CVNA   BEARISH    0.29   241.00  240.49  +$0.50  +0.21%  WIN     end_of_day
                                                              +$4.03  +0.35%  2W/2L  │  cap: +$65.59 (+0.66%)  portfolio: $13512.79
  ────────────────────────────────────────────────────────────────────────────────────────────────
  2024-11-15   1     APP    BEARISH    0.44   282.68  283.06  -$0.37  -0.13%  LOSS    hard_stop
  2024-11-15   2     ANAB   BEARISH    0.25    19.24   19.25  -$0.01  -0.05%  LOSS    hard_stop
                            [BRE]              19.10   19.01  +$0.09  +0.47%  WIN     end_of_day
  2024-11-15   3     FANG   BEARISH    0.10   177.12  177.16  -$0.04  -0.02%  LOSS    fallback_20pct
                            [BRE]             176.58  176.52  +$0.05  +0.03%  WIN     end_of_day
                                                              -$0.28  +0.06%  2W/3L  │  cap: +$6.15 (+0.06%)  portfolio: $13518.94
  ────────────────────────────────────────────────────────────────────────────────────────────────
  2024-11-18   1     APP    BEARISH    0.10   295.98  296.05  -$0.07  -0.02%  LOSS    fallback_20pct
                                                              -$0.07  -0.02%  0W/1L  │  cap: -$1.18 (-0.01%)  portfolio: $13517.76
  ────────────────────────────────────────────────────────────────────────────────────────────────
  2024-11-19   1     CVNA   BEARISH    0.15   249.40  249.48  -$0.08  -0.03%  LOSS    fallback_20pct
                            [BRE]             249.38  249.23  +$0.15  +0.06%  WIN     end_of_day
  2024-11-19   2     META   BEARISH    0.11   556.84  556.85  -$0.01  -0.00%  LOSS    fallback_20pct
                                                              +$0.06  +0.01%  1W/2L  │  cap: +$1.35 (+0.01%)  portfolio: $13519.11
  ────────────────────────────────────────────────────────────────────────────────────────────────
  2024-11-20   1     ANAB   BEARISH    0.51    19.90   19.93  -$0.03  -0.15%  LOSS    fallback_20pct
  2024-11-20   2     RH     BEARISH    0.19   333.83  333.86  -$0.03  -0.01%  LOSS    fallback_20pct
                            [BRE]             332.92  333.91  -$0.99  -0.30%  LOSS    hard_stop
  2024-11-20   3     CVNA   BEARISH    0.09   244.82  244.87  -$0.05  -0.02%  LOSS    fallback_20pct
                            [BRE]             244.06  244.46  -$0.40  -0.16%  LOSS    end_of_day
                                                              -$1.50  -0.13%  0W/5L  │  cap: -$20.41 (-0.20%)  portfolio: $13498.69
  ────────────────────────────────────────────────────────────────────────────────────────────────
  2024-11-21   1     TSLA   BEARISH    0.18   340.58  340.61  -$0.03  -0.01%  LOSS    fallback_20pct
                            [BRE]             340.36  339.69  +$0.67  +0.20%  WIN     end_of_day
                                                              +$0.64  +0.09%  1W/1L  │  cap: +$9.40 (+0.09%)  portfolio: $13508.10
  ────────────────────────────────────────────────────────────────────────────────────────────────
  2024-11-22   1     ANAB   BULLISH    0.39    22.09   22.28  +$0.19  +0.86%  WIN     end_of_day
  2024-11-22   2     TSLA   BEARISH    0.32   352.09  352.13  -$0.04  -0.01%  LOSS    fallback_20pct
  2024-11-22   3     MU     BEARISH    0.28   102.70  102.63  +$0.07  +0.07%  WIN     end_of_day
                                                              +$0.22  +0.31%  2W/1L  │  cap: +$44.03 (+0.44%)  portfolio: $13552.12
  ────────────────────────────────────────────────────────────────────────────────────────────────
  2024-11-25   1     ANAB   BULLISH    0.34    24.64   24.66  +$0.02  +0.08%  WIN     hard_stop
  2024-11-25   2     APP    BEARISH    0.27   322.06  319.64  +$2.42  +0.75%  WIN     end_of_day
  2024-11-25   3     TSLA   BEARISH    0.25   346.47  346.50  -$0.03  -0.01%  LOSS    hard_stop
                            [BRE]             346.09  338.57  +$7.52  +2.17%  WIN     end_of_day
                                                              +$9.93  +0.75%  3W/1L  │  cap: +$69.88 (+0.70%)  portfolio: $13622.01
  ────────────────────────────────────────────────────────────────────────────────────────────────
  2024-11-26   1     RH     BEARISH    0.20   385.17  385.19  -$0.02  -0.01%  LOSS    fallback_20pct
                            [BRE]             385.09  385.17  -$0.08  -0.02%  LOSS    hard_stop
  2024-11-26   2     FANG   BEARISH    0.11   175.59  175.60  -$0.01  -0.01%  LOSS    fallback_20pct
  2024-11-26   3     CVNA   BEARISH    0.11   255.41  255.49  -$0.08  -0.03%  LOSS    fallback_20pct
                            [BRE]             255.11  255.44  -$0.33  -0.13%  LOSS    hard_stop
                                                              -$0.52  -0.04%  0W/5L  │  cap: -$4.68 (-0.05%)  portfolio: $13617.33
  ────────────────────────────────────────────────────────────────────────────────────────────────
  2024-11-27   1     ANAB   BEARISH    0.17    25.26   25.26  +$0.00  +0.00%  LOSS    hard_stop
                            [BRE]              25.15   25.15  +$0.00  +0.00%  LOSS    end_of_day
  2024-11-27   2     FANG   BEARISH    0.17   177.04  177.08  -$0.05  -0.03%  LOSS    fallback_20pct
                            [BRE]             176.87  176.17  +$0.70  +0.40%  WIN     end_of_day
  2024-11-27   3     APP    BULLISH    0.14   325.95  326.16  +$0.21  +0.06%  WIN     hard_stop
                                                              +$0.86  +0.09%  2W/3L  │  cap: +$12.31 (+0.12%)  portfolio: $13629.64
  ────────────────────────────────────────────────────────────────────────────────────────────────
  2024-12-02   1     SHOP   BULLISH    0.28   113.06  113.10  +$0.04  +0.04%  WIN     hard_stop
  2024-12-02   2     FN     BEARISH    0.26   233.90  233.91  +$0.00  +0.00%  LOSS    hard_stop
                            [BRE]             233.72  233.90  -$0.19  -0.08%  LOSS    hard_stop
  2024-12-02   3     MU     BEARISH    0.21    98.77   98.81  -$0.04  -0.04%  LOSS    fallback_20pct
                            [BRE]              98.55   98.55  +$0.00  +0.00%  LOSS    end_of_day
                                                              -$0.19  -0.02%  1W/4L  │  cap: -$1.48 (-0.01%)  portfolio: $13628.16
  ────────────────────────────────────────────────────────────────────────────────────────────────
  2024-12-03   1     FANG   BULLISH    0.17   176.30  176.26  -$0.04  -0.02%  LOSS    hard_stop
  2024-12-03   2     TSLA   BULLISH    0.17   349.98  349.49  -$0.49  -0.14%  LOSS    fallback_20pct
  2024-12-03   3     MU     BEARISH    0.17   100.09  100.11  -$0.02  -0.02%  LOSS    fallback_20pct
                            [BRE]              99.87   99.84  +$0.03  +0.03%  WIN     end_of_day
                                                              -$0.52  -0.04%  1W/3L  │  cap: -$5.13 (-0.05%)  portfolio: $13623.03
  ────────────────────────────────────────────────────────────────────────────────────────────────
  2024-12-04   1     FN     BEARISH    0.28   241.10  241.14  -$0.04  -0.02%  LOSS    hard_stop
                            [BRE]             241.08  241.10  -$0.01  -0.00%  LOSS    hard_stop
  2024-12-04   2     META   BULLISH    0.17   612.85  613.57  +$0.72  +0.12%  WIN     end_of_day
  2024-12-04   3     CVNA   BULLISH    0.15   259.32  259.10  -$0.22  -0.08%  LOSS    fallback_20pct
                                                              +$0.45  +0.00%  1W/3L  │  cap: +$0.79 (+0.01%)  portfolio: $13623.82
  ────────────────────────────────────────────────────────────────────────────────────────────────
  2024-12-05   1     ANAB   BEARISH    0.27    24.18   23.68  +$0.50  +2.07%  WIN     end_of_day
  2024-12-05   2     FN     BEARISH    0.27   235.40  234.87  +$0.53  +0.23%  WIN     end_of_day
                                                              +$1.03  +1.15%  2W/0L  │  cap: +$110.15 (+1.10%)  portfolio: $13733.96
  ────────────────────────────────────────────────────────────────────────────────────────────────
  2024-12-06   1     ANAB   BULLISH    0.55    24.88   24.79  -$0.09  -0.36%  LOSS    fallback_20pct
  2024-12-06   2     TSLA   BULLISH    0.31   379.78  389.27  +$9.50  +2.50%  WIN     end_of_day
  2024-12-06   3     MU     BEARISH    0.17   100.92  100.93  -$0.01  -0.01%  LOSS    fallback_20pct
                                                              +$9.40  +0.71%  1W/2L  │  cap: +$56.76 (+0.57%)  portfolio: $13790.72
  ────────────────────────────────────────────────────────────────────────────────────────────────
  2024-12-09   1     ANAB   BEARISH    0.28    23.51   23.51  +$0.00  +0.00%  LOSS    fallback_20pct
                            [BRE]              23.26   22.88  +$0.38  +1.63%  WIN     end_of_day
  2024-12-09   2     FN     BEARISH    0.26   239.09  238.45  +$0.64  +0.27%  WIN     end_of_day
  2024-12-09   3     MU     BEARISH    0.21   101.94  101.96  -$0.01  -0.01%  LOSS    hard_stop
                                                              +$1.01  +0.47%  2W/2L  │  cap: +$89.52 (+0.90%)  portfolio: $13880.24
  ────────────────────────────────────────────────────────────────────────────────────────────────
  2024-12-10   1     TSLA   BEARISH    0.66   400.49  401.10  -$0.61  -0.15%  LOSS    fallback_20pct
  2024-12-10   2     MU     BEARISH    0.31    97.84   97.90  -$0.06  -0.06%  LOSS    hard_stop
  2024-12-10   3     AMD    BEARISH    0.22   127.88  127.77  +$0.12  +0.09%  WIN     end_of_day
                                                              -$0.55  -0.04%  1W/2L  │  cap: -$7.58 (-0.08%)  portfolio: $13872.66
  ────────────────────────────────────────────────────────────────────────────────────────────────
  2024-12-11   1     TSLA   BULLISH    0.32   420.06  420.22  +$0.15  +0.04%  WIN     hard_stop
  2024-12-11   2     RH     BEARISH    0.24   398.06  398.06  +$0.00  +0.00%  LOSS    hard_stop
  2024-12-11   3     FN     BULLISH    0.24   241.27  240.85  -$0.42  -0.17%  LOSS    fallback_20pct
                                                              -$0.27  -0.05%  1W/2L  │  cap: -$1.70 (-0.02%)  portfolio: $13870.97
  ────────────────────────────────────────────────────────────────────────────────────────────────
  2024-12-12   1     ANAB   BEARISH    0.31    15.07   15.08  -$0.01  -0.07%  LOSS    hard_stop
                            [BRE]              15.03   15.07  -$0.04  -0.27%  LOSS    hard_stop
  2024-12-12   2     RH     BEARISH    0.24   382.42  382.42  +$0.00  +0.00%  LOSS    fallback_20pct
                            [BRE]             381.64  382.42  -$0.78  -0.20%  LOSS    hard_stop
  2024-12-12   3     META   BULLISH    0.20   631.20  631.08  -$0.12  -0.02%  LOSS    fallback_20pct
                                                              -$0.95  -0.11%  0W/5L  │  cap: -$23.14 (-0.23%)  portfolio: $13847.83
  ────────────────────────────────────────────────────────────────────────────────────────────────
  2024-12-13   1     TSLA   BEARISH    0.31   432.01  432.09  -$0.08  -0.02%  LOSS    fallback_20pct
                            [BRE]             431.37  432.42  -$1.04  -0.24%  LOSS    hard_stop
  2024-12-13   2     ANAB   BEARISH    0.28    15.39   15.39  +$0.00  +0.00%  LOSS    fallback_20pct
  2024-12-13   3     MU     BULLISH    0.20   101.94  102.50  +$0.56  +0.55%  WIN     end_of_day
                                                              -$0.56  +0.07%  1W/3L  │  cap: -$1.99 (-0.02%)  portfolio: $13845.84
  ────────────────────────────────────────────────────────────────────────────────────────────────
  2024-12-16   1     ANAB   BEARISH    0.37    16.98   16.63  +$0.35  +2.06%  WIN     end_of_day
  2024-12-16   2     MU     BULLISH    0.21   109.50  109.47  -$0.03  -0.03%  LOSS    hard_stop
  2024-12-16   3     META   BULLISH    0.18   629.37  629.27  -$0.10  -0.02%  LOSS    hard_stop
                                                              +$0.22  +0.67%  1W/2L  │  cap: +$101.92 (+1.02%)  portfolio: $13947.76
  ────────────────────────────────────────────────────────────────────────────────────────────────
  2024-12-17   1     TSLA   BULLISH    0.39   478.68  478.34  -$0.34  -0.07%  LOSS    fallback_20pct
  2024-12-17   2     RH     BEARISH    0.26   410.42  410.49  -$0.06  -0.01%  LOSS    hard_stop
                            [BRE]             409.87  410.42  -$0.56  -0.14%  LOSS    hard_stop
  2024-12-17   3     FN     BEARISH    0.23   230.15  230.17  -$0.02  -0.01%  LOSS    fallback_20pct
                            [BRE]             229.72  230.15  -$0.44  -0.19%  LOSS    hard_stop
                                                              -$1.42  -0.08%  0W/5L  │  cap: -$12.09 (-0.12%)  portfolio: $13935.67
  ────────────────────────────────────────────────────────────────────────────────────────────────
  2024-12-18   1     TSLA   BEARISH    1.68   446.23  449.00  -$2.77  -0.62%  LOSS    fallback_20pct
                            [BRE]             437.75  440.51  -$2.76  -0.63%  LOSS    end_of_day
  2024-12-18   2     PLTR   BEARISH    0.84    74.06   74.28  -$0.22  -0.30%  LOSS    fallback_20pct
                            [BRE]              73.52   71.01  +$2.51  +3.41%  WIN     end_of_day
  2024-12-18   3     ANAB   BEARISH    0.54    16.02   16.05  -$0.03  -0.19%  LOSS    fallback_20pct
                            [BRE]              15.80   15.38  +$0.42  +2.66%  WIN     end_of_day
                                                              -$2.85  +0.72%  2W/4L  │  cap: +$80.37 (+0.80%)  portfolio: $14016.03
  ────────────────────────────────────────────────────────────────────────────────────────────────
  2024-12-19   1     RH     BEARISH    0.29   386.24  386.33  -$0.08  -0.02%  LOSS    fallback_20pct
                            [BRE]             386.23  386.24  -$0.01  -0.00%  LOSS    hard_stop
  2024-12-19   2     FN     BEARISH    0.27   224.84  224.88  -$0.05  -0.02%  LOSS    fallback_20pct
                            [BRE]             224.31  222.72  +$1.59  +0.71%  WIN     end_of_day
  2024-12-19   3     META   BEARISH    0.18   601.22  601.25  -$0.03  -0.00%  LOSS    fallback_20pct
                            [BRE]             600.10  595.23  +$4.87  +0.81%  WIN     end_of_day
                                                              +$6.29  +0.24%  2W/4L  │  cap: +$35.56 (+0.36%)  portfolio: $14051.60
  ────────────────────────────────────────────────────────────────────────────────────────────────
  2024-12-20   1     PLTR   BEARISH    0.62    79.00   79.16  -$0.16  -0.20%  LOSS    fallback_20pct
                            [BRE]              78.98   79.40  -$0.42  -0.53%  LOSS    hard_stop
  2024-12-20   2     ANAB   BEARISH    0.55    14.37   14.38  -$0.01  -0.07%  LOSS    hard_stop
                            [BRE]              14.29   14.40  -$0.11  -0.77%  LOSS    hard_stop
  2024-12-20   3     TSLA   BEARISH    0.32   439.09  421.13 +$17.96  +4.09%  WIN     end_of_day
                                                             +$17.26  +0.50%  1W/4L  │  cap: +$19.91 (+0.20%)  portfolio: $14071.50
  ────────────────────────────────────────────────────────────────────────────────────────────────
  2024-12-26   1     TSLA   BULLISH    0.48   456.01  455.82  -$0.19  -0.04%  LOSS    hard_stop
  2024-12-26   2     PLTR   BEARISH    0.31    82.03   81.89  +$0.14  +0.17%  WIN     trailing_stop_ma20
  2024-12-26   3     RH     BEARISH    0.27   408.85  407.40  +$1.45  +0.35%  WIN     end_of_day
                                                              +$1.40  +0.16%  2W/1L  │  cap: +$10.13 (+0.10%)  portfolio: $14081.63
  ────────────────────────────────────────────────────────────────────────────────────────────────
  2024-12-27   1     ANAB   BEARISH    0.38    13.08   13.08  +$0.00  +0.00%  LOSS    fallback_20pct
                            [BRE]              13.01   13.01  +$0.00  +0.00%  LOSS    end_of_day
  2024-12-27   2     RH     BEARISH    0.23   397.50  397.50  +$0.00  +0.00%  LOSS    hard_stop
                                                              +$0.00  +0.00%  0W/3L  │  cap: +$0.00 (+0.00%)  portfolio: $14081.63
  ────────────────────────────────────────────────────────────────────────────────────────────────
  2024-12-30   1     FN     BEARISH    0.31   215.91  215.65  +$0.26  +0.12%  WIN     end_of_day
  2024-12-30   2     PLTR   BEARISH    0.24    77.98   77.99  -$0.01  -0.01%  LOSS    hard_stop
                            [BRE]              77.73   77.16  +$0.57  +0.73%  WIN     end_of_day
  2024-12-30   3     RH     BEARISH    0.23   394.78  394.16  +$0.62  +0.16%  WIN     end_of_day
                                                              +$1.44  +0.25%  3W/1L  │  cap: +$30.78 (+0.31%)  portfolio: $14112.41
  ────────────────────────────────────────────────────────────────────────────────────────────────
━━━━━━━━━━━━━━━━━━━━━━━━━━━━━━━━━━━━━━━━━━━━━━━━━━━━━━━━━━━━━━━━━━━━━━━━━━━━━━━━━━━━━━━━━━━━━━━━━━

━━━━━━━━━━━━━━━━━━━━━━━━━━━━━━━━━━━━━━━━━━━━━━━━━━━━━━━━━━━━━━━━━━━━━━
  SUMMARY — Selector Backtest
  2024-01-01 → 2024-12-31  |  top-3  |  60d rolling  |  stop-pct 0.15
━━━━━━━━━━━━━━━━━━━━━━━━━━━━━━━━━━━━━━━━━━━━━━━━━━━━━━━━━━━━━━━━━━━━━━

  SELECTED  (top-3 per window per day, scoring + EV gate)
  ────────────────────────────────────────────────
  Trades          : 667  (150W / 517L)
  Bearish re-entry: 231  (84W / 147L)
  Win rate        : 22%
  Avg win  %      : +0.70%  per trade
  Avg loss %      : -0.18%  per trade
  EV / trade      : +0.016%
  Net P&L (1 sh)  : +$159.12

  BASELINE  (all signals, no selection, first window only)
  ────────────────────────────────────────────────
  Trades          : 1912  (518W / 1394L)
  Win rate        : 27%
  Avg win  %      : +0.60%  per trade
  Avg loss %      : -0.07%  per trade
  EV / trade      : +0.114%
  Net P&L (1 sh)  : +$452.60

  CAPITAL SIMULATION  ($10,000 initial | weighted 50%/30%/20% × 3 slots)
  ────────────────────────────────────────────────
  Total return ($)    : +$4112.41
  Total return (%)    : +41.12%
  Final portfolio     : $14,112.41
  Days with picks     : 242
  Avg daily return    : +$16.99  (+0.17%)

━━━━━━━━━━━━━━━━━━━━━━━━━━━━━━━━━━━━━━━━━━━━━━━━━━━━━━━━━━━━━━━━━━━━━━━━
  WEEKLY BREAKDOWN  ($10,000 initial | weighted 50%/30%/20% × 3 slots)
━━━━━━━━━━━━━━━━━━━━━━━━━━━━━━━━━━━━━━━━━━━━━━━━━━━━━━━━━━━━━━━━━━━━━━━━
  Period        Picks  W/L           Cap P&L$   Return%  Portfolio
  ────────────────────────────────────────────────────────────────────
  2024-W01         11  2W/9L          +$37.54    +0.38%  $10,037.54
  2024-W02         15  6W/9L         +$129.21    +1.29%  $10,166.75
  2024-W03          8  2W/6L          +$32.24    +0.32%  $10,198.99
  2024-W04         14  5W/9L         +$148.39    +1.48%  $10,347.38
  2024-W05         12  5W/7L         +$228.15    +2.28%  $10,575.53
  2024-W06         15  4W/11L        +$210.05    +2.10%  $10,785.57
  2024-W07         15  4W/11L         +$30.58    +0.31%  $10,816.16
  2024-W08         10  1W/9L          -$11.49    -0.11%  $10,804.67
  2024-W09         15  1W/14L          +$5.91    +0.06%  $10,810.58
  2024-W10         14  6W/8L          +$98.34    +0.98%  $10,908.91
  2024-W11         14  3W/11L        +$312.09    +3.12%  $11,221.00
  2024-W12         15  5W/10L        +$301.94    +3.02%  $11,522.94
  2024-W13         12  4W/8L         +$126.01    +1.26%  $11,648.96
  2024-W14         12  2W/10L         +$94.79    +0.95%  $11,743.74
  2024-W15         15  3W/12L         +$31.42    +0.31%  $11,775.17
  2024-W16         14  1W/13L         -$58.74    -0.59%  $11,716.43
  2024-W17         13  1W/12L         -$20.93    -0.21%  $11,695.50
  2024-W18         12  3W/9L          +$68.55    +0.69%  $11,764.05
  2024-W19         15  3W/12L         +$32.01    +0.32%  $11,796.06
  2024-W20         15  5W/10L        +$126.07    +1.26%  $11,922.13
  2024-W21         15  2W/13L        +$149.97    +1.50%  $12,072.10
  2024-W22         11  1W/10L         -$12.26    -0.12%  $12,059.85
  2024-W23         15  1W/14L         -$27.96    -0.28%  $12,031.88
  2024-W24         10  5W/5L          +$33.48    +0.33%  $12,065.36
  2024-W25         12  2W/10L         -$10.67    -0.11%  $12,054.70
  2024-W26         10  1W/9L          +$29.08    +0.29%  $12,083.78
  2024-W27          7  2W/5L          +$79.06    +0.79%  $12,162.84
  2024-W28         14  4W/10L        +$119.52    +1.20%  $12,282.36
  2024-W29         10  0W/10L         -$19.27    -0.19%  $12,263.09
  2024-W30         13  4W/9L         +$121.95    +1.22%  $12,385.04
  2024-W31         11  0W/11L          +$3.53    +0.04%  $12,388.58
  2024-W32         12  2W/10L         +$69.38    +0.69%  $12,457.96
  2024-W33         15  7W/8L         +$128.07    +1.28%  $12,586.03
  2024-W34         15  2W/13L         +$79.43    +0.79%  $12,665.46
  2024-W35         11  3W/8L         +$131.47    +1.31%  $12,796.93
  2024-W36         11  2W/9L         +$107.18    +1.07%  $12,904.11
  2024-W37         13  1W/12L         +$23.17    +0.23%  $12,927.28
  2024-W38         15  1W/14L         +$58.70    +0.59%  $12,985.98
  2024-W39         15  6W/9L         +$101.05    +1.01%  $13,087.03
  2024-W40         12  1W/11L          +$1.79    +0.02%  $13,088.82
  2024-W41         14  0W/14L          +$2.25    +0.02%  $13,091.07
  2024-W42         15  4W/11L         +$57.04    +0.57%  $13,148.11
  2024-W43         13  3W/10L         +$16.25    +0.16%  $13,164.36
  2024-W44         11  2W/9L         +$174.02    +1.74%  $13,338.37
  2024-W45         15  5W/10L         +$66.92    +0.67%  $13,405.29
  2024-W46         15  3W/12L        +$113.65    +1.14%  $13,518.94
  2024-W47         10  2W/8L          +$33.18    +0.33%  $13,552.12
  2024-W48          9  3W/6L          +$77.52    +0.78%  $13,629.64
  2024-W49         14  5W/9L         +$161.08    +1.61%  $13,790.72
  2024-W50         15  4W/11L         +$55.11    +0.55%  $13,845.84
  2024-W51         15  2W/13L        +$225.67    +2.26%  $14,071.50
  2024-W52          5  2W/3L          +$10.13    +0.10%  $14,081.63
  2025-W01          3  2W/1L          +$30.78    +0.31%  $14,112.41
  ────────────────────────────────────────────────────────────────────
  TOTAL           667  150W/517L         +$4112.41   +41.12%  $14,112.41
━━━━━━━━━━━━━━━━━━━━━━━━━━━━━━━━━━━━━━━━━━━━━━━━━━━━━━━━━━━━━━━━━━━━━━━━

━━━━━━━━━━━━━━━━━━━━━━━━━━━━━━━━━━━━━━━━━━━━━━━━━━━━━━━━━━━━
  WEEKLY BREAKDOWN  QQQ buy-and-hold ($10,000 initial)
━━━━━━━━━━━━━━━━━━━━━━━━━━━━━━━━━━━━━━━━━━━━━━━━━━━━━━━━━━━━
  Period             P&L$   Return%  Portfolio
  ──────────────────────────────────────────────────────
  2024-W01       -$146.30    -1.46%  $9,853.70
  2024-W02       +$317.19    +3.17%  $10,170.89
  2024-W03       +$292.10    +2.92%  $10,462.99
  2024-W04        +$61.60    +0.62%  $10,524.59
  2024-W05       +$134.75    +1.35%  $10,659.34
  2024-W06       +$195.85    +1.96%  $10,855.19
  2024-W07       -$160.21    -1.60%  $10,694.98
  2024-W08       +$153.75    +1.54%  $10,848.73
  2024-W09       +$220.44    +2.20%  $11,069.18
  2024-W10       -$160.83    -1.61%  $10,908.35
  2024-W11       -$129.66    -1.30%  $10,778.69
  2024-W12       +$303.78    +3.04%  $11,082.46
  2024-W13        -$51.91    -0.52%  $11,030.55
  2024-W14        -$88.67    -0.89%  $10,941.88
  2024-W15        -$57.87    -0.58%  $10,884.00
  2024-W16       -$583.21    -5.83%  $10,300.79
  2024-W17       +$406.73    +4.07%  $10,707.53
  2024-W18       +$108.05    +1.08%  $10,815.57
  2024-W19       +$165.55    +1.66%  $10,981.12
  2024-W20       +$241.68    +2.42%  $11,222.80
  2024-W21       +$152.76    +1.53%  $11,375.56
  2024-W22       -$158.47    -1.58%  $11,217.09
  2024-W23       +$282.66    +2.83%  $11,499.75
  2024-W24       +$402.63    +4.03%  $11,902.38
  2024-W25        +$24.09    +0.24%  $11,926.48
  2024-W26        -$27.32    -0.27%  $11,899.16
  2024-W27       +$426.48    +4.26%  $12,325.63
  2024-W28        -$34.53    -0.35%  $12,291.11
  2024-W29       -$485.10    -4.85%  $11,806.01
  2024-W30       -$304.02    -3.04%  $11,501.99
  2024-W31       -$357.92    -3.58%  $11,144.06
  2024-W32        +$45.70    +0.46%  $11,189.77
  2024-W33       +$610.03    +6.10%  $11,799.80
  2024-W34       +$126.68    +1.27%  $11,926.48
  2024-W35        -$92.65    -0.93%  $11,833.83
  2024-W36       -$684.80    -6.85%  $11,149.03
  2024-W37       +$655.49    +6.55%  $11,804.52
  2024-W38       +$175.36    +1.75%  $11,979.88
  2024-W39       +$110.03    +1.10%  $12,089.92
  2024-W40        +$15.65    +0.16%  $12,105.56
  2024-W41       +$147.54    +1.48%  $12,253.10
  2024-W42        +$29.81    +0.30%  $12,282.91
  2024-W43        +$18.38    +0.18%  $12,301.29
  2024-W44       -$194.73    -1.95%  $12,106.56
  2024-W45       +$664.68    +6.65%  $12,771.24
  2024-W46       -$440.14    -4.40%  $12,331.10
  2024-W47       +$231.99    +2.32%  $12,563.09
  2024-W48        +$98.11    +0.98%  $12,661.20
  2024-W49       +$416.54    +4.17%  $13,077.74
  2024-W50        +$97.62    +0.98%  $13,175.36
  2024-W51       -$293.59    -2.94%  $12,881.77
  2024-W52        +$97.62    +0.98%  $12,979.38
  2025-W01       -$281.17    -2.81%  $12,698.21
  ──────────────────────────────────────────────────────
  TOTAL         +$2698.21   +26.98%  $12,698.21
━━━━━━━━━━━━━━━━━━━━━━━━━━━━━━━━━━━━━━━━━━━━━━━━━━━━━━━━━━━━

━━━━━━━━━━━━━━━━━━━━━━━━━━━━━━━━━━━━━━━━━━━━━━━━━━━━━━━━━━━━━━━━━━━━━━━━
  MONTHLY BREAKDOWN  ($10,000 initial | weighted 50%/30%/20% × 3 slots)
━━━━━━━━━━━━━━━━━━━━━━━━━━━━━━━━━━━━━━━━━━━━━━━━━━━━━━━━━━━━━━━━━━━━━━━━
  Period        Picks  W/L           Cap P&L$   Return%  Portfolio
  ────────────────────────────────────────────────────────────────────
  2024-01          57  19W/38L       +$562.16    +5.62%  $10,562.16
  2024-02          55  11W/44L       +$260.62    +2.61%  $10,822.79
  2024-03          58  18W/40L       +$826.17    +8.26%  $11,648.96
  2024-04          60  8W/52L         +$69.58    +0.70%  $11,718.54
  2024-05          62  13W/49L       +$341.31    +3.41%  $12,059.85
  2024-06          47  9W/38L         +$23.94    +0.24%  $12,083.78
  2024-07          51  10W/41L       +$274.29    +2.74%  $12,358.07
  2024-08          57  14W/43L       +$438.86    +4.39%  $12,796.93
  2024-09          57  10W/47L       +$288.88    +2.89%  $13,085.81
  2024-10          61  10W/51L       +$235.51    +2.36%  $13,321.32
  2024-11          50  13W/37L       +$308.32    +3.08%  $13,629.64
  2024-12          52  15W/37L       +$482.77    +4.83%  $14,112.41
  ────────────────────────────────────────────────────────────────────
  TOTAL           667  150W/517L         +$4112.41   +41.12%  $14,112.41
━━━━━━━━━━━━━━━━━━━━━━━━━━━━━━━━━━━━━━━━━━━━━━━━━━━━━━━━━━━━━━━━━━━━━━━━

━━━━━━━━━━━━━━━━━━━━━━━━━━━━━━━━━━━━━━━━━━━━━━━━━━━━━━━━━━━━
  MONTHLY BREAKDOWN  QQQ buy-and-hold ($10,000 initial)
━━━━━━━━━━━━━━━━━━━━━━━━━━━━━━━━━━━━━━━━━━━━━━━━━━━━━━━━━━━━
  Period             P&L$   Return%  Portfolio
  ──────────────────────────────────────────────────────
  2024-01        +$356.43    +3.56%  $10,356.43
  2024-02        +$550.42    +5.50%  $10,906.86
  2024-03        +$123.70    +1.24%  $11,030.55
  2024-04        -$483.36    -4.83%  $10,547.19
  2024-05        +$669.90    +6.70%  $11,217.09
  2024-06        +$682.07    +6.82%  $11,899.16
  2024-07        -$199.95    -2.00%  $11,699.21
  2024-08        +$134.62    +1.35%  $11,833.83
  2024-09        +$285.89    +2.86%  $12,119.72
  2024-10        -$101.59    -1.02%  $12,018.13
  2024-11        +$643.07    +6.43%  $12,661.20
  2024-12         +$37.01    +0.37%  $12,698.21
  ──────────────────────────────────────────────────────
  TOTAL         +$2698.21   +26.98%  $12,698.21
━━━━━━━━━━━━━━━━━━━━━━━━━━━━━━━━━━━━━━━━━━━━━━━━━━━━━━━━━━━━

━━━━━━━━━━━━━━━━━━━━━━━━━━━━━━━━━━━━━━━━━━━━━━━━━━━━━━━━━━━━━━━━━━━━━━

