
Selector Backtest
  Eval window  : 2024-01-01 → 2024-12-31
  Top-N        : 3
  Weights      : weighted 50%/30%/20% × 3 slots
  Tickers      : SNDK, APP, SHOP, CVNA, AMD, META, EXPE, FANG, RH, FN, MU, ANAB, PLTR, COIN, NVDA, TSLA
  Lookback     : 60d rolling
  Windows      : 1 total
    [A2] 15:00 / 1 bars  (simultaneous, 100% of portfolio)  (~$10,000)
  Min capital  : $100 per window (skip if below)
  Compounding  : off (reset $10,000 each day)
  Dedup        : off
  Stop pct     : 0.15
  Trailing MA  : ma20
  Max loss pct : disabled
  Armed MA20   : off
  Regime filter: QQQ MA8
  Reversal     : off
  Bearish RE   : off
  Min OR range : disabled
  Min score    : disabled
  Min EV       : disabled
  OR bar lookback: last 3 bars
  Source       : alpaca
Fetching bars for 16 tickers (2024-01-01 → 2024-12-31)...
  [cache] loaded 16 tickers from cache
Pre-computing MA columns for 16 tickers...
Pre-computing signals for 1 window(s)...
  [A2] 15:00 / 1 bars — done
Fetching QQQ daily bars for comparison...

━━━━━━━━━━━━━━━━━━━━━━━━━━━━━━━━━━━━━━━━━━━━━━━━━━━━━━━━━━━━━━━━━━━━━━━━━━━━━━━━━━━━━━━━━━━━━━━━━━
  Date         Rank  Ticker Signal    Score    Entry    Exit    P&L$    P&L%  Result  Exit Reason
━━━━━━━━━━━━━━━━━━━━━━━━━━━━━━━━━━━━━━━━━━━━━━━━━━━━━━━━━━━━━━━━━━━━━━━━━━━━━━━━━━━━━━━━━━━━━━━━━━
  2024-01-02   1     COIN   BEARISH    0.36   157.36  157.36  +$0.00  +0.00%  LOSS    fallback_20pct
  2024-01-02   2     ANAB   BEARISH    0.33    21.54   21.55  +$0.00  +0.00%  LOSS    fallback_20pct
  2024-01-02   3     PLTR   BEARISH    0.31    16.52   16.52  +$0.00  +0.00%  LOSS    fallback_20pct
                                                              +$0.00  +0.00%  0W/3L  │  cap: +$0.00 (+0.00%)  portfolio: $10000.00
  ────────────────────────────────────────────────────────────────────────────────────────────────
  2024-01-03   1     COIN   BEARISH    0.38   153.08  153.18  -$0.10  -0.07%  LOSS    hard_stop
  2024-01-03   2     ANAB   BEARISH    0.32    21.26   21.21  +$0.05  +0.24%  WIN     end_of_day
  2024-01-03   3     EXPE   BEARISH    0.26   145.86  145.90  -$0.04  -0.03%  LOSS    hard_stop
                                                              -$0.09  +0.05%  1W/2L  │  cap: +$3.24 (+0.03%)  portfolio: $10003.24
  ────────────────────────────────────────────────────────────────────────────────────────────────
  2024-01-04   1     PLTR   BEARISH    0.20    16.38   16.38  +$0.00  +0.00%  LOSS    fallback_20pct
  2024-01-04   2     META   BEARISH    0.07   347.14  347.19  -$0.05  -0.01%  LOSS    fallback_20pct
                                                              -$0.05  -0.01%  0W/2L  │  cap: -$0.43 (-0.00%)  portfolio: $10002.81
  ────────────────────────────────────────────────────────────────────────────────────────────────
  2024-01-05   1     ANAB   BEARISH    0.31    21.59   21.46  +$0.13  +0.60%  WIN     end_of_day
  2024-01-05   2     COIN   BEARISH    0.27   154.31  154.35  -$0.04  -0.03%  LOSS    hard_stop
  2024-01-05   3     EXPE   BEARISH    0.23   146.10  146.12  -$0.02  -0.01%  LOSS    fallback_20pct
                                                              +$0.07  +0.19%  1W/2L  │  cap: +$29.06 (+0.29%)  portfolio: $10031.86
  ────────────────────────────────────────────────────────────────────────────────────────────────
  2024-01-08   1     COIN   BULLISH    0.38   158.91  158.85  -$0.06  -0.04%  LOSS    hard_stop
  2024-01-08   2     EXPE   BULLISH    0.22   149.37  149.41  +$0.04  +0.03%  WIN     hard_stop
  2024-01-08   3     META   BULLISH    0.09   357.32  358.52  +$1.20  +0.34%  WIN     end_of_day
                                                              +$1.18  +0.11%  2W/1L  │  cap: +$5.63 (+0.06%)  portfolio: $10037.50
  ────────────────────────────────────────────────────────────────────────────────────────────────
  2024-01-09   1     EXPE   BULLISH    0.21   151.48  151.46  -$0.02  -0.01%  LOSS    fallback_20pct
  2024-01-09   2     RH     BULLISH    0.20   273.86  273.76  -$0.10  -0.04%  LOSS    fallback_20pct
  2024-01-09   3     NVDA   BULLISH    0.11   539.90  538.15  -$1.75  -0.32%  LOSS    fallback_20pct
                                                              -$1.87  -0.12%  0W/3L  │  cap: -$8.24 (-0.08%)  portfolio: $10029.26
  ────────────────────────────────────────────────────────────────────────────────────────────────
  2024-01-10   1     EXPE   BEARISH    0.23   152.73  151.83  +$0.90  +0.59%  WIN     end_of_day
  2024-01-10   2     FN     BEARISH    0.17   188.42  185.62  +$2.79  +1.48%  WIN     end_of_day
  2024-01-10   3     RH     BULLISH    0.13   274.24  273.65  -$0.58  -0.21%  LOSS    fallback_20pct
                                                              +$3.11  +0.62%  2W/1L  │  cap: +$69.66 (+0.70%)  portfolio: $10098.91
  ────────────────────────────────────────────────────────────────────────────────────────────────
  2024-01-11   1     ANAB   BULLISH    0.40    23.05   23.04  -$0.01  -0.04%  LOSS    hard_stop
  2024-01-11   2     FN     BULLISH    0.30   188.29  188.17  -$0.12  -0.06%  LOSS    fallback_20pct
  2024-01-11   3     RH     BULLISH    0.15   274.39  275.56  +$1.17  +0.43%  WIN     end_of_day
                                                              +$1.04  +0.11%  1W/2L  │  cap: +$4.45 (+0.04%)  portfolio: $10103.36
  ────────────────────────────────────────────────────────────────────────────────────────────────
  2024-01-12   1     ANAB   BEARISH    0.30    23.48   23.20  +$0.28  +1.19%  WIN     end_of_day
  2024-01-12   2     FN     BEARISH    0.22   187.53  187.54  -$0.01  -0.01%  LOSS    fallback_20pct
  2024-01-12   3     EXPE   BEARISH    0.16   148.54  148.55  -$0.01  -0.01%  LOSS    fallback_20pct
                                                              +$0.26  +0.39%  1W/2L  │  cap: +$59.33 (+0.59%)  portfolio: $10162.69
  ────────────────────────────────────────────────────────────────────────────────────────────────
  2024-01-16   1     ANAB   BEARISH    0.31    22.20   22.21  +$0.00  +0.00%  LOSS    fallback_20pct
  2024-01-16   2     FN     BEARISH    0.27   188.21  188.22  -$0.01  -0.01%  LOSS    hard_stop
  2024-01-16   3     PLTR   BEARISH    0.16    16.46   16.46  +$0.00  +0.00%  LOSS    hard_stop
                                                              -$0.01  -0.00%  0W/3L  │  cap: -$0.16 (-0.00%)  portfolio: $10162.53
  ────────────────────────────────────────────────────────────────────────────────────────────────
  2024-01-18   1     NVDA   BULLISH    0.13   568.36  568.75  +$0.38  +0.07%  WIN     hard_stop
  2024-01-18   2     MU     BULLISH    0.12    84.82   84.80  -$0.02  -0.02%  LOSS    hard_stop
                                                              +$0.36  +0.02%  1W/1L  │  cap: +$2.64 (+0.03%)  portfolio: $10165.17
  ────────────────────────────────────────────────────────────────────────────────────────────────
  2024-01-19   1     PLTR   BULLISH    0.31    16.65   16.78  +$0.13  +0.78%  WIN     end_of_day
  2024-01-19   2     EXPE   BULLISH    0.22   148.50  148.46  -$0.04  -0.03%  LOSS    hard_stop
  2024-01-19   3     RH     BULLISH    0.16   258.74  258.70  -$0.04  -0.02%  LOSS    hard_stop
                                                              +$0.05  +0.25%  1W/2L  │  cap: +$37.92 (+0.38%)  portfolio: $10203.09
  ────────────────────────────────────────────────────────────────────────────────────────────────
  2024-01-22   1     COIN   BULLISH    0.52   125.39  128.16  +$2.77  +2.21%  WIN     end_of_day
  2024-01-22   2     EXPE   BEARISH    0.21   145.55  145.59  -$0.04  -0.03%  LOSS    fallback_20pct
  2024-01-22   3     RH     BEARISH    0.15   264.00  264.03  -$0.03  -0.01%  LOSS    hard_stop
                                                              +$2.70  +0.72%  1W/2L  │  cap: +$109.40 (+1.09%)  portfolio: $10312.49
  ────────────────────────────────────────────────────────────────────────────────────────────────
  2024-01-23   1     COIN   BEARISH    0.42   123.70  123.72  -$0.02  -0.02%  LOSS    fallback_20pct
  2024-01-23   2     ANAB   BEARISH    0.29    24.03   24.03  +$0.00  +0.00%  LOSS    hard_stop
  2024-01-23   3     EXPE   BULLISH    0.17   148.04  148.49  +$0.45  +0.30%  WIN     end_of_day
                                                              +$0.43  +0.10%  1W/2L  │  cap: +$5.27 (+0.05%)  portfolio: $10317.76
  ────────────────────────────────────────────────────────────────────────────────────────────────
  2024-01-24   1     FN     BEARISH    0.31   208.18  207.25  +$0.93  +0.45%  WIN     end_of_day
  2024-01-24   2     ANAB   BEARISH    0.29    23.62   23.62  +$0.00  +0.00%  LOSS    hard_stop
  2024-01-24   3     RH     BEARISH    0.16   265.83  264.27  +$1.56  +0.59%  WIN     end_of_day
                                                              +$2.49  +0.34%  2W/1L  │  cap: +$34.07 (+0.34%)  portfolio: $10351.84
  ────────────────────────────────────────────────────────────────────────────────────────────────
  2024-01-25   1     ANAB   BEARISH    0.29    23.39   23.39  +$0.00  +0.00%  LOSS    fallback_20pct
  2024-01-25   2     NVDA   BULLISH    0.16   617.98  618.00  +$0.02  +0.00%  WIN     hard_stop
  2024-01-25   3     MU     BULLISH    0.12    89.05   89.05  +$0.00  +0.00%  LOSS    hard_stop
                                                              +$0.02  +0.00%  1W/2L  │  cap: +$0.10 (+0.00%)  portfolio: $10351.93
  ────────────────────────────────────────────────────────────────────────────────────────────────
  2024-01-26   1     FN     BEARISH    0.22   209.72  209.72  +$0.00  +0.00%  LOSS    fallback_20pct
  2024-01-26   2     RH     BEARISH    0.14   271.62  271.64  -$0.01  -0.00%  LOSS    hard_stop
                                                              -$0.01  -0.00%  0W/2L  │  cap: -$0.11 (-0.00%)  portfolio: $10351.82
  ────────────────────────────────────────────────────────────────────────────────────────────────
  2024-01-29   1     PLTR   BULLISH    0.49    16.86   17.11  +$0.25  +1.48%  WIN     end_of_day
  2024-01-29   2     RH     BULLISH    0.29   269.78  272.52  +$2.75  +1.02%  WIN     end_of_day
  2024-01-29   3     NVDA   BULLISH    0.20   621.52  624.79  +$3.27  +0.53%  WIN     end_of_day
                                                              +$6.27  +1.01%  3W/0L  │  cap: +$115.24 (+1.15%)  portfolio: $10467.07
  ────────────────────────────────────────────────────────────────────────────────────────────────
  2024-01-30   1     COIN   BEARISH    0.43   131.26  131.25  +$0.00  +0.00%  LOSS    hard_stop
  2024-01-30   2     PLTR   BULLISH    0.31    16.72   16.72  +$0.00  +0.00%  LOSS    fallback_20pct
  2024-01-30   3     NVDA   BULLISH    0.20   629.58  628.71  -$0.87  -0.14%  LOSS    fallback_20pct
                                                              -$0.87  -0.05%  0W/3L  │  cap: -$2.76 (-0.03%)  portfolio: $10464.30
  ────────────────────────────────────────────────────────────────────────────────────────────────
  2024-01-31   1     CVNA   BEARISH    1.37    43.96   44.14  -$0.18  -0.41%  LOSS    hard_stop
  2024-01-31   2     COIN   BEARISH    1.09   130.48  130.78  -$0.30  -0.23%  LOSS    hard_stop
  2024-01-31   3     PLTR   BEARISH    0.93    16.28   16.09  +$0.20  +1.23%  WIN     end_of_day
                                                              -$0.28  +0.20%  1W/2L  │  cap: -$2.80 (-0.03%)  portfolio: $10461.50
  ────────────────────────────────────────────────────────────────────────────────────────────────
  2024-02-02   1     EXPE   BEARISH    0.24   151.63  151.69  -$0.06  -0.04%  LOSS    fallback_20pct
  2024-02-02   2     NVDA   BULLISH    0.18   661.56  661.32  -$0.24  -0.04%  LOSS    fallback_20pct
  2024-02-02   3     MU     BULLISH    0.12    86.25   86.46  +$0.21  +0.24%  WIN     end_of_day
                                                              -$0.09  +0.06%  1W/2L  │  cap: +$1.80 (+0.02%)  portfolio: $10463.30
  ────────────────────────────────────────────────────────────────────────────────────────────────
  2024-02-05   1     TSLA   BEARISH    0.36   180.31  180.41  -$0.10  -0.06%  LOSS    hard_stop
  2024-02-05   2     FN     BEARISH    0.30   222.40  222.40  +$0.00  +0.00%  LOSS    fallback_20pct
  2024-02-05   3     NVDA   BEARISH    0.29   687.71  688.16  -$0.45  -0.07%  LOSS    hard_stop
                                                              -$0.55  -0.04%  0W/3L  │  cap: -$4.08 (-0.04%)  portfolio: $10459.22
  ────────────────────────────────────────────────────────────────────────────────────────────────
  2024-02-06   1     PLTR   BULLISH    0.55    22.04   22.05  +$0.01  +0.05%  WIN     hard_stop
  2024-02-06   2     ANAB   BEARISH    0.24    24.06   24.07  +$0.00  +0.00%  LOSS    fallback_20pct
  2024-02-06   3     EXPE   BULLISH    0.23   154.07  154.03  -$0.04  -0.03%  LOSS    hard_stop
                                                              -$0.03  +0.01%  1W/2L  │  cap: +$1.75 (+0.02%)  portfolio: $10460.97
  ────────────────────────────────────────────────────────────────────────────────────────────────
  2024-02-07   1     ANAB   BEARISH    0.24    23.91   23.50  +$0.41  +1.71%  WIN     end_of_day
  2024-02-07   2     TSLA   BEARISH    0.23   188.50  188.57  -$0.07  -0.04%  LOSS    hard_stop
  2024-02-07   3     APP    BULLISH    0.18    47.72   47.70  -$0.02  -0.04%  LOSS    fallback_20pct
                                                              +$0.32  +0.55%  1W/2L  │  cap: +$83.79 (+0.84%)  portfolio: $10544.76
  ────────────────────────────────────────────────────────────────────────────────────────────────
  2024-02-08   1     FN     BEARISH    0.60   198.54  195.90  +$2.64  +1.33%  WIN     end_of_day
  2024-02-08   2     PLTR   BEARISH    0.42    24.91   24.93  -$0.02  -0.08%  LOSS    hard_stop
  2024-02-08   3     ANAB   BEARISH    0.28    23.40   23.18  +$0.22  +0.94%  WIN     end_of_day
                                                              +$2.84  +0.73%  2W/1L  │  cap: +$82.88 (+0.83%)  portfolio: $10627.64
  ────────────────────────────────────────────────────────────────────────────────────────────────
  2024-02-09   1     ANAB   BEARISH    0.28    23.10   23.10  +$0.00  +0.00%  LOSS    fallback_20pct
  2024-02-09   2     NVDA   BEARISH    0.17   718.29  718.39  -$0.10  -0.01%  LOSS    hard_stop
  2024-02-09   3     META   BEARISH    0.12   469.69  469.79  -$0.10  -0.02%  LOSS    hard_stop
                                                              -$0.20  -0.01%  0W/3L  │  cap: -$0.84 (-0.01%)  portfolio: $10626.80
  ────────────────────────────────────────────────────────────────────────────────────────────────
  2024-02-12   1     EXPE   BEARISH    0.29   134.62  134.72  -$0.10  -0.07%  LOSS    fallback_20pct
  2024-02-12   2     RH     BEARISH    0.20   275.87  275.92  -$0.05  -0.02%  LOSS    fallback_20pct
  2024-02-12   3     NVDA   BULLISH    0.17   722.51  722.98  +$0.47  +0.07%  WIN     hard_stop
                                                              +$0.32  -0.01%  1W/2L  │  cap: -$2.96 (-0.03%)  portfolio: $10623.84
  ────────────────────────────────────────────────────────────────────────────────────────────────
  2024-02-13   1     PLTR   BEARISH    0.57    23.95   23.99  -$0.04  -0.17%  LOSS    fallback_20pct
  2024-02-13   2     ANAB   BEARISH    0.51    22.00   22.02  -$0.02  -0.09%  LOSS    hard_stop
  2024-02-13   3     FN     BEARISH    0.38   193.08  193.09  -$0.01  -0.01%  LOSS    hard_stop
                                                              -$0.07  -0.09%  0W/3L  │  cap: -$11.18 (-0.11%)  portfolio: $10612.66
  ────────────────────────────────────────────────────────────────────────────────────────────────
  2024-02-14   1     PLTR   BULLISH    0.30    25.30   25.29  -$0.01  -0.04%  LOSS    fallback_20pct
  2024-02-14   2     COIN   BULLISH    0.30   159.80  159.88  +$0.08  +0.05%  WIN     hard_stop
  2024-02-14   3     TSLA   BULLISH    0.12   187.11  189.35  +$2.24  +1.20%  WIN     end_of_day
                                                              +$2.31  +0.40%  2W/1L  │  cap: +$23.47 (+0.23%)  portfolio: $10636.13
  ────────────────────────────────────────────────────────────────────────────────────────────────
  2024-02-15   1     PLTR   BEARISH    0.35    25.32   25.32  +$0.00  +0.00%  LOSS    hard_stop
  2024-02-15   2     APP    BULLISH    0.28    58.31   58.26  -$0.05  -0.09%  LOSS    fallback_20pct
  2024-02-15   3     RH     BEARISH    0.21   273.50  273.56  -$0.06  -0.02%  LOSS    hard_stop
                                                              -$0.11  -0.04%  0W/3L  │  cap: -$3.01 (-0.03%)  portfolio: $10633.11
  ────────────────────────────────────────────────────────────────────────────────────────────────
  2024-02-16   1     FN     BEARISH    0.47   197.36  197.42  -$0.05  -0.03%  LOSS    fallback_20pct
  2024-02-16   2     PLTR   BEARISH    0.37    24.46   24.47  -$0.01  -0.04%  LOSS    fallback_20pct
  2024-02-16   3     ANAB   BEARISH    0.35    24.50   24.14  +$0.36  +1.47%  WIN     end_of_day
                                                              +$0.30  +0.47%  1W/2L  │  cap: +$26.89 (+0.27%)  portfolio: $10660.01
  ────────────────────────────────────────────────────────────────────────────────────────────────
  2024-02-20   1     ANAB   BEARISH    0.32    23.86   23.86  +$0.00  +0.00%  LOSS    hard_stop
                                                              +$0.00  +0.00%  0W/1L  │  cap: +$0.00 (+0.00%)  portfolio: $10660.01
  ────────────────────────────────────────────────────────────────────────────────────────────────
  2024-02-21   1     FN     BEARISH    0.48   185.68  185.75  -$0.07  -0.04%  LOSS    hard_stop
  2024-02-21   2     CVNA   BEARISH    0.33    48.56   48.59  -$0.02  -0.04%  LOSS    hard_stop
  2024-02-21   3     NVDA   BEARISH    0.27   665.64  665.87  -$0.23  -0.03%  LOSS    hard_stop
                                                              -$0.32  -0.04%  0W/3L  │  cap: -$3.81 (-0.04%)  portfolio: $10656.20
  ────────────────────────────────────────────────────────────────────────────────────────────────
  2024-02-22   1     FN     BEARISH    0.40   201.72  201.74  -$0.02  -0.01%  LOSS    fallback_20pct
  2024-02-22   2     ANAB   BEARISH    0.35    25.16   25.16  -$0.01  -0.04%  LOSS    hard_stop
  2024-02-22   3     TSLA   BULLISH    0.26   197.38  197.27  -$0.10  -0.05%  LOSS    fallback_20pct
                                                              -$0.13  -0.03%  0W/3L  │  cap: -$2.70 (-0.03%)  portfolio: $10653.50
  ────────────────────────────────────────────────────────────────────────────────────────────────
  2024-02-23   1     CVNA   BULLISH    0.37    70.40   70.41  +$0.02  +0.03%  WIN     hard_stop
  2024-02-23   2     ANAB   BULLISH    0.36    25.94   25.94  +$0.00  +0.00%  LOSS    fallback_20pct
  2024-02-23   3     APP    BULLISH    0.17    57.61   57.49  -$0.12  -0.21%  LOSS    fallback_20pct
                                                              -$0.10  -0.06%  1W/2L  │  cap: -$2.75 (-0.03%)  portfolio: $10650.75
  ────────────────────────────────────────────────────────────────────────────────────────────────
  2024-02-26   1     PLTR   BEARISH    0.30    23.68   23.68  -$0.01  -0.04%  LOSS    fallback_20pct
  2024-02-26   2     RH     BEARISH    0.21   253.84  253.86  -$0.02  -0.01%  LOSS    hard_stop
  2024-02-26   3     TSLA   BEARISH    0.20   198.92  198.96  -$0.04  -0.02%  LOSS    hard_stop
                                                              -$0.07  -0.02%  0W/3L  │  cap: -$2.75 (-0.03%)  portfolio: $10648.00
  ────────────────────────────────────────────────────────────────────────────────────────────────
  2024-02-27   1     FN     BEARISH    0.40   202.77  202.75  +$0.02  +0.01%  WIN     trailing_stop_ma20
  2024-02-27   2     ANAB   BEARISH    0.33    26.31   26.31  +$0.00  +0.00%  LOSS    fallback_20pct
  2024-02-27   3     RH     BEARISH    0.21   265.32  265.32  +$0.00  +0.00%  LOSS    hard_stop
                                                              +$0.02  +0.00%  1W/2L  │  cap: +$0.49 (+0.00%)  portfolio: $10648.49
  ────────────────────────────────────────────────────────────────────────────────────────────────
  2024-02-28   1     FN     BEARISH    0.45   204.80  204.92  -$0.12  -0.06%  LOSS    fallback_20pct
  2024-02-28   2     PLTR   BULLISH    0.40    24.52   24.50  -$0.01  -0.04%  LOSS    fallback_20pct
  2024-02-28   3     CVNA   BEARISH    0.33    75.89   75.90  -$0.02  -0.03%  LOSS    trailing_stop_ma20
                                                              -$0.15  -0.04%  0W/3L  │  cap: -$4.68 (-0.05%)  portfolio: $10643.81
  ────────────────────────────────────────────────────────────────────────────────────────────────
  2024-02-29   1     PLTR   BULLISH    0.35    24.78   24.78  +$0.00  +0.00%  LOSS    hard_stop
  2024-02-29   2     ANAB   BEARISH    0.31    25.39   25.39  +$0.00  +0.00%  LOSS    fallback_20pct
  2024-02-29   3     RH     BEARISH    0.20   271.88  271.88  +$0.00  +0.00%  LOSS    hard_stop
                                                              +$0.00  +0.00%  0W/3L  │  cap: +$0.00 (+0.00%)  portfolio: $10643.81
  ────────────────────────────────────────────────────────────────────────────────────────────────
  2024-03-01   1     COIN   BEARISH    0.49   204.18  204.27  -$0.09  -0.04%  LOSS    hard_stop
  2024-03-01   2     ANAB   BEARISH    0.31    25.33   25.33  +$0.00  +0.00%  LOSS    fallback_20pct
  2024-03-01   3     CVNA   BULLISH    0.25    81.04   81.02  -$0.02  -0.02%  LOSS    fallback_20pct
                                                              -$0.11  -0.02%  0W/3L  │  cap: -$2.70 (-0.03%)  portfolio: $10641.12
  ────────────────────────────────────────────────────────────────────────────────────────────────
  2024-03-04   1     COIN   BULLISH    0.48   234.32  234.37  +$0.05  +0.02%  WIN     hard_stop
  2024-03-04   2     ANAB   BEARISH    0.39    26.40   26.40  +$0.00  +0.00%  LOSS    hard_stop
  2024-03-04   3     FN     BEARISH    0.33   222.78  221.78  +$1.00  +0.45%  WIN     end_of_day
                                                              +$1.05  +0.16%  2W/1L  │  cap: +$10.04 (+0.10%)  portfolio: $10651.16
  ────────────────────────────────────────────────────────────────────────────────────────────────
  2024-03-05   1     FN     BEARISH    0.29   219.34  219.35  -$0.01  -0.00%  LOSS    fallback_20pct
  2024-03-05   2     RH     BEARISH    0.20   267.71  267.71  +$0.00  +0.00%  LOSS    fallback_20pct
  2024-03-05   3     FANG   BEARISH    0.07   180.81  180.11  +$0.70  +0.39%  WIN     end_of_day
                                                              +$0.69  +0.13%  1W/2L  │  cap: +$7.51 (+0.08%)  portfolio: $10658.67
  ────────────────────────────────────────────────────────────────────────────────────────────────
  2024-03-06   1     RH     BEARISH    0.29   270.51  270.62  -$0.11  -0.04%  LOSS    fallback_20pct
  2024-03-06   2     CVNA   BEARISH    0.22    78.37   78.40  -$0.03  -0.04%  LOSS    fallback_20pct
  2024-03-06   3     FANG   BEARISH    0.09   180.39  180.40  -$0.01  -0.01%  LOSS    hard_stop
                                                              -$0.15  -0.03%  0W/3L  │  cap: -$3.29 (-0.03%)  portfolio: $10655.38
  ────────────────────────────────────────────────────────────────────────────────────────────────
  2024-03-07   1     ANAB   BEARISH    0.42    24.94   24.63  +$0.30  +1.20%  WIN     end_of_day
  2024-03-07   2     FN     BEARISH    0.41   221.51  221.04  +$0.47  +0.21%  WIN     end_of_day
  2024-03-07   3     TSLA   BEARISH    0.30   178.96  179.06  -$0.10  -0.06%  LOSS    hard_stop
                                                              +$0.67  +0.45%  2W/1L  │  cap: +$65.39 (+0.65%)  portfolio: $10720.77
  ────────────────────────────────────────────────────────────────────────────────────────────────
  2024-03-08   1     ANAB   BEARISH    0.39    24.76   24.76  +$0.00  +0.00%  LOSS    hard_stop
  2024-03-08   2     FN     BEARISH    0.32   217.18  214.57  +$2.61  +1.20%  WIN     end_of_day
                                                              +$2.61  +0.60%  1W/1L  │  cap: +$36.05 (+0.36%)  portfolio: $10756.83
  ────────────────────────────────────────────────────────────────────────────────────────────────
  2024-03-11   1     COIN   BEARISH    0.46   264.02  264.22  -$0.20  -0.08%  LOSS    fallback_20pct
  2024-03-11   2     ANAB   BEARISH    0.39    23.85   23.85  +$0.00  +0.00%  LOSS    fallback_20pct
  2024-03-11   3     MU     BEARISH    0.11    94.02   94.03  -$0.01  -0.01%  LOSS    fallback_20pct
                                                              -$0.21  -0.03%  0W/3L  │  cap: -$4.00 (-0.04%)  portfolio: $10752.83
  ────────────────────────────────────────────────────────────────────────────────────────────────
  2024-03-12   1     RH     BEARISH    0.21   284.45  284.45  +$0.00  +0.00%  LOSS    fallback_20pct
  2024-03-12   2     TSLA   BULLISH    0.20   178.85  178.78  -$0.07  -0.04%  LOSS    fallback_20pct
  2024-03-12   3     NVDA   BULLISH    0.17   904.27  918.92 +$14.65  +1.62%  WIN     end_of_day
                                                             +$14.58  +0.53%  1W/2L  │  cap: +$31.23 (+0.31%)  portfolio: $10784.05
  ────────────────────────────────────────────────────────────────────────────────────────────────
  2024-03-13   1     ANAB   BEARISH    0.43    25.15   25.16  -$0.01  -0.04%  LOSS    fallback_20pct
  2024-03-13   2     RH     BEARISH    0.22   306.56  302.98  +$3.58  +1.17%  WIN     end_of_day
                                                              +$3.57  +0.56%  1W/1L  │  cap: +$33.05 (+0.33%)  portfolio: $10817.10
  ────────────────────────────────────────────────────────────────────────────────────────────────
  2024-03-14   1     ANAB   BEARISH    0.40    23.52   23.52  +$0.00  +0.00%  LOSS    hard_stop
  2024-03-14   2     PLTR   BEARISH    0.33    24.25   24.25  +$0.00  +0.00%  LOSS    hard_stop
  2024-03-14   3     RH     BEARISH    0.26   289.63  289.64  -$0.01  -0.00%  LOSS    hard_stop
                                                              -$0.01  -0.00%  0W/3L  │  cap: -$0.07 (-0.00%)  portfolio: $10817.03
  ────────────────────────────────────────────────────────────────────────────────────────────────
  2024-03-15   1     ANAB   BEARISH    0.44    23.46   23.47  +$0.00  +0.00%  LOSS    fallback_20pct
  2024-03-15   2     RH     BEARISH    0.26   290.89  290.49  +$0.40  +0.14%  WIN     trailing_stop_ma20
  2024-03-15   3     EXPE   BEARISH    0.11   133.37  133.38  -$0.01  -0.01%  LOSS    hard_stop
                                                              +$0.39  +0.04%  1W/2L  │  cap: +$3.98 (+0.04%)  portfolio: $10821.01
  ────────────────────────────────────────────────────────────────────────────────────────────────
  2024-03-18   1     FN     BEARISH    0.26   199.08  198.10  +$0.98  +0.49%  WIN     end_of_day
  2024-03-18   2     RH     BEARISH    0.21   282.44  282.44  +$0.00  +0.00%  LOSS    fallback_20pct
  2024-03-18   3     EXPE   BEARISH    0.11   134.22  134.23  -$0.01  -0.01%  LOSS    fallback_20pct
                                                              +$0.97  +0.16%  1W/2L  │  cap: +$24.46 (+0.24%)  portfolio: $10845.47
  ────────────────────────────────────────────────────────────────────────────────────────────────
  2024-03-19   1     COIN   BEARISH    0.50   230.00  230.13  -$0.13  -0.06%  LOSS    hard_stop
  2024-03-19   2     NVDA   BEARISH    0.38   893.78  893.61  +$0.17  +0.02%  WIN     trailing_stop_ma20
  2024-03-19   3     APP    BEARISH    0.38    67.41   67.46  -$0.05  -0.07%  LOSS    hard_stop
                                                              -$0.01  -0.04%  1W/2L  │  cap: -$3.74 (-0.04%)  portfolio: $10841.73
  ────────────────────────────────────────────────────────────────────────────────────────────────
  2024-03-20   1     APP    BULLISH    0.32    70.70   70.66  -$0.04  -0.06%  LOSS    hard_stop
  2024-03-20   2     EXPE   BULLISH    0.16   138.12  138.02  -$0.10  -0.07%  LOSS    fallback_20pct
  2024-03-20   3     MU     BULLISH    0.16    95.23   96.33  +$1.10  +1.16%  WIN     end_of_day
                                                              +$0.96  +0.34%  1W/2L  │  cap: +$18.10 (+0.18%)  portfolio: $10859.83
  ────────────────────────────────────────────────────────────────────────────────────────────────
  2024-03-21   1     ANAB   BULLISH    0.43    24.49   24.49  +$0.00  +0.00%  LOSS    hard_stop
  2024-03-21   2     CVNA   BEARISH    0.42    88.21   88.32  -$0.11  -0.12%  LOSS    fallback_20pct
  2024-03-21   3     FN     BEARISH    0.29   206.22  206.26  -$0.04  -0.02%  LOSS    hard_stop
                                                              -$0.15  -0.05%  0W/3L  │  cap: -$4.13 (-0.04%)  portfolio: $10855.70
  ────────────────────────────────────────────────────────────────────────────────────────────────
  2024-03-22   1     ANAB   BEARISH    0.43    22.75   21.68  +$1.07  +4.70%  WIN     end_of_day
  2024-03-22   2     COIN   BEARISH    0.43   256.38  256.25  +$0.13  +0.05%  WIN     trailing_stop_ma20
  2024-03-22   3     PLTR   BEARISH    0.27    24.14   24.15  +$0.00  +0.00%  LOSS    fallback_20pct
                                                              +$1.20  +1.58%  2W/1L  │  cap: +$236.69 (+2.37%)  portfolio: $11092.39
  ────────────────────────────────────────────────────────────────────────────────────────────────
  2024-03-25   1     ANAB   BEARISH    0.62    21.30   21.30  +$0.00  +0.00%  LOSS    hard_stop
  2024-03-25   2     PLTR   BULLISH    0.24    24.59   24.59  +$0.00  +0.00%  LOSS    fallback_20pct
  2024-03-25   3     MU     BEARISH    0.23   118.47  117.12  +$1.35  +1.14%  WIN     end_of_day
                                                              +$1.35  +0.38%  1W/2L  │  cap: +$22.79 (+0.23%)  portfolio: $11115.18
  ────────────────────────────────────────────────────────────────────────────────────────────────
  2024-03-26   1     CVNA   BEARISH    0.34    92.39   92.47  -$0.08  -0.09%  LOSS    fallback_20pct
  2024-03-26   2     PLTR   BEARISH    0.31    25.14   24.88  +$0.26  +1.03%  WIN     end_of_day
  2024-03-26   3     TSLA   BEARISH    0.30   179.01  179.10  -$0.09  -0.05%  LOSS    fallback_20pct
                                                              +$0.09  +0.30%  1W/2L  │  cap: +$25.69 (+0.26%)  portfolio: $11140.87
  ────────────────────────────────────────────────────────────────────────────────────────────────
  2024-03-27   1     ANAB   BEARISH    0.60    21.25   21.25  +$0.00  +0.00%  LOSS    fallback_20pct
  2024-03-27   2     FN     BEARISH    0.25   189.21  189.22  -$0.01  -0.01%  LOSS    fallback_20pct
  2024-03-27   3     CVNA   BEARISH    0.22    89.40   89.42  -$0.02  -0.02%  LOSS    fallback_20pct
                                                              -$0.03  -0.01%  0W/3L  │  cap: -$0.61 (-0.01%)  portfolio: $11140.27
  ────────────────────────────────────────────────────────────────────────────────────────────────
  2024-03-28   1     FN     BEARISH    0.36   189.24  188.95  +$0.30  +0.16%  WIN     end_of_day
  2024-03-28   2     COIN   BEARISH    0.34   265.77  265.00  +$0.77  +0.29%  WIN     end_of_day
  2024-03-28   3     TSLA   BEARISH    0.27   176.24  176.29  -$0.05  -0.03%  LOSS    hard_stop
                                                              +$1.02  +0.14%  2W/1L  │  cap: +$16.05 (+0.16%)  portfolio: $11156.32
  ────────────────────────────────────────────────────────────────────────────────────────────────
  2024-04-01   1     APP    BEARISH    0.27    68.88   68.90  -$0.02  -0.03%  LOSS    hard_stop
  2024-04-01   2     SHOP   BULLISH    0.20    78.31   78.28  -$0.02  -0.03%  LOSS    hard_stop
  2024-04-01   3     RH     BULLISH    0.20   337.32  337.27  -$0.05  -0.01%  LOSS    hard_stop
                                                              -$0.09  -0.02%  0W/3L  │  cap: -$2.51 (-0.03%)  portfolio: $11153.80
  ────────────────────────────────────────────────────────────────────────────────────────────────
  2024-04-03   1     ANAB   BEARISH    0.60    20.58   20.58  +$0.00  +0.00%  LOSS    fallback_20pct
  2024-04-03   2     COIN   BEARISH    0.30   252.12  252.15  -$0.03  -0.01%  LOSS    fallback_20pct
  2024-04-03   3     APP    BEARISH    0.29    73.10   72.84  +$0.26  +0.36%  WIN     end_of_day
                                                              +$0.23  +0.11%  1W/2L  │  cap: +$6.76 (+0.07%)  portfolio: $11160.56
  ────────────────────────────────────────────────────────────────────────────────────────────────
  2024-04-04   1     ANAB   BEARISH    0.69    21.62   21.35  +$0.27  +1.25%  WIN     end_of_day
  2024-04-04   2     AMD    BEARISH    0.52   168.37  168.66  -$0.28  -0.17%  LOSS    fallback_20pct
  2024-04-04   3     NVDA   BEARISH    0.50   867.89  868.37  -$0.48  -0.06%  LOSS    fallback_20pct
                                                              -$0.49  +0.34%  1W/2L  │  cap: +$56.35 (+0.56%)  portfolio: $11216.91
  ────────────────────────────────────────────────────────────────────────────────────────────────
  2024-04-05   1     ANAB   BEARISH    0.56    21.09   21.09  +$0.00  +0.00%  LOSS    fallback_20pct
  2024-04-05   2     FN     BEARISH    0.19   187.38  187.39  -$0.01  -0.01%  LOSS    hard_stop
  2024-04-05   3     SHOP   BEARISH    0.14    75.13   75.14  -$0.01  -0.01%  LOSS    hard_stop
                                                              -$0.02  -0.01%  0W/3L  │  cap: -$0.43 (-0.00%)  portfolio: $11216.48
  ────────────────────────────────────────────────────────────────────────────────────────────────
  2024-04-08   1     ANAB   BEARISH    0.58    21.00   21.00  +$0.00  +0.00%  LOSS    fallback_20pct
  2024-04-08   2     MU     BEARISH    0.29   122.90  122.94  -$0.04  -0.03%  LOSS    hard_stop
  2024-04-08   3     CVNA   BEARISH    0.22    83.45   83.45  +$0.00  +0.00%  LOSS    fallback_20pct
                                                              -$0.04  -0.01%  0W/3L  │  cap: -$0.98 (-0.01%)  portfolio: $11215.50
  ────────────────────────────────────────────────────────────────────────────────────────────────
  2024-04-09   1     COIN   BEARISH    0.41   243.84  243.80  +$0.04  +0.02%  WIN     hard_stop
  2024-04-09   2     CVNA   BEARISH    0.36    82.77   82.78  -$0.01  -0.01%  LOSS    hard_stop
  2024-04-09   3     NVDA   BEARISH    0.34   843.34  843.47  -$0.12  -0.01%  LOSS    hard_stop
                                                              -$0.09  -0.00%  1W/2L  │  cap: +$0.17 (+0.00%)  portfolio: $11215.68
  ────────────────────────────────────────────────────────────────────────────────────────────────
  2024-04-10   1     NVDA   BEARISH    0.42   864.67  865.05  -$0.38  -0.04%  LOSS    hard_stop
  2024-04-10   2     PLTR   BEARISH    0.36    22.28   22.30  -$0.02  -0.09%  LOSS    fallback_20pct
  2024-04-10   3     RH     BEARISH    0.30   260.40  260.53  -$0.13  -0.05%  LOSS    fallback_20pct
                                                              -$0.53  -0.06%  0W/3L  │  cap: -$5.89 (-0.06%)  portfolio: $11209.79
  ────────────────────────────────────────────────────────────────────────────────────────────────
  2024-04-11   1     NVDA   BULLISH    0.36   899.12  899.56  +$0.43  +0.05%  WIN     trailing_stop_ma20
  2024-04-11   2     MU     BULLISH    0.26   126.38  127.52  +$1.14  +0.90%  WIN     end_of_day
  2024-04-11   3     FN     BEARISH    0.21   177.36  177.41  -$0.04  -0.02%  LOSS    fallback_20pct
                                                              +$1.53  +0.31%  2W/1L  │  cap: +$29.00 (+0.29%)  portfolio: $11238.79
  ────────────────────────────────────────────────────────────────────────────────────────────────
  2024-04-12   1     ANAB   BEARISH    0.93    22.61   22.64  -$0.03  -0.13%  LOSS    fallback_20pct
  2024-04-12   2     CVNA   BEARISH    0.24    74.54   74.55  -$0.01  -0.01%  LOSS    fallback_20pct
  2024-04-12   3     FANG   BEARISH    0.12   205.78  205.78  +$0.00  +0.00%  LOSS    hard_stop
                                                              -$0.04  -0.05%  0W/3L  │  cap: -$7.04 (-0.07%)  portfolio: $11231.75
  ────────────────────────────────────────────────────────────────────────────────────────────────
  2024-04-15   1     ANAB   BEARISH    0.65    21.22   21.22  +$0.00  +0.00%  LOSS    hard_stop
  2024-04-15   2     COIN   BEARISH    0.53   226.86  227.11  -$0.25  -0.11%  LOSS    fallback_20pct
  2024-04-15   3     NVDA   BEARISH    0.44   864.71  865.11  -$0.40  -0.05%  LOSS    hard_stop
                                                              -$0.65  -0.05%  0W/3L  │  cap: -$4.23 (-0.04%)  portfolio: $11227.52
  ────────────────────────────────────────────────────────────────────────────────────────────────
  2024-04-16   1     CVNA   BEARISH    0.47    70.22   70.30  -$0.08  -0.11%  LOSS    fallback_20pct
  2024-04-16   2     PLTR   BEARISH    0.26    21.81   21.82  -$0.01  -0.05%  LOSS    fallback_20pct
  2024-04-16   3     FN     BEARISH    0.23   172.68  172.74  -$0.06  -0.03%  LOSS    fallback_20pct
                                                              -$0.15  -0.06%  0W/3L  │  cap: -$7.77 (-0.08%)  portfolio: $11219.75
  ────────────────────────────────────────────────────────────────────────────────────────────────
  2024-04-17   1     NVDA   BEARISH    0.44   845.90  846.35  -$0.45  -0.05%  LOSS    fallback_20pct
  2024-04-17   2     COIN   BEARISH    0.35   211.36  211.52  -$0.16  -0.08%  LOSS    fallback_20pct
  2024-04-17   3     MU     BEARISH    0.33   116.81  116.87  -$0.06  -0.05%  LOSS    fallback_20pct
                                                              -$0.67  -0.06%  0W/3L  │  cap: -$5.96 (-0.06%)  portfolio: $11213.80
  ────────────────────────────────────────────────────────────────────────────────────────────────
  2024-04-18   1     MU     BEARISH    0.30   112.77  112.76  +$0.01  +0.01%  WIN     hard_stop
  2024-04-18   2     RH     BEARISH    0.19   245.36  245.36  +$0.00  +0.00%  LOSS    hard_stop
                                                              +$0.01  +0.00%  1W/1L  │  cap: +$0.44 (+0.00%)  portfolio: $11214.24
  ────────────────────────────────────────────────────────────────────────────────────────────────
  2024-04-19   1     ANAB   BEARISH    0.75    19.20   19.20  -$0.01  -0.05%  LOSS    fallback_20pct
  2024-04-19   2     COIN   BEARISH    0.23   212.27  212.30  -$0.03  -0.01%  LOSS    hard_stop
  2024-04-19   3     RH     BEARISH    0.19   239.56  239.56  +$0.00  +0.00%  LOSS    hard_stop
                                                              -$0.04  -0.02%  0W/3L  │  cap: -$3.03 (-0.03%)  portfolio: $11211.21
  ────────────────────────────────────────────────────────────────────────────────────────────────
  2024-04-22   1     FANG   BEARISH    0.08   202.96  203.00  -$0.04  -0.02%  LOSS    fallback_20pct
                                                              -$0.04  -0.02%  0W/1L  │  cap: -$0.99 (-0.01%)  portfolio: $11210.23
  ────────────────────────────────────────────────────────────────────────────────────────────────
  2024-04-23   1     NVDA   BEARISH    0.47   820.65  821.30  -$0.65  -0.08%  LOSS    fallback_20pct
  2024-04-23   2     COIN   BEARISH    0.36   235.18  235.36  -$0.18  -0.08%  LOSS    fallback_20pct
  2024-04-23   3     AMD    BEARISH    0.30   152.80  152.87  -$0.07  -0.05%  LOSS    hard_stop
                                                              -$0.90  -0.07%  0W/3L  │  cap: -$7.17 (-0.07%)  portfolio: $11203.05
  ────────────────────────────────────────────────────────────────────────────────────────────────
  2024-04-24   1     ANAB   BEARISH    0.75    18.86   18.87  -$0.01  -0.05%  LOSS    fallback_20pct
  2024-04-24   2     COIN   BEARISH    0.26   224.41  224.48  -$0.07  -0.03%  LOSS    fallback_20pct
  2024-04-24   3     APP    BEARISH    0.23    68.82   68.84  -$0.02  -0.03%  LOSS    hard_stop
                                                              -$0.10  -0.04%  0W/3L  │  cap: -$4.17 (-0.04%)  portfolio: $11198.89
  ────────────────────────────────────────────────────────────────────────────────────────────────
  2024-04-25   1     CVNA   BULLISH    0.42    76.71   76.69  -$0.02  -0.03%  LOSS    fallback_20pct
  2024-04-25   2     NVDA   BULLISH    0.39   830.48  830.10  -$0.38  -0.05%  LOSS    fallback_20pct
  2024-04-25   3     MU     BULLISH    0.31   112.33  112.29  -$0.04  -0.04%  LOSS    hard_stop
                                                              -$0.44  -0.04%  0W/3L  │  cap: -$3.39 (-0.03%)  portfolio: $11195.50
  ────────────────────────────────────────────────────────────────────────────────────────────────
  2024-04-26   1     NVDA   BEARISH    0.41   874.06  874.20  -$0.14  -0.02%  LOSS    fallback_20pct
  2024-04-26   2     CVNA   BULLISH    0.34    83.53   83.58  +$0.05  +0.06%  WIN     hard_stop
  2024-04-26   3     PLTR   BEARISH    0.33    22.38   22.40  -$0.02  -0.09%  LOSS    fallback_20pct
                                                              -$0.11  -0.02%  1W/2L  │  cap: -$0.79 (-0.01%)  portfolio: $11194.70
  ────────────────────────────────────────────────────────────────────────────────────────────────
  2024-04-29   1     COIN   BEARISH    0.81   217.29  217.89  -$0.60  -0.28%  LOSS    fallback_20pct
  2024-04-29   2     ANAB   BEARISH    0.72    21.48   21.48  +$0.00  +0.00%  LOSS    hard_stop
  2024-04-29   3     CVNA   BEARISH    0.64    84.13   84.29  -$0.16  -0.19%  LOSS    fallback_20pct
                                                              -$0.76  -0.16%  0W/3L  │  cap: -$17.61 (-0.18%)  portfolio: $11177.09
  ────────────────────────────────────────────────────────────────────────────────────────────────
  2024-04-30   1     ANAB   BEARISH    0.79    23.36   23.38  -$0.02  -0.09%  LOSS    fallback_20pct
  2024-04-30   2     RH     BEARISH    0.20   250.35  247.56  +$2.79  +1.11%  WIN     end_of_day
  2024-04-30   3     SHOP   BEARISH    0.18    71.03   71.04  -$0.01  -0.01%  LOSS    fallback_20pct
                                                              +$2.76  +0.34%  1W/2L  │  cap: +$28.87 (+0.29%)  portfolio: $11205.97
  ────────────────────────────────────────────────────────────────────────────────────────────────
  2024-05-02   1     CVNA   BULLISH    0.47   115.45  116.54  +$1.09  +0.94%  WIN     end_of_day
  2024-05-02   2     NVDA   BULLISH    0.40   856.85  858.24  +$1.39  +0.16%  WIN     end_of_day
  2024-05-02   3     COIN   BULLISH    0.30   228.96  228.88  -$0.08  -0.03%  LOSS    hard_stop
                                                              +$2.40  +0.36%  2W/1L  │  cap: +$51.37 (+0.51%)  portfolio: $11257.34
  ────────────────────────────────────────────────────────────────────────────────────────────────
  2024-05-03   1     PLTR   BULLISH    0.30    23.31   23.29  -$0.02  -0.09%  LOSS    fallback_20pct
  2024-05-03   2     MU     BULLISH    0.28   114.88  114.84  -$0.04  -0.03%  LOSS    trailing_stop_ma20
  2024-05-03   3     AMD    BULLISH    0.27   150.53  150.49  -$0.04  -0.03%  LOSS    hard_stop
                                                              -$0.10  -0.05%  0W/3L  │  cap: -$5.87 (-0.06%)  portfolio: $11251.47
  ────────────────────────────────────────────────────────────────────────────────────────────────
  2024-05-06   1     ANAB   BEARISH    0.74    25.36   25.37  -$0.01  -0.04%  LOSS    fallback_20pct
  2024-05-06   2     COIN   BEARISH    0.48   225.62  225.87  -$0.25  -0.11%  LOSS    fallback_20pct
  2024-05-06   3     NVDA   BULLISH    0.32   920.73  920.64  -$0.09  -0.01%  LOSS    hard_stop
                                                              -$0.35  -0.05%  0W/3L  │  cap: -$5.49 (-0.05%)  portfolio: $11245.98
  ────────────────────────────────────────────────────────────────────────────────────────────────
  2024-05-07   1     ANAB   BEARISH    0.89    25.58   25.58  +$0.00  +0.00%  LOSS    fallback_20pct
  2024-05-07   2     FN     BEARISH    0.23   213.27  209.28  +$3.99  +1.87%  WIN     end_of_day
  2024-05-07   3     RH     BEARISH    0.23   279.49  279.53  -$0.04  -0.01%  LOSS    fallback_20pct
                                                              +$3.95  +0.62%  1W/2L  │  cap: +$55.84 (+0.56%)  portfolio: $11301.82
  ────────────────────────────────────────────────────────────────────────────────────────────────
  2024-05-08   1     FN     BULLISH    0.29   209.01  208.75  -$0.26  -0.12%  LOSS    fallback_20pct
  2024-05-08   2     COIN   BEARISH    0.29   211.70  211.68  +$0.02  +0.01%  WIN     hard_stop
  2024-05-08   3     META   BULLISH    0.12   472.29  472.24  -$0.05  -0.01%  LOSS    fallback_20pct
                                                              -$0.29  -0.04%  1W/2L  │  cap: -$6.15 (-0.06%)  portfolio: $11295.67
  ────────────────────────────────────────────────────────────────────────────────────────────────
  2024-05-09   1     COIN   BEARISH    0.19   211.32  211.28  +$0.04  +0.02%  WIN     trailing_stop_ma20
  2024-05-09   2     EXPE   BULLISH    0.10   112.41  112.38  -$0.03  -0.03%  LOSS    fallback_20pct
  2024-05-09   3     META   BULLISH    0.10   475.36  475.32  -$0.05  -0.01%  LOSS    hard_stop
                                                              -$0.04  -0.01%  1W/2L  │  cap: -$0.06 (-0.00%)  portfolio: $11295.61
  ────────────────────────────────────────────────────────────────────────────────────────────────
  2024-05-10   1     ANAB   BEARISH    0.90    23.41   23.41  +$0.00  +0.00%  LOSS    end_of_day
  2024-05-10   2     MU     BULLISH    0.32   121.17  121.11  -$0.06  -0.05%  LOSS    fallback_20pct
  2024-05-10   3     CVNA   BULLISH    0.31   116.65  116.61  -$0.04  -0.03%  LOSS    fallback_20pct
                                                              -$0.10  -0.03%  0W/3L  │  cap: -$2.17 (-0.02%)  portfolio: $11293.44
  ────────────────────────────────────────────────────────────────────────────────────────────────
  2024-05-13   1     ANAB   BEARISH    0.89    23.94   23.87  +$0.06  +0.25%  WIN     end_of_day
  2024-05-13   2     CVNA   BULLISH    0.34   118.57  118.18  -$0.39  -0.33%  LOSS    fallback_20pct
  2024-05-13   3     RH     BEARISH    0.27   292.10  292.18  -$0.08  -0.03%  LOSS    hard_stop
                                                              -$0.41  -0.04%  1W/2L  │  cap: +$2.12 (+0.02%)  portfolio: $11295.55
  ────────────────────────────────────────────────────────────────────────────────────────────────
  2024-05-14   1     FN     BULLISH    0.32   229.64  232.20  +$2.56  +1.11%  WIN     end_of_day
  2024-05-14   2     MU     BULLISH    0.22   123.84  123.86  +$0.02  +0.02%  WIN     hard_stop
  2024-05-14   3     NVDA   BULLISH    0.22   916.10  915.98  -$0.12  -0.01%  LOSS    fallback_20pct
                                                              +$2.46  +0.37%  2W/1L  │  cap: +$55.96 (+0.56%)  portfolio: $11351.52
  ────────────────────────────────────────────────────────────────────────────────────────────────
  2024-05-15   1     CVNA   BEARISH    0.32   119.60  119.64  -$0.04  -0.03%  LOSS    hard_stop
  2024-05-15   2     FN     BEARISH    0.26   237.44  237.45  -$0.01  -0.00%  LOSS    hard_stop
  2024-05-15   3     AMD    BULLISH    0.21   159.00  159.05  +$0.05  +0.03%  WIN     trailing_stop_ma20
                                                              +$0.00  -0.00%  1W/2L  │  cap: -$1.17 (-0.01%)  portfolio: $11350.35
  ────────────────────────────────────────────────────────────────────────────────────────────────
  2024-05-16   1     RH     BEARISH    0.28   289.92  289.96  -$0.05  -0.02%  LOSS    hard_stop
  2024-05-16   2     NVDA   BULLISH    0.26   949.68  949.44  -$0.23  -0.02%  LOSS    hard_stop
  2024-05-16   3     PLTR   BULLISH    0.19    21.84   21.84  +$0.00  +0.00%  LOSS    fallback_20pct
                                                              -$0.28  -0.01%  0W/3L  │  cap: -$1.59 (-0.02%)  portfolio: $11348.76
  ────────────────────────────────────────────────────────────────────────────────────────────────
  2024-05-17   1     ANAB   BEARISH    0.62    24.83   24.83  +$0.00  +0.00%  LOSS    hard_stop
  2024-05-17   2     RH     BEARISH    0.23   281.24  277.91  +$3.33  +1.18%  WIN     end_of_day
  2024-05-17   3     PLTR   BULLISH    0.23    21.73   21.72  -$0.01  -0.05%  LOSS    fallback_20pct
                                                              +$3.32  +0.38%  1W/2L  │  cap: +$34.60 (+0.35%)  portfolio: $11383.36
  ────────────────────────────────────────────────────────────────────────────────────────────────
  2024-05-20   1     ANAB   BEARISH    0.62    24.97   24.97  +$0.00  +0.00%  LOSS    hard_stop
  2024-05-20   2     CVNA   BEARISH    0.31   118.54  118.56  -$0.02  -0.02%  LOSS    hard_stop
  2024-05-20   3     RH     BEARISH    0.28   280.43  280.46  -$0.02  -0.01%  LOSS    fallback_20pct
                                                              -$0.04  -0.01%  0W/3L  │  cap: -$0.65 (-0.01%)  portfolio: $11382.71
  ────────────────────────────────────────────────────────────────────────────────────────────────
  2024-05-21   1     ANAB   BEARISH    0.62    24.38   23.91  +$0.47  +1.93%  WIN     end_of_day
  2024-05-21   2     FN     BEARISH    0.28   230.48  230.48  +$0.00  +0.00%  LOSS    hard_stop
  2024-05-21   3     MU     BEARISH    0.19   127.28  127.32  -$0.03  -0.02%  LOSS    hard_stop
                                                              +$0.44  +0.63%  1W/2L  │  cap: +$95.92 (+0.96%)  portfolio: $11478.63
  ────────────────────────────────────────────────────────────────────────────────────────────────
  2024-05-22   1     CVNA   BULLISH    0.39   116.57  116.51  -$0.06  -0.05%  LOSS    fallback_20pct
  2024-05-22   2     FN     BEARISH    0.30   234.08  234.14  -$0.06  -0.03%  LOSS    fallback_20pct
  2024-05-22   3     RH     BEARISH    0.28   257.67  257.69  -$0.02  -0.01%  LOSS    fallback_20pct
                                                              -$0.14  -0.03%  0W/3L  │  cap: -$3.50 (-0.03%)  portfolio: $11475.13
  ────────────────────────────────────────────────────────────────────────────────────────────────
  2024-05-23   1     NVDA   BEARISH    0.52  1032.76 1033.71  -$0.95  -0.09%  LOSS    hard_stop
  2024-05-23   2     CVNA   BEARISH    0.37   109.21  109.25  -$0.04  -0.04%  LOSS    hard_stop
  2024-05-23   3     ANAB   BEARISH    0.34    24.44   24.44  +$0.00  +0.00%  LOSS    fallback_20pct
                                                              -$0.99  -0.04%  0W/3L  │  cap: -$5.70 (-0.06%)  portfolio: $11469.43
  ────────────────────────────────────────────────────────────────────────────────────────────────
  2024-05-24   1     COIN   BEARISH    0.45   233.63  233.83  -$0.20  -0.09%  LOSS    fallback_20pct
  2024-05-24   2     ANAB   BEARISH    0.39    24.44   23.94  +$0.51  +2.09%  WIN     end_of_day
  2024-05-24   3     NVDA   BULLISH    0.37  1054.37 1053.66  -$0.71  -0.07%  LOSS    fallback_20pct
                                                              -$0.40  +0.64%  1W/2L  │  cap: +$56.98 (+0.57%)  portfolio: $11526.41
  ────────────────────────────────────────────────────────────────────────────────────────────────
  2024-05-28   1     ANAB   BEARISH    0.41    23.34   23.34  +$0.00  +0.00%  LOSS    fallback_20pct
  2024-05-28   2     RH     BEARISH    0.38   250.08  249.95  +$0.13  +0.05%  WIN     trailing_stop_ma20
  2024-05-28   3     PLTR   BULLISH    0.11    21.03   21.03  +$0.00  +0.00%  LOSS    hard_stop
                                                              +$0.13  +0.02%  1W/2L  │  cap: +$1.56 (+0.02%)  portfolio: $11527.97
  ────────────────────────────────────────────────────────────────────────────────────────────────
  2024-05-29   1     ANAB   BEARISH    0.41    23.20   23.20  +$0.00  +0.00%  LOSS    fallback_20pct
  2024-05-29   2     FN     BEARISH    0.35   242.14  242.20  -$0.06  -0.02%  LOSS    fallback_20pct
  2024-05-29   3     CVNA   BEARISH    0.29   105.26  105.28  -$0.02  -0.02%  LOSS    hard_stop
                                                              -$0.08  -0.01%  0W/3L  │  cap: -$1.12 (-0.01%)  portfolio: $11526.84
  ────────────────────────────────────────────────────────────────────────────────────────────────
  2024-05-30   1     CVNA   BEARISH    0.54   102.85  102.89  -$0.04  -0.04%  LOSS    fallback_20pct
  2024-05-30   2     RH     BEARISH    0.28   263.52  263.56  -$0.04  -0.02%  LOSS    fallback_20pct
  2024-05-30   3     PLTR   BEARISH    0.21    21.72   21.73  -$0.01  -0.05%  LOSS    fallback_20pct
                                                              -$0.09  -0.03%  0W/3L  │  cap: -$3.32 (-0.03%)  portfolio: $11523.52
  ────────────────────────────────────────────────────────────────────────────────────────────────
  2024-05-31   1     ANAB   BEARISH    0.41    23.88   23.88  +$0.00  +0.00%  LOSS    hard_stop
  2024-05-31   2     CVNA   BEARISH    0.35    98.29   98.36  -$0.07  -0.07%  LOSS    fallback_20pct
                                                              -$0.07  -0.04%  0W/2L  │  cap: -$2.14 (-0.02%)  portfolio: $11521.39
  ────────────────────────────────────────────────────────────────────────────────────────────────
  2024-06-03   1     ANAB   BEARISH    0.41    23.44   23.44  +$0.00  +0.00%  LOSS    fallback_20pct
  2024-06-03   2     FN     BEARISH    0.33   237.90  237.92  -$0.02  -0.01%  LOSS    fallback_20pct
  2024-06-03   3     PLTR   BEARISH    0.14    21.02   21.03  +$0.00  +0.00%  LOSS    hard_stop
                                                              -$0.02  -0.00%  0W/3L  │  cap: -$0.25 (-0.00%)  portfolio: $11521.13
  ────────────────────────────────────────────────────────────────────────────────────────────────
  2024-06-04   1     FN     BEARISH    0.36   231.40  231.44  -$0.04  -0.02%  LOSS    hard_stop
  2024-06-04   2     PLTR   BEARISH    0.25    22.00   22.00  -$0.01  -0.05%  LOSS    hard_stop
  2024-06-04   3     RH     BEARISH    0.24   268.36  268.37  -$0.01  -0.00%  LOSS    hard_stop
                                                              -$0.06  -0.02%  0W/3L  │  cap: -$2.30 (-0.02%)  portfolio: $11518.83
  ────────────────────────────────────────────────────────────────────────────────────────────────
  2024-06-05   1     PLTR   BULLISH    0.15    22.88   22.88  +$0.00  +0.00%  LOSS    fallback_20pct
  2024-06-05   2     MU     BULLISH    0.11   133.24  133.07  -$0.17  -0.13%  LOSS    fallback_20pct
  2024-06-05   3     EXPE   BEARISH    0.07   116.06  115.34  +$0.72  +0.62%  WIN     end_of_day
                                                              +$0.55  +0.16%  1W/2L  │  cap: +$8.58 (+0.09%)  portfolio: $11527.41
  ────────────────────────────────────────────────────────────────────────────────────────────────
  2024-06-06   1     ANAB   BEARISH    0.43    23.84   23.84  +$0.00  +0.00%  LOSS    hard_stop
  2024-06-06   2     FN     BEARISH    0.36   236.41  236.43  -$0.02  -0.01%  LOSS    fallback_20pct
  2024-06-06   3     CVNA   BEARISH    0.28   103.93  103.96  -$0.03  -0.03%  LOSS    hard_stop
                                                              -$0.05  -0.01%  0W/3L  │  cap: -$0.83 (-0.01%)  portfolio: $11526.58
  ────────────────────────────────────────────────────────────────────────────────────────────────
  2024-06-07   1     FN     BEARISH    0.35   230.06  230.08  -$0.02  -0.01%  LOSS    fallback_20pct
  2024-06-07   2     TSLA   BULLISH    0.35   177.15  177.01  -$0.14  -0.08%  LOSS    fallback_20pct
  2024-06-07   3     RH     BEARISH    0.24   267.92  267.94  -$0.02  -0.01%  LOSS    fallback_20pct
                                                              -$0.18  -0.03%  0W/3L  │  cap: -$2.95 (-0.03%)  portfolio: $11523.63
  ────────────────────────────────────────────────────────────────────────────────────────────────
  2024-06-10   1     META   BULLISH    0.16   500.76  500.65  -$0.11  -0.02%  LOSS    hard_stop
  2024-06-10   2     MU     BULLISH    0.10   134.92  134.99  +$0.07  +0.05%  WIN     hard_stop
                                                              -$0.04  +0.01%  1W/1L  │  cap: +$0.46 (+0.00%)  portfolio: $11524.08
  ────────────────────────────────────────────────────────────────────────────────────────────────
  2024-06-11   1     EXPE   BULLISH    0.13   122.90  122.89  -$0.01  -0.01%  LOSS    hard_stop
  2024-06-11   2     PLTR   BULLISH    0.12    23.89   23.90  +$0.01  +0.04%  WIN     hard_stop
  2024-06-11   3     FANG   BULLISH    0.05   193.40  193.42  +$0.02  +0.01%  WIN     hard_stop
                                                              +$0.02  +0.01%  2W/1L  │  cap: +$1.06 (+0.01%)  portfolio: $11525.14
  ────────────────────────────────────────────────────────────────────────────────────────────────
  2024-06-12   1     EXPE   BEARISH    0.12   124.75  124.57  +$0.18  +0.14%  WIN     end_of_day
                                                              +$0.18  +0.14%  1W/0L  │  cap: +$7.21 (+0.07%)  portfolio: $11532.35
  ────────────────────────────────────────────────────────────────────────────────────────────────
  2024-06-13   1     ANAB   BEARISH    0.54    24.00   24.01  -$0.01  -0.04%  LOSS    fallback_20pct
  2024-06-13   2     CVNA   BULLISH    0.31   109.21  109.18  -$0.03  -0.03%  LOSS    hard_stop
                                                              -$0.04  -0.03%  0W/2L  │  cap: -$2.91 (-0.03%)  portfolio: $11529.45
  ────────────────────────────────────────────────────────────────────────────────────────────────
  2024-06-14   1     EXPE   BULLISH    0.12   124.02  124.62  +$0.61  +0.49%  WIN     end_of_day
  2024-06-14   2     FANG   BEARISH    0.03   186.16  186.16  +$0.00  +0.00%  LOSS    fallback_20pct
                                                              +$0.61  +0.25%  1W/1L  │  cap: +$24.59 (+0.25%)  portfolio: $11554.04
  ────────────────────────────────────────────────────────────────────────────────────────────────
  2024-06-17   1     TSLA   BEARISH    0.32   186.96  186.97  -$0.02  -0.01%  LOSS    fallback_20pct
  2024-06-17   2     RH     BEARISH    0.30   232.99  231.45  +$1.54  +0.66%  WIN     end_of_day
  2024-06-17   3     CVNA   BEARISH    0.29   108.13  108.15  -$0.02  -0.02%  LOSS    fallback_20pct
                                                              +$1.50  +0.21%  1W/2L  │  cap: +$18.92 (+0.19%)  portfolio: $11572.96
  ────────────────────────────────────────────────────────────────────────────────────────────────
  2024-06-18   1     FN     BEARISH    0.43   254.58  254.63  -$0.04  -0.02%  LOSS    hard_stop
  2024-06-18   2     CVNA   BEARISH    0.26   110.94  110.96  -$0.02  -0.02%  LOSS    fallback_20pct
  2024-06-18   3     TSLA   BULLISH    0.26   185.03  184.96  -$0.07  -0.04%  LOSS    fallback_20pct
                                                              -$0.13  -0.02%  0W/3L  │  cap: -$2.08 (-0.02%)  portfolio: $11570.88
  ────────────────────────────────────────────────────────────────────────────────────────────────
  2024-06-20   1     ANAB   BEARISH    0.70    22.86   22.88  -$0.02  -0.09%  LOSS    hard_stop
  2024-06-20   2     TSLA   BEARISH    0.23   180.73  180.74  -$0.01  -0.01%  LOSS    fallback_20pct
  2024-06-20   3     EXPE   BEARISH    0.20   125.82  125.48  +$0.34  +0.27%  WIN     end_of_day
                                                              +$0.31  +0.06%  1W/2L  │  cap: +$0.86 (+0.01%)  portfolio: $11571.75
  ────────────────────────────────────────────────────────────────────────────────────────────────
  2024-06-21   1     FN     BEARISH    0.38   243.01  243.01  +$0.00  +0.00%  LOSS    fallback_20pct
  2024-06-21   2     CVNA   BULLISH    0.31   111.17  111.13  -$0.04  -0.04%  LOSS    fallback_20pct
  2024-06-21   3     RH     BEARISH    0.24   215.12  215.14  -$0.02  -0.01%  LOSS    hard_stop
                                                              -$0.06  -0.02%  0W/3L  │  cap: -$1.27 (-0.01%)  portfolio: $11570.48
  ────────────────────────────────────────────────────────────────────────────────────────────────
  2024-06-24   1     FN     BEARISH    0.38   239.67  238.12  +$1.55  +0.65%  WIN     end_of_day
  2024-06-24   2     RH     BEARISH    0.30   225.09  225.14  -$0.05  -0.02%  LOSS    hard_stop
                                                              +$1.50  +0.31%  1W/1L  │  cap: +$31.67 (+0.32%)  portfolio: $11602.15
  ────────────────────────────────────────────────────────────────────────────────────────────────
  2024-06-25   1     ANAB   BEARISH    0.43    23.84   23.84  +$0.00  +0.00%  LOSS    hard_stop
                                                              +$0.00  +0.00%  0W/1L  │  cap: +$0.00 (+0.00%)  portfolio: $11602.15
  ────────────────────────────────────────────────────────────────────────────────────────────────
  2024-06-26   1     ANAB   BEARISH    0.50    24.01   24.02  -$0.01  -0.04%  LOSS    fallback_20pct
  2024-06-26   2     COIN   BEARISH    0.17   213.66  213.69  -$0.03  -0.01%  LOSS    hard_stop
  2024-06-26   3     FANG   BEARISH    0.03   196.75  196.76  -$0.01  -0.01%  LOSS    fallback_20pct
                                                              -$0.05  -0.02%  0W/3L  │  cap: -$2.61 (-0.03%)  portfolio: $11599.54
  ────────────────────────────────────────────────────────────────────────────────────────────────
  2024-06-27   1     ANAB   BULLISH    0.55    24.57   24.55  -$0.02  -0.08%  LOSS    fallback_20pct
  2024-06-27   2     TSLA   BULLISH    0.22   196.63  196.33  -$0.30  -0.15%  LOSS    fallback_20pct
  2024-06-27   3     FANG   BEARISH    0.03   198.09  198.09  +$0.00  +0.00%  LOSS    hard_stop
                                                              -$0.32  -0.08%  0W/3L  │  cap: -$8.65 (-0.09%)  portfolio: $11590.90
  ────────────────────────────────────────────────────────────────────────────────────────────────
  2024-06-28   1     FANG   BEARISH    0.04   199.60  199.61  -$0.02  -0.01%  LOSS    fallback_20pct
                                                              -$0.02  -0.01%  0W/1L  │  cap: -$0.50 (-0.01%)  portfolio: $11590.40
  ────────────────────────────────────────────────────────────────────────────────────────────────
  2024-07-01   1     TSLA   BEARISH    0.35   210.52  210.57  -$0.04  -0.02%  LOSS    hard_stop
  2024-07-01   2     FANG   BEARISH    0.03   203.40  203.40  +$0.00  +0.00%  LOSS    fallback_20pct
                                                              -$0.04  -0.01%  0W/2L  │  cap: -$0.95 (-0.01%)  portfolio: $11589.45
  ────────────────────────────────────────────────────────────────────────────────────────────────
  2024-07-02   1     ANAB   BEARISH    0.44    23.98   23.98  +$0.00  +0.00%  LOSS    fallback_20pct
  2024-07-02   2     META   BEARISH    0.10   509.28  509.34  -$0.06  -0.01%  LOSS    hard_stop
                                                              -$0.06  -0.01%  0W/2L  │  cap: -$0.35 (-0.00%)  portfolio: $11589.09
  ────────────────────────────────────────────────────────────────────────────────────────────────
  2024-07-05   1     TSLA   BULLISH    0.27   249.38  251.69  +$2.31  +0.93%  WIN     end_of_day
  2024-07-05   2     RH     BEARISH    0.19   240.08  240.08  +$0.00  +0.00%  LOSS    fallback_20pct
  2024-07-05   3     META   BULLISH    0.15   535.92  540.04  +$4.12  +0.77%  WIN     end_of_day
                                                              +$6.43  +0.57%  2W/1L  │  cap: +$61.69 (+0.62%)  portfolio: $11650.78
  ────────────────────────────────────────────────────────────────────────────────────────────────
  2024-07-08   1     ANAB   BEARISH    0.43    25.40   25.40  +$0.00  +0.00%  LOSS    fallback_20pct
  2024-07-08   2     FN     BEARISH    0.28   242.21  242.22  -$0.01  -0.00%  LOSS    hard_stop
  2024-07-08   3     META   BEARISH    0.14   528.86  528.90  -$0.03  -0.01%  LOSS    fallback_20pct
                                                              -$0.04  -0.00%  0W/3L  │  cap: -$0.24 (-0.00%)  portfolio: $11650.55
  ────────────────────────────────────────────────────────────────────────────────────────────────
  2024-07-09   1     TSLA   BEARISH    0.40   261.92  262.12  -$0.20  -0.08%  LOSS    fallback_20pct
  2024-07-09   2     RH     BEARISH    0.20   239.32  237.92  +$1.40  +0.58%  WIN     end_of_day
  2024-07-09   3     EXPE   BEARISH    0.17   128.60  128.62  -$0.02  -0.02%  LOSS    fallback_20pct
                                                              +$1.18  +0.16%  1W/2L  │  cap: +$13.42 (+0.13%)  portfolio: $11663.97
  ────────────────────────────────────────────────────────────────────────────────────────────────
  2024-07-10   1     COIN   BEARISH    0.41   217.43  217.46  -$0.03  -0.01%  LOSS    fallback_20pct
  2024-07-10   2     TSLA   BEARISH    0.30   264.69  264.74  -$0.05  -0.02%  LOSS    hard_stop
  2024-07-10   3     FN     BEARISH    0.27   241.68  241.69  -$0.01  -0.00%  LOSS    hard_stop
                                                              -$0.09  -0.01%  0W/3L  │  cap: -$1.34 (-0.01%)  portfolio: $11662.63
  ────────────────────────────────────────────────────────────────────────────────────────────────
  2024-07-11   1     CVNA   BEARISH    0.39   130.20  130.21  -$0.02  -0.02%  LOSS    hard_stop
  2024-07-11   2     FN     BEARISH    0.29   245.48  244.70  +$0.79  +0.32%  WIN     end_of_day
                                                              +$0.77  +0.15%  1W/1L  │  cap: +$8.89 (+0.09%)  portfolio: $11671.51
  ────────────────────────────────────────────────────────────────────────────────────────────────
  2024-07-12   1     FN     BEARISH    0.28   254.52  251.60  +$2.91  +1.14%  WIN     end_of_day
  2024-07-12   2     RH     BEARISH    0.25   277.94  277.96  -$0.01  -0.00%  LOSS    hard_stop
  2024-07-12   3     META   BEARISH    0.15   503.11  498.80  +$4.31  +0.86%  WIN     end_of_day
                                                              +$7.21  +0.67%  2W/1L  │  cap: +$74.19 (+0.74%)  portfolio: $11745.71
  ────────────────────────────────────────────────────────────────────────────────────────────────
  2024-07-15   1     CVNA   BEARISH    0.46   141.81  141.86  -$0.05  -0.04%  LOSS    hard_stop
  2024-07-15   2     RH     BEARISH    0.24   274.97  274.98  -$0.01  -0.00%  LOSS    fallback_20pct
  2024-07-15   3     FANG   BULLISH    0.06   211.55  211.29  -$0.26  -0.12%  LOSS    fallback_20pct
                                                              -$0.32  -0.05%  0W/3L  │  cap: -$4.33 (-0.04%)  portfolio: $11741.38
  ────────────────────────────────────────────────────────────────────────────────────────────────
  2024-07-17   1     TSLA   BEARISH    0.33   246.69  246.81  -$0.12  -0.05%  LOSS    fallback_20pct
  2024-07-17   2     EXPE   BEARISH    0.17   134.51  134.54  -$0.02  -0.01%  LOSS    hard_stop
                                                              -$0.14  -0.03%  0W/2L  │  cap: -$2.88 (-0.03%)  portfolio: $11738.50
  ────────────────────────────────────────────────────────────────────────────────────────────────
  2024-07-18   1     ANAB   BEARISH    0.62    34.62   34.62  -$0.01  -0.03%  LOSS    fallback_20pct
  2024-07-18   2     COIN   BEARISH    0.61   233.28  233.45  -$0.17  -0.07%  LOSS    hard_stop
  2024-07-18   3     CVNA   BEARISH    0.47   129.01  129.06  -$0.05  -0.04%  LOSS    hard_stop
                                                              -$0.23  -0.05%  0W/3L  │  cap: -$4.41 (-0.04%)  portfolio: $11734.09
  ────────────────────────────────────────────────────────────────────────────────────────────────
  2024-07-19   1     CVNA   BEARISH    0.59   131.11  131.25  -$0.14  -0.11%  LOSS    fallback_20pct
  2024-07-19   2     RH     BEARISH    0.22   273.50  273.54  -$0.04  -0.01%  LOSS    fallback_20pct
                                                              -$0.18  -0.06%  0W/2L  │  cap: -$5.78 (-0.06%)  portfolio: $11728.31
  ────────────────────────────────────────────────────────────────────────────────────────────────
  2024-07-22   1     FANG   BEARISH    0.04   203.90  203.91  -$0.01  -0.00%  LOSS    fallback_20pct
                                                              -$0.01  -0.00%  0W/1L  │  cap: -$0.25 (-0.00%)  portfolio: $11728.07
  ────────────────────────────────────────────────────────────────────────────────────────────────
  2024-07-23   1     CVNA   BEARISH    0.46   128.99  129.05  -$0.06  -0.05%  LOSS    fallback_20pct
  2024-07-23   2     COIN   BEARISH    0.43   259.47  259.56  -$0.09  -0.03%  LOSS    fallback_20pct
  2024-07-23   3     META   BEARISH    0.16   490.03  488.74  +$1.28  +0.26%  WIN     end_of_day
                                                              +$1.13  +0.06%  1W/2L  │  cap: +$1.86 (+0.02%)  portfolio: $11729.93
  ────────────────────────────────────────────────────────────────────────────────────────────────
  2024-07-24   1     TSLA   BEARISH    0.47   218.55  216.17  +$2.38  +1.09%  WIN     end_of_day
  2024-07-24   2     FN     BEARISH    0.21   226.94  224.63  +$2.31  +1.02%  WIN     end_of_day
  2024-07-24   3     FANG   BEARISH    0.06   199.54  198.86  +$0.68  +0.34%  WIN     end_of_day
                                                              +$5.37  +0.82%  3W/0L  │  cap: +$91.80 (+0.92%)  portfolio: $11821.73
  ────────────────────────────────────────────────────────────────────────────────────────────────
  2024-07-25   1     FN     BEARISH    0.31   216.48  216.56  -$0.08  -0.04%  LOSS    fallback_20pct
  2024-07-25   2     RH     BEARISH    0.29   263.68  263.91  -$0.23  -0.09%  LOSS    fallback_20pct
  2024-07-25   3     PLTR   BEARISH    0.18    26.80   26.80  -$0.01  -0.04%  LOSS    fallback_20pct
                                                              -$0.32  -0.05%  0W/3L  │  cap: -$5.21 (-0.05%)  portfolio: $11816.52
  ────────────────────────────────────────────────────────────────────────────────────────────────
  2024-07-26   1     CVNA   BEARISH    0.47   132.60  132.67  -$0.07  -0.05%  LOSS    fallback_20pct
  2024-07-26   2     FN     BEARISH    0.23   219.73  219.73  +$0.00  +0.00%  LOSS    fallback_20pct
  2024-07-26   3     RH     BEARISH    0.23   276.36  276.40  -$0.05  -0.02%  LOSS    fallback_20pct
                                                              -$0.12  -0.02%  0W/3L  │  cap: -$3.00 (-0.03%)  portfolio: $11813.52
  ────────────────────────────────────────────────────────────────────────────────────────────────
  2024-07-29   1     RH     BEARISH    0.30   288.32  288.38  -$0.07  -0.02%  LOSS    fallback_20pct
  2024-07-29   2     FN     BEARISH    0.24   220.11  220.12  -$0.01  -0.00%  LOSS    fallback_20pct
                                                              -$0.08  -0.01%  0W/2L  │  cap: -$1.35 (-0.01%)  portfolio: $11812.17
  ────────────────────────────────────────────────────────────────────────────────────────────────
  2024-07-30   1     FN     BEARISH    0.24   212.48  212.49  -$0.01  -0.00%  LOSS    hard_stop
  2024-07-30   2     FANG   BEARISH    0.05   198.06  198.07  -$0.01  -0.01%  LOSS    hard_stop
                                                              -$0.02  -0.00%  0W/2L  │  cap: -$0.39 (-0.00%)  portfolio: $11811.78
  ────────────────────────────────────────────────────────────────────────────────────────────────
  2024-07-31   1     COIN   BULLISH    0.57   233.73  233.04  -$0.69  -0.30%  LOSS    fallback_20pct
  2024-07-31   2     RH     BULLISH    0.47   297.80  297.54  -$0.26  -0.09%  LOSS    fallback_20pct
  2024-07-31   3     EXPE   BULLISH    0.31   129.11  128.56  -$0.55  -0.43%  LOSS    fallback_20pct
                                                              -$1.50  -0.27%  0W/3L  │  cap: -$25.90 (-0.26%)  portfolio: $11785.88
  ────────────────────────────────────────────────────────────────────────────────────────────────
  2024-08-01   1     FN     BEARISH    0.24   211.47  211.47  +$0.00  +0.00%  LOSS    fallback_20pct
  2024-08-01   2     FANG   BEARISH    0.10   196.35  196.39  -$0.04  -0.02%  LOSS    fallback_20pct
                                                              -$0.04  -0.01%  0W/2L  │  cap: -$0.61 (-0.01%)  portfolio: $11785.27
  ────────────────────────────────────────────────────────────────────────────────────────────────
  2024-08-02   1     TSLA   BEARISH    0.39   206.66  206.66  +$0.00  +0.00%  LOSS    hard_stop
  2024-08-02   2     RH     BEARISH    0.27   261.36  261.36  +$0.00  +0.00%  LOSS    hard_stop
                                                              +$0.00  +0.00%  0W/2L  │  cap: +$0.00 (+0.00%)  portfolio: $11785.27
  ────────────────────────────────────────────────────────────────────────────────────────────────
  2024-08-05   1     FN     BEARISH    0.29   194.37  194.44  -$0.07  -0.04%  LOSS    hard_stop
  2024-08-05   2     FANG   BEARISH    0.09   185.27  185.24  +$0.03  +0.02%  WIN     trailing_stop_ma20
                                                              -$0.04  -0.01%  1W/1L  │  cap: -$1.31 (-0.01%)  portfolio: $11783.95
  ────────────────────────────────────────────────────────────────────────────────────────────────
  2024-08-06   1     CVNA   BEARISH    0.58   139.14  139.25  -$0.11  -0.08%  LOSS    hard_stop
  2024-08-06   2     TSLA   BEARISH    0.48   200.28  200.35  -$0.07  -0.03%  LOSS    hard_stop
  2024-08-06   3     META   BEARISH    0.35   497.17  497.64  -$0.46  -0.09%  LOSS    fallback_20pct
                                                              -$0.64  -0.07%  0W/3L  │  cap: -$6.85 (-0.07%)  portfolio: $11777.10
  ────────────────────────────────────────────────────────────────────────────────────────────────
  2024-08-07   1     RH     BEARISH    0.27   253.69  247.86  +$5.84  +2.30%  WIN     end_of_day
                                                              +$5.84  +2.30%  1W/0L  │  cap: +$115.10 (+1.15%)  portfolio: $11892.20
  ────────────────────────────────────────────────────────────────────────────────────────────────
  2024-08-08   1     CVNA   BEARISH    0.46   133.08  133.15  -$0.06  -0.05%  LOSS    fallback_20pct
  2024-08-08   2     MU     BEARISH    0.36    91.59   91.71  -$0.12  -0.13%  LOSS    fallback_20pct
  2024-08-08   3     PLTR   BEARISH    0.26    28.91   28.93  -$0.02  -0.07%  LOSS    fallback_20pct
                                                              -$0.20  -0.08%  0W/3L  │  cap: -$7.57 (-0.08%)  portfolio: $11884.63
  ────────────────────────────────────────────────────────────────────────────────────────────────
  2024-08-09   1     RH     BEARISH    0.55   253.53  253.73  -$0.20  -0.08%  LOSS    fallback_20pct
  2024-08-09   2     CVNA   BEARISH    0.36   136.82  136.83  -$0.01  -0.01%  LOSS    fallback_20pct
  2024-08-09   3     TSLA   BEARISH    0.32   199.30  199.34  -$0.03  -0.02%  LOSS    fallback_20pct
                                                              -$0.24  -0.03%  0W/3L  │  cap: -$4.46 (-0.04%)  portfolio: $11880.17
  ────────────────────────────────────────────────────────────────────────────────────────────────
  2024-08-12   1     RH     BEARISH    0.38   243.79  243.79  +$0.00  +0.00%  LOSS    hard_stop
  2024-08-12   2     TSLA   BEARISH    0.29   197.95  197.94  +$0.01  +0.01%  WIN     hard_stop
  2024-08-12   3     FN     BEARISH    0.20   207.60  207.60  +$0.00  +0.00%  LOSS    fallback_20pct
                                                              +$0.01  +0.00%  1W/2L  │  cap: +$0.15 (+0.00%)  portfolio: $11880.32
  ────────────────────────────────────────────────────────────────────────────────────────────────
  2024-08-13   1     EXPE   BULLISH    0.20   129.68  130.58  +$0.91  +0.70%  WIN     end_of_day
  2024-08-13   2     PLTR   BULLISH    0.18    30.16   30.12  -$0.04  -0.13%  LOSS    fallback_20pct
  2024-08-13   3     MU     BEARISH    0.18    97.15   97.15  +$0.00  +0.00%  LOSS    hard_stop
                                                              +$0.87  +0.19%  1W/2L  │  cap: +$31.11 (+0.31%)  portfolio: $11911.43
  ────────────────────────────────────────────────────────────────────────────────────────────────
  2024-08-14   1     CVNA   BEARISH    0.46   142.43  142.50  -$0.07  -0.05%  LOSS    fallback_20pct
  2024-08-14   2     TSLA   BEARISH    0.22   200.38  200.35  +$0.03  +0.01%  WIN     trailing_stop_ma20
  2024-08-14   3     FN     BULLISH    0.21   218.62  217.70  -$0.91  -0.42%  LOSS    fallback_20pct
                                                              -$0.95  -0.15%  1W/2L  │  cap: -$10.33 (-0.10%)  portfolio: $11901.10
  ────────────────────────────────────────────────────────────────────────────────────────────────
  2024-08-15   1     ANAB   BEARISH    0.92    32.31   32.33  -$0.02  -0.06%  LOSS    hard_stop
  2024-08-15   2     CVNA   BEARISH    0.40   151.65  151.64  +$0.01  +0.01%  WIN     hard_stop
  2024-08-15   3     RH     BEARISH    0.39   272.90  268.60  +$4.30  +1.58%  WIN     end_of_day
                                                              +$4.29  +0.51%  2W/1L  │  cap: +$28.62 (+0.29%)  portfolio: $11929.71
  ────────────────────────────────────────────────────────────────────────────────────────────────
  2024-08-16   1     ANAB   BEARISH    0.89    34.60   34.00  +$0.59  +1.71%  WIN     end_of_day
  2024-08-16   2     APP    BULLISH    0.57    86.35   86.36  +$0.01  +0.01%  WIN     fallback_20pct
  2024-08-16   3     PLTR   BULLISH    0.19    32.30   32.18  -$0.12  -0.37%  LOSS    fallback_20pct
                                                              +$0.48  +0.45%  2W/1L  │  cap: +$78.18 (+0.78%)  portfolio: $12007.89
  ────────────────────────────────────────────────────────────────────────────────────────────────
  2024-08-19   1     RH     BEARISH    0.45   270.59  270.59  +$0.00  +0.00%  LOSS    fallback_20pct
  2024-08-19   2     CVNA   BEARISH    0.28   155.24  155.26  -$0.02  -0.01%  LOSS    hard_stop
  2024-08-19   3     META   BEARISH    0.23   526.66  526.78  -$0.12  -0.02%  LOSS    hard_stop
                                                              -$0.14  -0.01%  0W/3L  │  cap: -$0.84 (-0.01%)  portfolio: $12007.05
  ────────────────────────────────────────────────────────────────────────────────────────────────
  2024-08-20   1     ANAB   BULLISH    0.75    36.06   35.92  -$0.15  -0.42%  LOSS    fallback_20pct
  2024-08-20   2     RH     BEARISH    0.46   261.21  261.23  -$0.02  -0.01%  LOSS    hard_stop
  2024-08-20   3     APP    BULLISH    0.27    86.96   86.89  -$0.07  -0.08%  LOSS    fallback_20pct
                                                              -$0.24  -0.17%  0W/3L  │  cap: -$22.64 (-0.23%)  portfolio: $11984.41
  ────────────────────────────────────────────────────────────────────────────────────────────────
  2024-08-21   1     ANAB   BULLISH    0.85    37.07   37.72  +$0.65  +1.75%  WIN     end_of_day
  2024-08-21   2     RH     BEARISH    0.46   267.58  267.61  -$0.03  -0.01%  LOSS    fallback_20pct
  2024-08-21   3     CVNA   BEARISH    0.38   156.05  156.13  -$0.08  -0.05%  LOSS    hard_stop
                                                              +$0.54  +0.56%  1W/2L  │  cap: +$86.31 (+0.86%)  portfolio: $12070.72
  ────────────────────────────────────────────────────────────────────────────────────────────────
  2024-08-22   1     RH     BEARISH    0.45   262.83  262.83  +$0.00  +0.00%  LOSS    fallback_20pct
  2024-08-22   2     APP    BULLISH    0.36    90.05   90.01  -$0.04  -0.04%  LOSS    fallback_20pct
  2024-08-22   3     FN     BEARISH    0.30   267.18  261.83  +$5.35  +2.00%  WIN     end_of_day
                                                              +$5.31  +0.65%  1W/2L  │  cap: +$38.72 (+0.39%)  portfolio: $12109.43
  ────────────────────────────────────────────────────────────────────────────────────────────────
  2024-08-23   1     ANAB   BEARISH    0.63    37.44   37.44  +$0.00  +0.00%  LOSS    fallback_20pct
  2024-08-23   2     RH     BULLISH    0.54   283.56  283.48  -$0.09  -0.03%  LOSS    hard_stop
  2024-08-23   3     FN     BEARISH    0.34   268.60  268.60  +$0.00  +0.00%  LOSS    hard_stop
                                                              -$0.09  -0.01%  0W/3L  │  cap: -$0.95 (-0.01%)  portfolio: $12108.48
  ────────────────────────────────────────────────────────────────────────────────────────────────
  2024-08-26   1     ANAB   BEARISH    0.66    37.12   37.12  +$0.00  +0.00%  LOSS    fallback_20pct
  2024-08-26   2     RH     BEARISH    0.46   279.79  279.81  -$0.02  -0.01%  LOSS    fallback_20pct
  2024-08-26   3     FN     BEARISH    0.39   256.10  251.68  +$4.43  +1.73%  WIN     end_of_day
                                                              +$4.41  +0.57%  1W/2L  │  cap: +$34.38 (+0.34%)  portfolio: $12142.86
  ────────────────────────────────────────────────────────────────────────────────────────────────
  2024-08-27   1     RH     BEARISH    0.45   274.10  274.11  +$0.00  +0.00%  LOSS    fallback_20pct
  2024-08-27   2     FN     BEARISH    0.39   246.65  246.65  +$0.00  +0.00%  LOSS    hard_stop
  2024-08-27   3     MU     BEARISH    0.28    97.27   97.33  -$0.06  -0.06%  LOSS    hard_stop
                                                              -$0.06  -0.02%  0W/3L  │  cap: -$1.23 (-0.01%)  portfolio: $12141.63
  ────────────────────────────────────────────────────────────────────────────────────────────────
  2024-08-28   1     APP    BEARISH    0.37    89.05   87.95  +$1.10  +1.24%  WIN     end_of_day
                                                              +$1.10  +1.24%  1W/0L  │  cap: +$61.76 (+0.62%)  portfolio: $12203.39
  ────────────────────────────────────────────────────────────────────────────────────────────────
  2024-08-29   1     ANAB   BEARISH    0.71    36.60   36.61  -$0.01  -0.03%  LOSS    fallback_20pct
  2024-08-29   2     RH     BEARISH    0.45   260.30  255.40  +$4.90  +1.88%  WIN     end_of_day
  2024-08-29   3     CVNA   BEARISH    0.27   150.56  150.60  -$0.04  -0.03%  LOSS    fallback_20pct
                                                              +$4.85  +0.61%  1W/2L  │  cap: +$54.58 (+0.55%)  portfolio: $12257.97
  ────────────────────────────────────────────────────────────────────────────────────────────────
  2024-08-30   1     RH     BEARISH    0.48   251.08  251.09  -$0.02  -0.01%  LOSS    fallback_20pct
                                                              -$0.02  -0.01%  0W/1L  │  cap: -$0.40 (-0.00%)  portfolio: $12257.57
  ────────────────────────────────────────────────────────────────────────────────────────────────
  2024-09-03   1     ANAB   BEARISH    0.66    36.89   36.06  +$0.83  +2.25%  WIN     end_of_day
  2024-09-03   2     EXPE   BEARISH    0.29   136.63  136.66  -$0.03  -0.02%  LOSS    hard_stop
  2024-09-03   3     META   BEARISH    0.16   512.92  512.98  -$0.06  -0.01%  LOSS    fallback_20pct
                                                              +$0.74  +0.74%  1W/2L  │  cap: +$111.60 (+1.12%)  portfolio: $12369.17
  ────────────────────────────────────────────────────────────────────────────────────────────────
  2024-09-04   1     RH     BEARISH    0.51   240.51  240.57  -$0.06  -0.02%  LOSS    hard_stop
  2024-09-04   2     FN     BEARISH    0.41   223.75  223.78  -$0.03  -0.01%  LOSS    hard_stop
  2024-09-04   3     APP    BEARISH    0.33    88.20   88.23  -$0.02  -0.02%  LOSS    hard_stop
                                                              -$0.11  -0.02%  0W/3L  │  cap: -$2.10 (-0.02%)  portfolio: $12367.07
  ────────────────────────────────────────────────────────────────────────────────────────────────
  2024-09-05   1     ANAB   BEARISH    0.64    37.00   37.00  +$0.00  +0.00%  LOSS    fallback_20pct
  2024-09-05   2     RH     BEARISH    0.47   250.02  249.66  +$0.36  +0.14%  WIN     end_of_day
  2024-09-05   3     FN     BEARISH    0.41   225.55  225.59  -$0.04  -0.02%  LOSS    hard_stop
                                                              +$0.32  +0.04%  1W/2L  │  cap: +$3.96 (+0.04%)  portfolio: $12371.04
  ────────────────────────────────────────────────────────────────────────────────────────────────
  2024-09-06   1     ANAB   BEARISH    0.64    36.00   36.00  +$0.00  +0.00%  LOSS    fallback_20pct
  2024-09-06   2     FN     BEARISH    0.42   210.86  210.88  -$0.02  -0.01%  LOSS    hard_stop
                                                              -$0.02  -0.00%  0W/2L  │  cap: -$0.28 (-0.00%)  portfolio: $12370.75
  ────────────────────────────────────────────────────────────────────────────────────────────────
  2024-09-09   1     ANAB   BEARISH    0.66    35.19   35.20  -$0.01  -0.03%  LOSS    fallback_20pct
  2024-09-09   2     RH     BEARISH    0.49   244.81  244.86  -$0.05  -0.02%  LOSS    fallback_20pct
  2024-09-09   3     APP    BEARISH    0.37    85.33   85.36  -$0.03  -0.04%  LOSS    fallback_20pct
                                                              -$0.09  -0.03%  0W/3L  │  cap: -$2.74 (-0.03%)  portfolio: $12368.01
  ────────────────────────────────────────────────────────────────────────────────────────────────
  2024-09-10   1     ANAB   BEARISH    0.66    35.27   35.15  +$0.12  +0.34%  WIN     end_of_day
  2024-09-10   2     RH     BEARISH    0.45   242.92  242.92  +$0.00  +0.00%  LOSS    hard_stop
  2024-09-10   3     FN     BEARISH    0.44   206.30  206.30  +$0.00  +0.00%  LOSS    fallback_20pct
                                                              +$0.12  +0.11%  1W/2L  │  cap: +$17.01 (+0.17%)  portfolio: $12385.03
  ────────────────────────────────────────────────────────────────────────────────────────────────
  2024-09-11   1     RH     BEARISH    0.44   244.47  244.47  +$0.00  +0.00%  LOSS    fallback_20pct
                                                              +$0.00  +0.00%  0W/1L  │  cap: +$0.00 (+0.00%)  portfolio: $12385.03
  ────────────────────────────────────────────────────────────────────────────────────────────────
  2024-09-12   1     FN     BULLISH    0.52   224.20  224.15  -$0.05  -0.02%  LOSS    hard_stop
  2024-09-12   2     CVNA   BEARISH    0.16   140.12  140.15  -$0.03  -0.02%  LOSS    fallback_20pct
  2024-09-12   3     TSLA   BEARISH    0.12   229.23  229.23  +$0.00  +0.00%  LOSS    fallback_20pct
                                                              -$0.08  -0.01%  0W/3L  │  cap: -$1.76 (-0.02%)  portfolio: $12383.27
  ────────────────────────────────────────────────────────────────────────────────────────────────
  2024-09-13   1     FN     BEARISH    0.47   229.79  229.81  -$0.02  -0.01%  LOSS    fallback_20pct
  2024-09-13   2     RH     BEARISH    0.45   314.96  314.98  -$0.01  -0.00%  LOSS    hard_stop
  2024-09-13   3     EXPE   BEARISH    0.25   135.16  135.19  -$0.03  -0.02%  LOSS    fallback_20pct
                                                              -$0.06  -0.01%  0W/3L  │  cap: -$0.97 (-0.01%)  portfolio: $12382.29
  ────────────────────────────────────────────────────────────────────────────────────────────────
  2024-09-16   1     RH     BEARISH    0.45   333.36  329.65  +$3.71  +1.11%  WIN     end_of_day
  2024-09-16   2     APP    BULLISH    0.34   116.64  116.39  -$0.25  -0.21%  LOSS    fallback_20pct
  2024-09-16   3     EXPE   BEARISH    0.30   135.74  135.77  -$0.03  -0.02%  LOSS    hard_stop
                                                              +$3.43  +0.29%  1W/2L  │  cap: +$48.77 (+0.49%)  portfolio: $12431.07
  ────────────────────────────────────────────────────────────────────────────────────────────────
  2024-09-17   1     ANAB   BEARISH    1.66    37.10   37.24  -$0.14  -0.38%  LOSS    hard_stop
  2024-09-17   2     FN     BEARISH    0.49   229.76  229.79  -$0.03  -0.01%  LOSS    hard_stop
  2024-09-17   3     RH     BEARISH    0.43   332.43  332.45  -$0.02  -0.01%  LOSS    fallback_20pct
                                                              -$0.19  -0.13%  0W/3L  │  cap: -$19.38 (-0.19%)  portfolio: $12411.69
  ────────────────────────────────────────────────────────────────────────────────────────────────
  2024-09-18   1     TSLA   BEARISH    0.39   229.82  230.01  -$0.18  -0.08%  LOSS    hard_stop
  2024-09-18   2     META   BULLISH    0.15   539.54  538.33  -$1.21  -0.22%  LOSS    fallback_20pct
  2024-09-18   3     FANG   BEARISH    0.11   179.85  179.87  -$0.02  -0.01%  LOSS    hard_stop
                                                              -$1.41  -0.10%  0W/3L  │  cap: -$10.87 (-0.11%)  portfolio: $12400.82
  ────────────────────────────────────────────────────────────────────────────────────────────────
  2024-09-19   1     ANAB   BEARISH    0.54    37.46   37.46  +$0.00  +0.00%  LOSS    hard_stop
  2024-09-19   2     FN     BEARISH    0.48   234.44  234.49  -$0.05  -0.02%  LOSS    fallback_20pct
  2024-09-19   3     APP    BEARISH    0.37   123.54  123.58  -$0.04  -0.03%  LOSS    hard_stop
                                                              -$0.09  -0.02%  0W/3L  │  cap: -$1.29 (-0.01%)  portfolio: $12399.53
  ────────────────────────────────────────────────────────────────────────────────────────────────
  2024-09-20   1     FN     BEARISH    0.53   229.83  229.90  -$0.07  -0.03%  LOSS    fallback_20pct
  2024-09-20   2     TSLA   BULLISH    0.16   239.02  238.96  -$0.06  -0.03%  LOSS    hard_stop
  2024-09-20   3     FANG   BULLISH    0.14   181.36  181.33  -$0.03  -0.02%  LOSS    hard_stop
                                                              -$0.16  -0.02%  0W/3L  │  cap: -$2.61 (-0.03%)  portfolio: $12396.93
  ────────────────────────────────────────────────────────────────────────────────────────────────
  2024-09-23   1     ANAB   BEARISH    0.55    35.72   35.73  +$0.00  +0.00%  LOSS    fallback_20pct
  2024-09-23   2     APP    BULLISH    0.31   126.90  126.88  -$0.02  -0.02%  LOSS    fallback_20pct
  2024-09-23   3     CVNA   BULLISH    0.19   176.06  175.62  -$0.44  -0.25%  LOSS    fallback_20pct
                                                              -$0.46  -0.09%  0W/3L  │  cap: -$5.47 (-0.05%)  portfolio: $12391.46
  ────────────────────────────────────────────────────────────────────────────────────────────────
  2024-09-24   1     ANAB   BEARISH    0.54    35.05   35.05  +$0.00  +0.00%  LOSS    hard_stop
  2024-09-24   2     FN     BEARISH    0.49   231.86  230.66  +$1.20  +0.52%  WIN     end_of_day
  2024-09-24   3     RH     BEARISH    0.43   345.33  344.37  +$0.96  +0.28%  WIN     end_of_day
                                                              +$2.16  +0.27%  2W/1L  │  cap: +$21.09 (+0.21%)  portfolio: $12412.54
  ────────────────────────────────────────────────────────────────────────────────────────────────
  2024-09-25   1     ANAB   BEARISH    0.62    32.82   32.35  +$0.47  +1.43%  WIN     end_of_day
  2024-09-25   2     RH     BEARISH    0.39   337.49  335.42  +$2.07  +0.61%  WIN     end_of_day
  2024-09-25   3     APP    BULLISH    0.31   130.88  130.90  +$0.02  +0.02%  WIN     hard_stop
                                                              +$2.56  +0.69%  3W/0L  │  cap: +$90.31 (+0.90%)  portfolio: $12502.85
  ────────────────────────────────────────────────────────────────────────────────────────────────
  2024-09-26   1     FN     BEARISH    0.43   233.98  233.98  +$0.00  +0.00%  LOSS    fallback_20pct
  2024-09-26   2     RH     BEARISH    0.35   338.82  338.85  -$0.03  -0.01%  LOSS    hard_stop
  2024-09-26   3     COIN   BULLISH    0.21   180.04  179.97  -$0.07  -0.04%  LOSS    fallback_20pct
                                                              -$0.10  -0.02%  0W/3L  │  cap: -$1.04 (-0.01%)  portfolio: $12501.81
  ────────────────────────────────────────────────────────────────────────────────────────────────
  2024-09-27   1     ANAB   BEARISH    0.52    31.86   31.85  +$0.01  +0.03%  WIN     end_of_day
  2024-09-27   2     APP    BEARISH    0.29   127.85  127.88  -$0.03  -0.02%  LOSS    hard_stop
  2024-09-27   3     CVNA   BULLISH    0.16   170.06  170.07  +$0.00  +0.00%  LOSS    hard_stop
                                                              -$0.02  +0.00%  1W/2L  │  cap: +$0.87 (+0.01%)  portfolio: $12502.67
  ────────────────────────────────────────────────────────────────────────────────────────────────
  2024-09-30   1     FN     BEARISH    0.43   233.71  233.72  -$0.01  -0.00%  LOSS    fallback_20pct
  2024-09-30   2     RH     BEARISH    0.34   333.12  333.12  +$0.00  +0.00%  LOSS    hard_stop
  2024-09-30   3     TSLA   BULLISH    0.21   258.92  258.86  -$0.06  -0.02%  LOSS    fallback_20pct
                                                              -$0.07  -0.01%  0W/3L  │  cap: -$0.68 (-0.01%)  portfolio: $12502.00
  ────────────────────────────────────────────────────────────────────────────────────────────────
  2024-10-01   1     FANG   BEARISH    0.18   176.92  177.03  -$0.11  -0.06%  LOSS    fallback_20pct
                                                              -$0.11  -0.06%  0W/1L  │  cap: -$3.11 (-0.03%)  portfolio: $12498.89
  ────────────────────────────────────────────────────────────────────────────────────────────────
  2024-10-02   1     ANAB   BEARISH    0.47    34.84   34.85  -$0.01  -0.03%  LOSS    fallback_20pct
  2024-10-02   2     FN     BEARISH    0.43   233.48  233.49  +$0.00  +0.00%  LOSS    fallback_20pct
  2024-10-02   3     RH     BEARISH    0.34   335.29  335.30  -$0.01  -0.00%  LOSS    hard_stop
                                                              -$0.02  -0.01%  0W/3L  │  cap: -$1.49 (-0.01%)  portfolio: $12497.39
  ────────────────────────────────────────────────────────────────────────────────────────────────
  2024-10-03   1     FN     BEARISH    0.45   232.52  232.57  -$0.05  -0.02%  LOSS    fallback_20pct
  2024-10-03   2     CVNA   BEARISH    0.12   176.12  176.13  -$0.02  -0.01%  LOSS    hard_stop
                                                              -$0.07  -0.02%  0W/2L  │  cap: -$1.42 (-0.01%)  portfolio: $12495.98
  ────────────────────────────────────────────────────────────────────────────────────────────────
  2024-10-04   1     FN     BULLISH    0.47   240.95  242.51  +$1.56  +0.65%  WIN     end_of_day
  2024-10-04   2     ANAB   BEARISH    0.45    33.69   33.69  +$0.00  +0.00%  LOSS    hard_stop
  2024-10-04   3     RH     BEARISH    0.34   334.02  334.03  -$0.01  -0.00%  LOSS    hard_stop
                                                              +$1.55  +0.21%  1W/2L  │  cap: +$32.31 (+0.32%)  portfolio: $12528.29
  ────────────────────────────────────────────────────────────────────────────────────────────────
  2024-10-07   1     FN     BEARISH    0.45   240.27  240.28  -$0.01  -0.00%  LOSS    fallback_20pct
  2024-10-07   2     ANAB   BEARISH    0.45    32.92   32.92  +$0.00  +0.00%  LOSS    hard_stop
  2024-10-07   3     RH     BEARISH    0.31   323.06  323.16  -$0.10  -0.03%  LOSS    fallback_20pct
                                                              -$0.11  -0.01%  0W/3L  │  cap: -$0.83 (-0.01%)  portfolio: $12527.46
  ────────────────────────────────────────────────────────────────────────────────────────────────
  2024-10-08   1     ANAB   BEARISH    0.49    32.62   32.64  -$0.02  -0.06%  LOSS    fallback_20pct
  2024-10-08   2     RH     BEARISH    0.29   321.60  321.63  -$0.03  -0.01%  LOSS    fallback_20pct
  2024-10-08   3     APP    BEARISH    0.22   143.35  143.36  -$0.01  -0.01%  LOSS    fallback_20pct
                                                              -$0.06  -0.03%  0W/3L  │  cap: -$3.48 (-0.03%)  portfolio: $12523.98
  ────────────────────────────────────────────────────────────────────────────────────────────────
  2024-10-09   1     APP    BEARISH    0.30   142.66  142.71  -$0.05  -0.04%  LOSS    hard_stop
  2024-10-09   2     SHOP   BULLISH    0.10    83.42   83.41  -$0.01  -0.01%  LOSS    fallback_20pct
                                                              -$0.06  -0.02%  0W/2L  │  cap: -$2.11 (-0.02%)  portfolio: $12521.86
  ────────────────────────────────────────────────────────────────────────────────────────────────
  2024-10-10   1     EXPE   BEARISH    0.30   149.65  149.72  -$0.07  -0.05%  LOSS    hard_stop
  2024-10-10   2     RH     BEARISH    0.28   315.82  315.83  +$0.00  +0.00%  LOSS    hard_stop
  2024-10-10   3     META   BEARISH    0.13   584.98  585.03  -$0.05  -0.01%  LOSS    hard_stop
                                                              -$0.12  -0.02%  0W/3L  │  cap: -$2.51 (-0.03%)  portfolio: $12519.36
  ────────────────────────────────────────────────────────────────────────────────────────────────
  2024-10-11   1     APP    BEARISH    0.24   146.73  146.75  -$0.02  -0.01%  LOSS    hard_stop
  2024-10-11   2     COIN   BEARISH    0.22   176.24  176.31  -$0.07  -0.04%  LOSS    fallback_20pct
  2024-10-11   3     EXPE   BEARISH    0.15   150.32  150.32  +$0.00  +0.00%  LOSS    fallback_20pct
                                                              -$0.09  -0.02%  0W/3L  │  cap: -$1.87 (-0.02%)  portfolio: $12517.48
  ────────────────────────────────────────────────────────────────────────────────────────────────
  2024-10-14   1     FN     BEARISH    0.45   264.50  264.50  -$0.01  -0.00%  LOSS    fallback_20pct
  2024-10-14   2     COIN   BULLISH    0.34   195.55  196.34  +$0.79  +0.40%  WIN     end_of_day
  2024-10-14   3     RH     BEARISH    0.28   328.78  328.79  +$0.00  +0.00%  LOSS    fallback_20pct
                                                              +$0.78  +0.13%  1W/2L  │  cap: +$11.93 (+0.12%)  portfolio: $12529.41
  ────────────────────────────────────────────────────────────────────────────────────────────────
  2024-10-15   1     FN     BEARISH    0.46   257.50  255.59  +$1.91  +0.74%  WIN     end_of_day
  2024-10-15   2     ANAB   BEARISH    0.38    33.31   33.31  +$0.00  +0.00%  LOSS    fallback_20pct
  2024-10-15   3     COIN   BEARISH    0.34   194.72  194.86  -$0.14  -0.07%  LOSS    hard_stop
                                                              +$1.77  +0.22%  1W/2L  │  cap: +$35.65 (+0.36%)  portfolio: $12565.06
  ────────────────────────────────────────────────────────────────────────────────────────────────
  2024-10-16   1     FN     BEARISH    0.41   261.97  261.98  -$0.01  -0.00%  LOSS    fallback_20pct
  2024-10-16   2     ANAB   BEARISH    0.36    34.04   34.04  +$0.00  +0.00%  LOSS    fallback_20pct
  2024-10-16   3     COIN   BEARISH    0.23   209.93  209.97  -$0.04  -0.02%  LOSS    fallback_20pct
                                                              -$0.05  -0.01%  0W/3L  │  cap: -$0.57 (-0.01%)  portfolio: $12564.49
  ────────────────────────────────────────────────────────────────────────────────────────────────
  2024-10-17   1     APP    BEARISH    0.15   143.58  143.61  -$0.02  -0.01%  LOSS    fallback_20pct
  2024-10-17   2     SHOP   BEARISH    0.11    81.70   81.71  -$0.01  -0.01%  LOSS    fallback_20pct
  2024-10-17   3     META   BEARISH    0.11   577.30  577.44  -$0.14  -0.02%  LOSS    fallback_20pct
                                                              -$0.17  -0.02%  0W/3L  │  cap: -$1.55 (-0.02%)  portfolio: $12562.94
  ────────────────────────────────────────────────────────────────────────────────────────────────
  2024-10-18   1     FN     BEARISH    0.58   238.26  238.44  -$0.18  -0.08%  LOSS    fallback_20pct
  2024-10-18   2     ANAB   BEARISH    0.35    35.13   34.95  +$0.18  +0.51%  WIN     end_of_day
  2024-10-18   3     RH     BEARISH    0.27   356.25  354.32  +$1.93  +0.54%  WIN     end_of_day
                                                              +$1.93  +0.33%  2W/1L  │  cap: +$22.43 (+0.22%)  portfolio: $12585.37
  ────────────────────────────────────────────────────────────────────────────────────────────────
  2024-10-21   1     COIN   BULLISH    0.32   214.79  214.77  -$0.02  -0.01%  LOSS    hard_stop
  2024-10-21   2     RH     BEARISH    0.23   347.76  347.77  -$0.01  -0.00%  LOSS    hard_stop
  2024-10-21   3     APP    BULLISH    0.18   158.34  158.85  +$0.51  +0.32%  WIN     end_of_day
                                                              +$0.48  +0.10%  1W/2L  │  cap: +$5.89 (+0.06%)  portfolio: $12591.26
  ────────────────────────────────────────────────────────────────────────────────────────────────
  2024-10-22   1     APP    BEARISH    0.14   159.63  159.64  -$0.01  -0.01%  LOSS    hard_stop
  2024-10-22   2     CVNA   BULLISH    0.12   196.48  197.36  +$0.88  +0.45%  WIN     end_of_day
  2024-10-22   3     EXPE   BEARISH    0.08   161.21  161.23  -$0.02  -0.01%  LOSS    hard_stop
                                                              +$0.85  +0.14%  1W/2L  │  cap: +$12.88 (+0.13%)  portfolio: $12604.14
  ────────────────────────────────────────────────────────────────────────────────────────────────
  2024-10-23   1     RH     BEARISH    0.25   325.34  325.40  -$0.06  -0.02%  LOSS    fallback_20pct
  2024-10-23   2     FANG   BEARISH    0.10   180.35  180.36  -$0.01  -0.01%  LOSS    hard_stop
                                                              -$0.07  -0.01%  0W/2L  │  cap: -$1.09 (-0.01%)  portfolio: $12603.05
  ────────────────────────────────────────────────────────────────────────────────────────────────
  2024-10-24   1     META   BEARISH    0.11   566.30  566.41  -$0.11  -0.02%  LOSS    fallback_20pct
  2024-10-24   2     EXPE   BEARISH    0.08   159.71  159.73  -$0.02  -0.01%  LOSS    fallback_20pct
                                                              -$0.13  -0.02%  0W/2L  │  cap: -$1.35 (-0.01%)  portfolio: $12601.70
  ────────────────────────────────────────────────────────────────────────────────────────────────
  2024-10-25   1     ANAB   BEARISH    0.29    32.12   32.12  +$0.00  +0.00%  LOSS    hard_stop
  2024-10-25   2     FN     BEARISH    0.27   246.62  246.42  +$0.19  +0.08%  WIN     trailing_stop_ma20
  2024-10-25   3     TSLA   BULLISH    0.16   266.78  266.49  -$0.29  -0.11%  LOSS    fallback_20pct
                                                              -$0.10  -0.01%  1W/2L  │  cap: +$0.14 (+0.00%)  portfolio: $12601.84
  ────────────────────────────────────────────────────────────────────────────────────────────────
  2024-10-28   1     ANAB   BEARISH    0.28    30.47   30.47  +$0.00  +0.00%  LOSS    hard_stop
  2024-10-28   2     COIN   BULLISH    0.18   214.92  214.94  +$0.02  +0.01%  WIN     fallback_20pct
  2024-10-28   3     APP    BULLISH    0.15   166.29  166.23  -$0.06  -0.04%  LOSS    fallback_20pct
                                                              -$0.04  -0.01%  1W/2L  │  cap: -$0.44 (-0.00%)  portfolio: $12601.40
  ────────────────────────────────────────────────────────────────────────────────────────────────
  2024-10-29   1     ANAB   BEARISH    0.27    30.33   30.33  +$0.00  +0.00%  LOSS    hard_stop
  2024-10-29   2     RH     BEARISH    0.17   314.60  311.97  +$2.63  +0.84%  WIN     end_of_day
  2024-10-29   3     APP    BEARISH    0.12   171.20  171.24  -$0.04  -0.02%  LOSS    fallback_20pct
                                                              +$2.59  +0.27%  1W/2L  │  cap: +$24.61 (+0.25%)  portfolio: $12626.01
  ────────────────────────────────────────────────────────────────────────────────────────────────
  2024-10-30   1     META   BEARISH    0.29   590.41  590.90  -$0.49  -0.08%  LOSS    fallback_20pct
  2024-10-30   2     CVNA   BEARISH    0.24   211.15  211.25  -$0.10  -0.05%  LOSS    hard_stop
  2024-10-30   3     COIN   BEARISH    0.24   214.57  214.69  -$0.12  -0.06%  LOSS    fallback_20pct
                                                              -$0.71  -0.06%  0W/3L  │  cap: -$6.69 (-0.07%)  portfolio: $12619.32
  ────────────────────────────────────────────────────────────────────────────────────────────────
  2024-10-31   1     ANAB   BEARISH    0.30    22.08   22.09  -$0.01  -0.05%  LOSS    fallback_20pct
                                                              -$0.01  -0.05%  0W/1L  │  cap: -$2.26 (-0.02%)  portfolio: $12617.05
  ────────────────────────────────────────────────────────────────────────────────────────────────
  2024-11-01   1     APP    BEARISH    0.08   164.36  164.37  +$0.00  +0.00%  LOSS    fallback_20pct
                                                              +$0.00  +0.00%  0W/1L  │  cap: +$0.00 (+0.00%)  portfolio: $12617.05
  ────────────────────────────────────────────────────────────────────────────────────────────────
  2024-11-04   1     TSLA   BEARISH    0.30   244.15  242.91  +$1.24  +0.51%  WIN     end_of_day
  2024-11-04   2     FN     BEARISH    0.27   242.00  239.59  +$2.41  +1.00%  WIN     end_of_day
  2024-11-04   3     COIN   BEARISH    0.25   184.53  184.63  -$0.10  -0.05%  LOSS    hard_stop
                                                              +$3.55  +0.48%  2W/1L  │  cap: +$54.19 (+0.54%)  portfolio: $12671.24
  ────────────────────────────────────────────────────────────────────────────────────────────────
  2024-11-05   1     RH     BULLISH    0.26   330.14  331.98  +$1.84  +0.56%  WIN     end_of_day
  2024-11-05   2     CVNA   BULLISH    0.14   235.35  235.33  -$0.02  -0.01%  LOSS    hard_stop
  2024-11-05   3     FANG   BEARISH    0.13   173.80  173.82  -$0.02  -0.01%  LOSS    fallback_20pct
                                                              +$1.80  +0.18%  1W/2L  │  cap: +$27.38 (+0.27%)  portfolio: $12698.62
  ────────────────────────────────────────────────────────────────────────────────────────────────
  2024-11-06   1     COIN   BEARISH    0.50   251.43  251.78  -$0.35  -0.14%  LOSS    fallback_20pct
  2024-11-06   2     ANAB   BULLISH    0.21    22.28   22.23  -$0.05  -0.22%  LOSS    fallback_20pct
  2024-11-06   3     MU     BEARISH    0.17   111.20  111.23  -$0.03  -0.03%  LOSS    fallback_20pct
                                                              -$0.43  -0.13%  0W/3L  │  cap: -$14.23 (-0.14%)  portfolio: $12684.39
  ────────────────────────────────────────────────────────────────────────────────────────────────
  2024-11-07   1     RH     BEARISH    0.30   332.07  332.23  -$0.16  -0.05%  LOSS    fallback_20pct
  2024-11-07   2     CVNA   BEARISH    0.27   241.98  241.35  +$0.63  +0.26%  WIN     end_of_day
  2024-11-07   3     APP    BEARISH    0.26   238.87  239.03  -$0.16  -0.07%  LOSS    hard_stop
                                                              +$0.31  +0.05%  1W/2L  │  cap: +$4.06 (+0.04%)  portfolio: $12688.45
  ────────────────────────────────────────────────────────────────────────────────────────────────
  2024-11-08   1     TSLA   BEARISH    0.39   321.80  321.71  +$0.09  +0.03%  WIN     hard_stop
  2024-11-08   2     RH     BULLISH    0.35   331.76  331.60  -$0.17  -0.05%  LOSS    hard_stop
  2024-11-08   3     FN     BULLISH    0.22   269.83  269.80  -$0.03  -0.01%  LOSS    hard_stop
                                                              -$0.11  -0.01%  1W/2L  │  cap: -$0.36 (-0.00%)  portfolio: $12688.09
  ────────────────────────────────────────────────────────────────────────────────────────────────
  2024-11-11   1     APP    BEARISH    0.33   284.12  284.49  -$0.37  -0.13%  LOSS    fallback_20pct
  2024-11-11   2     TSLA   BEARISH    0.27   343.16  343.20  -$0.05  -0.01%  LOSS    fallback_20pct
  2024-11-11   3     SHOP   BEARISH    0.26    89.89   89.91  -$0.02  -0.02%  LOSS    hard_stop
                                                              -$0.44  -0.06%  0W/3L  │  cap: -$7.39 (-0.07%)  portfolio: $12680.70
  ────────────────────────────────────────────────────────────────────────────────────────────────
  2024-11-12   1     ANAB   BEARISH    0.21    21.37   21.37  +$0.00  +0.00%  LOSS    fallback_20pct
  2024-11-12   2     FN     BEARISH    0.20   263.12  258.86  +$4.25  +1.62%  WIN     end_of_day
  2024-11-12   3     META   BEARISH    0.13   585.22  585.22  +$0.00  +0.00%  LOSS    fallback_20pct
                                                              +$4.25  +0.54%  1W/2L  │  cap: +$48.46 (+0.48%)  portfolio: $12729.15
  ────────────────────────────────────────────────────────────────────────────────────────────────
  2024-11-13   1     FN     BEARISH    0.26   254.43  251.98  +$2.45  +0.96%  WIN     end_of_day
  2024-11-13   2     RH     BEARISH    0.22   324.09  324.17  -$0.08  -0.02%  LOSS    fallback_20pct
  2024-11-13   3     SHOP   BEARISH    0.21   112.49  112.53  -$0.04  -0.04%  LOSS    fallback_20pct
                                                              +$2.33  +0.30%  1W/2L  │  cap: +$46.70 (+0.47%)  portfolio: $12775.85
  ────────────────────────────────────────────────────────────────────────────────────────────────
  2024-11-14   1     COIN   BEARISH    0.40   283.08  283.22  -$0.14  -0.05%  LOSS    hard_stop
  2024-11-14   2     MU     BEARISH    0.35    98.74   98.82  -$0.08  -0.08%  LOSS    hard_stop
  2024-11-14   3     CVNA   BEARISH    0.29   241.00  240.49  +$0.50  +0.21%  WIN     end_of_day
                                                              +$0.28  +0.03%  1W/2L  │  cap: -$0.75 (-0.01%)  portfolio: $12775.10
  ────────────────────────────────────────────────────────────────────────────────────────────────
  2024-11-15   1     APP    BEARISH    0.44   282.68  283.06  -$0.37  -0.13%  LOSS    hard_stop
  2024-11-15   2     ANAB   BEARISH    0.25    19.24   19.25  -$0.01  -0.05%  LOSS    hard_stop
  2024-11-15   3     FANG   BEARISH    0.10   177.12  177.16  -$0.04  -0.02%  LOSS    fallback_20pct
                                                              -$0.42  -0.07%  0W/3L  │  cap: -$8.56 (-0.09%)  portfolio: $12766.54
  ────────────────────────────────────────────────────────────────────────────────────────────────
  2024-11-18   1     APP    BEARISH    0.10   295.98  296.05  -$0.07  -0.02%  LOSS    fallback_20pct
                                                              -$0.07  -0.02%  0W/1L  │  cap: -$1.18 (-0.01%)  portfolio: $12765.36
  ────────────────────────────────────────────────────────────────────────────────────────────────
  2024-11-19   1     CVNA   BEARISH    0.15   249.40  249.48  -$0.08  -0.03%  LOSS    fallback_20pct
  2024-11-19   2     META   BEARISH    0.11   556.84  556.85  -$0.01  -0.00%  LOSS    fallback_20pct
                                                              -$0.09  -0.02%  0W/2L  │  cap: -$1.66 (-0.02%)  portfolio: $12763.70
  ────────────────────────────────────────────────────────────────────────────────────────────────
  2024-11-20   1     ANAB   BEARISH    0.51    19.90   19.93  -$0.03  -0.15%  LOSS    fallback_20pct
  2024-11-20   2     RH     BEARISH    0.19   333.83  333.86  -$0.03  -0.01%  LOSS    fallback_20pct
  2024-11-20   3     CVNA   BEARISH    0.09   244.82  244.87  -$0.05  -0.02%  LOSS    fallback_20pct
                                                              -$0.11  -0.06%  0W/3L  │  cap: -$8.22 (-0.08%)  portfolio: $12755.48
  ────────────────────────────────────────────────────────────────────────────────────────────────
  2024-11-21   1     TSLA   BEARISH    0.18   340.58  340.61  -$0.03  -0.01%  LOSS    fallback_20pct
                                                              -$0.03  -0.01%  0W/1L  │  cap: -$0.44 (-0.00%)  portfolio: $12755.04
  ────────────────────────────────────────────────────────────────────────────────────────────────
  2024-11-22   1     ANAB   BULLISH    0.39    22.09   22.28  +$0.19  +0.86%  WIN     end_of_day
  2024-11-22   2     TSLA   BEARISH    0.32   352.09  352.13  -$0.04  -0.01%  LOSS    fallback_20pct
  2024-11-22   3     MU     BEARISH    0.28   102.70  102.63  +$0.07  +0.07%  WIN     end_of_day
                                                              +$0.22  +0.31%  2W/1L  │  cap: +$44.03 (+0.44%)  portfolio: $12799.07
  ────────────────────────────────────────────────────────────────────────────────────────────────
  2024-11-25   1     ANAB   BULLISH    0.34    24.64   24.66  +$0.02  +0.08%  WIN     hard_stop
  2024-11-25   2     APP    BEARISH    0.27   322.06  319.64  +$2.42  +0.75%  WIN     end_of_day
  2024-11-25   3     TSLA   BEARISH    0.25   346.47  346.50  -$0.03  -0.01%  LOSS    hard_stop
                                                              +$2.41  +0.27%  2W/1L  │  cap: +$26.43 (+0.26%)  portfolio: $12825.50
  ────────────────────────────────────────────────────────────────────────────────────────────────
  2024-11-26   1     RH     BEARISH    0.20   385.17  385.19  -$0.02  -0.01%  LOSS    fallback_20pct
  2024-11-26   2     FANG   BEARISH    0.11   175.59  175.60  -$0.01  -0.01%  LOSS    fallback_20pct
  2024-11-26   3     CVNA   BEARISH    0.11   255.41  255.49  -$0.08  -0.03%  LOSS    fallback_20pct
                                                              -$0.11  -0.01%  0W/3L  │  cap: -$1.06 (-0.01%)  portfolio: $12824.44
  ────────────────────────────────────────────────────────────────────────────────────────────────
  2024-11-27   1     ANAB   BEARISH    0.17    25.26   25.26  +$0.00  +0.00%  LOSS    hard_stop
  2024-11-27   2     FANG   BEARISH    0.17   177.04  177.08  -$0.05  -0.03%  LOSS    fallback_20pct
  2024-11-27   3     APP    BULLISH    0.14   325.95  326.16  +$0.21  +0.06%  WIN     hard_stop
                                                              +$0.16  +0.01%  1W/2L  │  cap: +$0.44 (+0.00%)  portfolio: $12824.88
  ────────────────────────────────────────────────────────────────────────────────────────────────
  2024-12-02   1     SHOP   BULLISH    0.28   113.06  113.10  +$0.04  +0.04%  WIN     hard_stop
  2024-12-02   2     FN     BEARISH    0.26   233.90  233.91  +$0.00  +0.00%  LOSS    hard_stop
  2024-12-02   3     MU     BEARISH    0.21    98.77   98.81  -$0.04  -0.04%  LOSS    fallback_20pct
                                                              +$0.00  -0.00%  1W/2L  │  cap: +$0.96 (+0.01%)  portfolio: $12825.84
  ────────────────────────────────────────────────────────────────────────────────────────────────
  2024-12-03   1     FANG   BULLISH    0.17   176.30  176.26  -$0.04  -0.02%  LOSS    hard_stop
  2024-12-03   2     TSLA   BULLISH    0.17   349.98  349.49  -$0.49  -0.14%  LOSS    fallback_20pct
  2024-12-03   3     MU     BEARISH    0.17   100.09  100.11  -$0.02  -0.02%  LOSS    fallback_20pct
                                                              -$0.55  -0.06%  0W/3L  │  cap: -$5.73 (-0.06%)  portfolio: $12820.11
  ────────────────────────────────────────────────────────────────────────────────────────────────
  2024-12-04   1     FN     BEARISH    0.28   241.10  241.14  -$0.04  -0.02%  LOSS    hard_stop
  2024-12-04   2     META   BULLISH    0.17   612.85  613.57  +$0.72  +0.12%  WIN     end_of_day
  2024-12-04   3     CVNA   BULLISH    0.15   259.32  259.10  -$0.22  -0.08%  LOSS    fallback_20pct
                                                              +$0.46  +0.01%  1W/2L  │  cap: +$1.00 (+0.01%)  portfolio: $12821.11
  ────────────────────────────────────────────────────────────────────────────────────────────────
  2024-12-05   1     ANAB   BEARISH    0.27    24.18   23.68  +$0.50  +2.07%  WIN     end_of_day
  2024-12-05   2     FN     BEARISH    0.27   235.40  234.87  +$0.53  +0.23%  WIN     end_of_day
                                                              +$1.03  +1.15%  2W/0L  │  cap: +$110.15 (+1.10%)  portfolio: $12931.25
  ────────────────────────────────────────────────────────────────────────────────────────────────
  2024-12-06   1     ANAB   BULLISH    0.55    24.88   24.79  -$0.09  -0.36%  LOSS    fallback_20pct
  2024-12-06   2     TSLA   BULLISH    0.31   379.78  389.27  +$9.50  +2.50%  WIN     end_of_day
  2024-12-06   3     MU     BEARISH    0.17   100.92  100.93  -$0.01  -0.01%  LOSS    fallback_20pct
                                                              +$9.40  +0.71%  1W/2L  │  cap: +$56.76 (+0.57%)  portfolio: $12988.01
  ────────────────────────────────────────────────────────────────────────────────────────────────
  2024-12-09   1     ANAB   BEARISH    0.28    23.51   23.51  +$0.00  +0.00%  LOSS    fallback_20pct
  2024-12-09   2     FN     BEARISH    0.26   239.09  238.45  +$0.64  +0.27%  WIN     end_of_day
  2024-12-09   3     MU     BEARISH    0.21   101.94  101.96  -$0.01  -0.01%  LOSS    hard_stop
                                                              +$0.63  +0.09%  1W/2L  │  cap: +$7.83 (+0.08%)  portfolio: $12995.84
  ────────────────────────────────────────────────────────────────────────────────────────────────
  2024-12-10   1     TSLA   BEARISH    0.66   400.49  401.10  -$0.61  -0.15%  LOSS    fallback_20pct
  2024-12-10   2     MU     BEARISH    0.31    97.84   97.90  -$0.06  -0.06%  LOSS    hard_stop
  2024-12-10   3     AMD    BEARISH    0.22   127.88  127.77  +$0.12  +0.09%  WIN     end_of_day
                                                              -$0.55  -0.04%  1W/2L  │  cap: -$7.58 (-0.08%)  portfolio: $12988.27
  ────────────────────────────────────────────────────────────────────────────────────────────────
  2024-12-11   1     TSLA   BULLISH    0.32   420.06  420.22  +$0.15  +0.04%  WIN     hard_stop
  2024-12-11   2     RH     BEARISH    0.24   398.06  398.06  +$0.00  +0.00%  LOSS    hard_stop
  2024-12-11   3     FN     BULLISH    0.24   241.27  240.85  -$0.42  -0.17%  LOSS    fallback_20pct
                                                              -$0.27  -0.05%  1W/2L  │  cap: -$1.70 (-0.02%)  portfolio: $12986.57
  ────────────────────────────────────────────────────────────────────────────────────────────────
  2024-12-12   1     ANAB   BEARISH    0.31    15.07   15.08  -$0.01  -0.07%  LOSS    hard_stop
  2024-12-12   2     RH     BEARISH    0.24   382.42  382.42  +$0.00  +0.00%  LOSS    fallback_20pct
  2024-12-12   3     META   BULLISH    0.20   631.20  631.08  -$0.12  -0.02%  LOSS    fallback_20pct
                                                              -$0.13  -0.03%  0W/3L  │  cap: -$3.70 (-0.04%)  portfolio: $12982.87
  ────────────────────────────────────────────────────────────────────────────────────────────────
  2024-12-13   1     TSLA   BEARISH    0.31   432.01  432.09  -$0.08  -0.02%  LOSS    fallback_20pct
  2024-12-13   2     ANAB   BEARISH    0.28    15.39   15.39  +$0.00  +0.00%  LOSS    fallback_20pct
  2024-12-13   3     MU     BULLISH    0.20   101.94  102.50  +$0.56  +0.55%  WIN     end_of_day
                                                              +$0.48  +0.18%  1W/2L  │  cap: +$10.06 (+0.10%)  portfolio: $12992.93
  ────────────────────────────────────────────────────────────────────────────────────────────────
  2024-12-16   1     ANAB   BEARISH    0.37    16.98   16.63  +$0.35  +2.06%  WIN     end_of_day
  2024-12-16   2     MU     BULLISH    0.21   109.50  109.47  -$0.03  -0.03%  LOSS    hard_stop
  2024-12-16   3     META   BULLISH    0.18   629.37  629.27  -$0.10  -0.02%  LOSS    hard_stop
                                                              +$0.22  +0.67%  1W/2L  │  cap: +$101.92 (+1.02%)  portfolio: $13094.86
  ────────────────────────────────────────────────────────────────────────────────────────────────
  2024-12-17   1     TSLA   BULLISH    0.39   478.68  478.34  -$0.34  -0.07%  LOSS    fallback_20pct
  2024-12-17   2     RH     BEARISH    0.26   410.42  410.49  -$0.06  -0.01%  LOSS    hard_stop
  2024-12-17   3     FN     BEARISH    0.23   230.15  230.17  -$0.02  -0.01%  LOSS    fallback_20pct
                                                              -$0.42  -0.03%  0W/3L  │  cap: -$4.16 (-0.04%)  portfolio: $13090.69
  ────────────────────────────────────────────────────────────────────────────────────────────────
  2024-12-18   1     TSLA   BEARISH    1.68   446.23  449.00  -$2.77  -0.62%  LOSS    fallback_20pct
  2024-12-18   2     PLTR   BEARISH    0.84    74.06   74.28  -$0.22  -0.30%  LOSS    fallback_20pct
  2024-12-18   3     ANAB   BEARISH    0.54    16.02   16.05  -$0.03  -0.19%  LOSS    fallback_20pct
                                                              -$3.02  -0.37%  0W/3L  │  cap: -$43.69 (-0.44%)  portfolio: $13047.00
  ────────────────────────────────────────────────────────────────────────────────────────────────
  2024-12-19   1     RH     BEARISH    0.29   386.24  386.33  -$0.08  -0.02%  LOSS    fallback_20pct
  2024-12-19   2     FN     BEARISH    0.27   224.84  224.88  -$0.05  -0.02%  LOSS    fallback_20pct
  2024-12-19   3     META   BEARISH    0.18   601.22  601.25  -$0.03  -0.00%  LOSS    fallback_20pct
                                                              -$0.16  -0.02%  0W/3L  │  cap: -$1.80 (-0.02%)  portfolio: $13045.19
  ────────────────────────────────────────────────────────────────────────────────────────────────
  2024-12-20   1     PLTR   BEARISH    0.62    79.00   79.16  -$0.16  -0.20%  LOSS    fallback_20pct
  2024-12-20   2     ANAB   BEARISH    0.55    14.37   14.38  -$0.01  -0.07%  LOSS    hard_stop
  2024-12-20   3     TSLA   BEARISH    0.32   439.09  421.13 +$17.96  +4.09%  WIN     end_of_day
                                                             +$17.79  +1.27%  1W/2L  │  cap: +$69.59 (+0.70%)  portfolio: $13114.79
  ────────────────────────────────────────────────────────────────────────────────────────────────
  2024-12-26   1     TSLA   BULLISH    0.48   456.01  455.82  -$0.19  -0.04%  LOSS    hard_stop
  2024-12-26   2     PLTR   BEARISH    0.31    82.03   81.89  +$0.14  +0.17%  WIN     trailing_stop_ma20
  2024-12-26   3     RH     BEARISH    0.27   408.85  407.40  +$1.45  +0.35%  WIN     end_of_day
                                                              +$1.40  +0.16%  2W/1L  │  cap: +$10.13 (+0.10%)  portfolio: $13124.92
  ────────────────────────────────────────────────────────────────────────────────────────────────
  2024-12-27   1     ANAB   BEARISH    0.38    13.08   13.08  +$0.00  +0.00%  LOSS    fallback_20pct
  2024-12-27   2     RH     BEARISH    0.23   397.50  397.50  +$0.00  +0.00%  LOSS    hard_stop
                                                              +$0.00  +0.00%  0W/2L  │  cap: +$0.00 (+0.00%)  portfolio: $13124.92
  ────────────────────────────────────────────────────────────────────────────────────────────────
  2024-12-30   1     FN     BEARISH    0.31   215.91  215.65  +$0.26  +0.12%  WIN     end_of_day
  2024-12-30   2     PLTR   BEARISH    0.24    77.98   77.99  -$0.01  -0.01%  LOSS    hard_stop
  2024-12-30   3     RH     BEARISH    0.23   394.78  394.16  +$0.62  +0.16%  WIN     end_of_day
                                                              +$0.87  +0.09%  2W/1L  │  cap: +$8.78 (+0.09%)  portfolio: $13133.69
  ────────────────────────────────────────────────────────────────────────────────────────────────
━━━━━━━━━━━━━━━━━━━━━━━━━━━━━━━━━━━━━━━━━━━━━━━━━━━━━━━━━━━━━━━━━━━━━━━━━━━━━━━━━━━━━━━━━━━━━━━━━━

━━━━━━━━━━━━━━━━━━━━━━━━━━━━━━━━━━━━━━━━━━━━━━━━━━━━━━━━━━━━━━━━━━━━━━
  SUMMARY — Selector Backtest
  2024-01-01 → 2024-12-31  |  top-3  |  60d rolling  |  stop-pct 0.15
━━━━━━━━━━━━━━━━━━━━━━━━━━━━━━━━━━━━━━━━━━━━━━━━━━━━━━━━━━━━━━━━━━━━━━

  SELECTED  (top-3 per window per day, scoring + EV gate)
  ────────────────────────────────────────────────
  Trades          : 667  (150W / 517L)
  Win rate        : 22%
  Avg win  %      : +0.71%  per trade
  Avg loss %      : -0.04%  per trade
  EV / trade      : +0.127%
  Net P&L (1 sh)  : +$159.12

  BASELINE  (all signals, no selection, first window only)
  ────────────────────────────────────────────────
  Trades          : 1456  (353W / 1103L)
  Win rate        : 24%
  Avg win  %      : +0.55%  per trade
  Avg loss %      : -0.04%  per trade
  EV / trade      : +0.103%
  Net P&L (1 sh)  : +$308.64

  CAPITAL SIMULATION  ($10,000 initial | weighted 50%/30%/20% × 3 slots)
  ────────────────────────────────────────────────
  Total return ($)    : +$3133.69
  Total return (%)    : +31.34%
  Final portfolio     : $13,133.69
  Days with picks     : 242
  Avg daily return    : +$12.95  (+0.13%)

━━━━━━━━━━━━━━━━━━━━━━━━━━━━━━━━━━━━━━━━━━━━━━━━━━━━━━━━━━━━━━━━━━━━━━━━
  WEEKLY BREAKDOWN  ($10,000 initial | weighted 50%/30%/20% × 3 slots)
━━━━━━━━━━━━━━━━━━━━━━━━━━━━━━━━━━━━━━━━━━━━━━━━━━━━━━━━━━━━━━━━━━━━━━━━
  Period        Picks  W/L           Cap P&L$   Return%  Portfolio
  ────────────────────────────────────────────────────────────────────
  2024-W01         11  2W/9L          +$31.86    +0.32%  $10,031.86
  2024-W02         15  6W/9L         +$130.83    +1.31%  $10,162.69
  2024-W03          8  2W/6L          +$40.40    +0.40%  $10,203.09
  2024-W04         14  5W/9L         +$148.73    +1.49%  $10,351.82
  2024-W05         12  5W/7L         +$111.48    +1.11%  $10,463.30
  2024-W06         15  4W/11L        +$163.49    +1.63%  $10,626.80
  2024-W07         15  4W/11L         +$33.21    +0.33%  $10,660.01
  2024-W08         10  1W/9L           -$9.26    -0.09%  $10,650.75
  2024-W09         15  1W/14L          -$9.63    -0.10%  $10,641.12
  2024-W10         14  6W/8L         +$115.71    +1.16%  $10,756.83
  2024-W11         14  3W/11L         +$64.18    +0.64%  $10,821.01
  2024-W12         15  5W/10L        +$271.38    +2.71%  $11,092.39
  2024-W13         12  4W/8L          +$63.93    +0.64%  $11,156.32
  2024-W14         12  2W/10L         +$60.16    +0.60%  $11,216.48
  2024-W15         15  3W/12L         +$15.27    +0.15%  $11,231.75
  2024-W16         14  1W/13L         -$20.54    -0.21%  $11,211.21
  2024-W17         13  1W/12L         -$16.51    -0.17%  $11,194.70
  2024-W18         12  3W/9L          +$56.77    +0.57%  $11,251.47
  2024-W19         15  3W/12L         +$41.96    +0.42%  $11,293.44
  2024-W20         15  5W/10L         +$89.92    +0.90%  $11,383.36
  2024-W21         15  2W/13L        +$143.05    +1.43%  $11,526.41
  2024-W22         11  1W/10L          -$5.02    -0.05%  $11,521.39
  2024-W23         15  1W/14L          +$2.24    +0.02%  $11,523.63
  2024-W24         10  5W/5L          +$30.41    +0.30%  $11,554.04
  2024-W25         12  2W/10L         +$16.44    +0.16%  $11,570.48
  2024-W26         10  1W/9L          +$19.92    +0.20%  $11,590.40
  2024-W27          7  2W/5L          +$60.39    +0.60%  $11,650.78
  2024-W28         14  4W/10L         +$94.92    +0.95%  $11,745.71
  2024-W29         10  0W/10L         -$17.39    -0.17%  $11,728.31
  2024-W30         13  4W/9L          +$85.20    +0.85%  $11,813.52
  2024-W31         11  0W/11L         -$28.25    -0.28%  $11,785.27
  2024-W32         12  2W/10L         +$94.90    +0.95%  $11,880.17
  2024-W33         15  7W/8L         +$127.72    +1.28%  $12,007.89
  2024-W34         15  2W/13L        +$100.59    +1.01%  $12,108.48
  2024-W35         11  3W/8L         +$149.09    +1.49%  $12,257.57
  2024-W36         11  2W/9L         +$113.18    +1.13%  $12,370.75
  2024-W37         13  1W/12L         +$11.54    +0.12%  $12,382.29
  2024-W38         15  1W/14L         +$14.63    +0.15%  $12,396.93
  2024-W39         15  6W/9L         +$105.75    +1.06%  $12,502.67
  2024-W40         12  1W/11L         +$25.62    +0.26%  $12,528.29
  2024-W41         14  0W/14L         -$10.81    -0.11%  $12,517.48
  2024-W42         15  4W/11L         +$67.89    +0.68%  $12,585.37
  2024-W43         13  3W/10L         +$16.47    +0.16%  $12,601.84
  2024-W44         11  2W/9L          +$15.22    +0.15%  $12,617.05
  2024-W45         15  5W/10L         +$71.04    +0.71%  $12,688.09
  2024-W46         15  3W/12L         +$78.45    +0.78%  $12,766.54
  2024-W47         10  2W/8L          +$32.53    +0.33%  $12,799.07
  2024-W48          9  3W/6L          +$25.81    +0.26%  $12,824.88
  2024-W49         14  5W/9L         +$163.13    +1.63%  $12,988.01
  2024-W50         15  4W/11L          +$4.92    +0.05%  $12,992.93
  2024-W51         15  2W/13L        +$121.85    +1.22%  $13,114.79
  2024-W52          5  2W/3L          +$10.13    +0.10%  $13,124.92
  2025-W01          3  2W/1L           +$8.78    +0.09%  $13,133.69
  ────────────────────────────────────────────────────────────────────
  TOTAL           667  150W/517L         +$3133.69   +31.34%  $13,133.69
━━━━━━━━━━━━━━━━━━━━━━━━━━━━━━━━━━━━━━━━━━━━━━━━━━━━━━━━━━━━━━━━━━━━━━━━

━━━━━━━━━━━━━━━━━━━━━━━━━━━━━━━━━━━━━━━━━━━━━━━━━━━━━━━━━━━━
  WEEKLY BREAKDOWN  QQQ buy-and-hold ($10,000 initial)
━━━━━━━━━━━━━━━━━━━━━━━━━━━━━━━━━━━━━━━━━━━━━━━━━━━━━━━━━━━━
  Period             P&L$   Return%  Portfolio
  ──────────────────────────────────────────────────────
  2024-W01       -$146.30    -1.46%  $9,853.70
  2024-W02       +$317.19    +3.17%  $10,170.89
  2024-W03       +$292.10    +2.92%  $10,462.99
  2024-W04        +$61.60    +0.62%  $10,524.59
  2024-W05       +$134.75    +1.35%  $10,659.34
  2024-W06       +$195.85    +1.96%  $10,855.19
  2024-W07       -$160.21    -1.60%  $10,694.98
  2024-W08       +$153.75    +1.54%  $10,848.73
  2024-W09       +$220.44    +2.20%  $11,069.18
  2024-W10       -$160.83    -1.61%  $10,908.35
  2024-W11       -$129.66    -1.30%  $10,778.69
  2024-W12       +$303.78    +3.04%  $11,082.46
  2024-W13        -$51.91    -0.52%  $11,030.55
  2024-W14        -$88.67    -0.89%  $10,941.88
  2024-W15        -$57.87    -0.58%  $10,884.00
  2024-W16       -$583.21    -5.83%  $10,300.79
  2024-W17       +$406.73    +4.07%  $10,707.53
  2024-W18       +$108.05    +1.08%  $10,815.57
  2024-W19       +$165.55    +1.66%  $10,981.12
  2024-W20       +$241.68    +2.42%  $11,222.80
  2024-W21       +$152.76    +1.53%  $11,375.56
  2024-W22       -$158.47    -1.58%  $11,217.09
  2024-W23       +$282.66    +2.83%  $11,499.75
  2024-W24       +$402.63    +4.03%  $11,902.38
  2024-W25        +$24.09    +0.24%  $11,926.48
  2024-W26        -$27.32    -0.27%  $11,899.16
  2024-W27       +$426.48    +4.26%  $12,325.63
  2024-W28        -$34.53    -0.35%  $12,291.11
  2024-W29       -$485.10    -4.85%  $11,806.01
  2024-W30       -$304.02    -3.04%  $11,501.99
  2024-W31       -$357.92    -3.58%  $11,144.06
  2024-W32        +$45.70    +0.46%  $11,189.77
  2024-W33       +$610.03    +6.10%  $11,799.80
  2024-W34       +$126.68    +1.27%  $11,926.48
  2024-W35        -$92.65    -0.93%  $11,833.83
  2024-W36       -$684.80    -6.85%  $11,149.03
  2024-W37       +$655.49    +6.55%  $11,804.52
  2024-W38       +$175.36    +1.75%  $11,979.88
  2024-W39       +$110.03    +1.10%  $12,089.92
  2024-W40        +$15.65    +0.16%  $12,105.56
  2024-W41       +$147.54    +1.48%  $12,253.10
  2024-W42        +$29.81    +0.30%  $12,282.91
  2024-W43        +$18.38    +0.18%  $12,301.29
  2024-W44       -$194.73    -1.95%  $12,106.56
  2024-W45       +$664.68    +6.65%  $12,771.24
  2024-W46       -$440.14    -4.40%  $12,331.10
  2024-W47       +$231.99    +2.32%  $12,563.09
  2024-W48        +$98.11    +0.98%  $12,661.20
  2024-W49       +$416.54    +4.17%  $13,077.74
  2024-W50        +$97.62    +0.98%  $13,175.36
  2024-W51       -$293.59    -2.94%  $12,881.77
  2024-W52        +$97.62    +0.98%  $12,979.38
  2025-W01       -$281.17    -2.81%  $12,698.21
  ──────────────────────────────────────────────────────
  TOTAL         +$2698.21   +26.98%  $12,698.21
━━━━━━━━━━━━━━━━━━━━━━━━━━━━━━━━━━━━━━━━━━━━━━━━━━━━━━━━━━━━

━━━━━━━━━━━━━━━━━━━━━━━━━━━━━━━━━━━━━━━━━━━━━━━━━━━━━━━━━━━━━━━━━━━━━━━━
  MONTHLY BREAKDOWN  ($10,000 initial | weighted 50%/30%/20% × 3 slots)
━━━━━━━━━━━━━━━━━━━━━━━━━━━━━━━━━━━━━━━━━━━━━━━━━━━━━━━━━━━━━━━━━━━━━━━━
  Period        Picks  W/L           Cap P&L$   Return%  Portfolio
  ────────────────────────────────────────────────────────────────────
  2024-01          57  19W/38L       +$461.50    +4.62%  $10,461.50
  2024-02          55  11W/44L       +$182.31    +1.82%  $10,643.81
  2024-03          58  18W/40L       +$512.50    +5.13%  $11,156.32
  2024-04          60  8W/52L         +$49.65    +0.50%  $11,205.97
  2024-05          62  13W/49L       +$315.42    +3.15%  $11,521.39
  2024-06          47  9W/38L         +$69.01    +0.69%  $11,590.40
  2024-07          51  10W/41L       +$195.48    +1.95%  $11,785.88
  2024-08          57  14W/43L       +$471.69    +4.72%  $12,257.57
  2024-09          57  10W/47L       +$244.43    +2.44%  $12,502.00
  2024-10          61  10W/51L       +$115.06    +1.15%  $12,617.05
  2024-11          50  13W/37L       +$207.83    +2.08%  $12,824.88
  2024-12          52  15W/37L       +$308.81    +3.09%  $13,133.69
  ────────────────────────────────────────────────────────────────────
  TOTAL           667  150W/517L         +$3133.69   +31.34%  $13,133.69
━━━━━━━━━━━━━━━━━━━━━━━━━━━━━━━━━━━━━━━━━━━━━━━━━━━━━━━━━━━━━━━━━━━━━━━━

━━━━━━━━━━━━━━━━━━━━━━━━━━━━━━━━━━━━━━━━━━━━━━━━━━━━━━━━━━━━
  MONTHLY BREAKDOWN  QQQ buy-and-hold ($10,000 initial)
━━━━━━━━━━━━━━━━━━━━━━━━━━━━━━━━━━━━━━━━━━━━━━━━━━━━━━━━━━━━
  Period             P&L$   Return%  Portfolio
  ──────────────────────────────────────────────────────
  2024-01        +$356.43    +3.56%  $10,356.43
  2024-02        +$550.42    +5.50%  $10,906.86
  2024-03        +$123.70    +1.24%  $11,030.55
  2024-04        -$483.36    -4.83%  $10,547.19
  2024-05        +$669.90    +6.70%  $11,217.09
  2024-06        +$682.07    +6.82%  $11,899.16
  2024-07        -$199.95    -2.00%  $11,699.21
  2024-08        +$134.62    +1.35%  $11,833.83
  2024-09        +$285.89    +2.86%  $12,119.72
  2024-10        -$101.59    -1.02%  $12,018.13
  2024-11        +$643.07    +6.43%  $12,661.20
  2024-12         +$37.01    +0.37%  $12,698.21
  ──────────────────────────────────────────────────────
  TOTAL         +$2698.21   +26.98%  $12,698.21
━━━━━━━━━━━━━━━━━━━━━━━━━━━━━━━━━━━━━━━━━━━━━━━━━━━━━━━━━━━━

━━━━━━━━━━━━━━━━━━━━━━━━━━━━━━━━━━━━━━━━━━━━━━━━━━━━━━━━━━━━━━━━━━━━━━

