
Selector Backtest
  Eval window  : 2022-01-01 → 2022-12-31
  Top-N        : 3
  Weights      : weighted 50%/30%/20% × 3 slots
  Tickers      : SNDK, APP, SHOP, CVNA, AMD, META, EXPE, FANG, RH, FN, MU, ANAB, PLTR, COIN, NVDA, TSLA
  Lookback     : 60d rolling
  Windows      : 3 total
    [M1] 09:30 / 3 bars  (simultaneous, 100% of portfolio)  (~$10,000)
    [A1] 13:15 / 1 bars  (sequential, inherits all returned capital)
    [A2] 15:00 / 1 bars  (sequential, inherits all returned capital)
  Min capital  : $100 per window (skip if below)
  Compounding  : off (reset $10,000 each day)
  Dedup        : off
  Stop pct     : 0.15
  Trailing MA  : ma20
  Max loss pct : disabled
  Armed MA20   : off
  Regime filter: QQQ MA8
  Reversal     : on (max bars_held=3)
  Bearish RE   : on (max bars_held=3)
  Bullish RE   : on (max bars_held=5)
  Min OR range : 0.50% (windows: M1)
  Min score    : disabled
  Min EV       : disabled
  OR bar lookback: last 3 bars
  Source       : alpaca
Fetching bars for 16 tickers (2022-01-01 → 2022-12-31)...
  [cache] loaded 16 tickers from cache
Pre-computing MA columns for 16 tickers...
Pre-computing signals for 3 window(s)...
  [M1] 09:30 / 3 bars — done
  [A1] 13:15 / 1 bars — done
  [A2] 15:00 / 1 bars — done
Fetching QQQ daily bars for comparison...

━━━━━━━━━━━━━━━━━━━━━━━━━━━━━━━━━━━━━━━━━━━━━━━━━━━━━━━━━━━━━━━━━━━━━━━━━━━━━━━━━━━━━━━━━━━━━━━━━━
  Date         Win   Rank  Ticker Signal    Score    Entry    Exit    P&L$    P&L%  Result  Exit Reason
━━━━━━━━━━━━━━━━━━━━━━━━━━━━━━━━━━━━━━━━━━━━━━━━━━━━━━━━━━━━━━━━━━━━━━━━━━━━━━━━━━━━━━━━━━━━━━━━━━
  2022-01-03   M1    1     APP    BEARISH    2.35    92.70   93.38  -$0.68  -0.73%  LOSS    hard_stop
  2022-01-03   M1    2     SHOP   BEARISH    1.97  1350.01 1356.31  -$6.30  -0.47%  LOSS    hard_stop
                                  [BRE]            1342.86 1363.34 -$20.49  -1.53%  LOSS    end_of_day
  2022-01-03   M1    3     TSLA   BULLISH    1.75  1164.94 1161.21  -$3.74  -0.32%  LOSS    fallback_20pct
                                  [BRU]            1168.17 1200.00 +$31.83  +2.72%  WIN     end_of_day
  ································································································
  2022-01-03   A1    1     SHOP   BEARISH    0.82  1350.83 1350.99  -$0.16  -0.01%  LOSS    fallback_20pct
                                  [REV]            1353.01 1354.92  +$1.91  +0.14%  WIN     trailing_stop_ma20
  2022-01-03   A1    2     FANG   BEARISH    0.24   111.35  111.37  -$0.02  -0.02%  LOSS    hard_stop
  2022-01-03   A1    3     FN     BULLISH    0.24   120.54  120.54  -$0.01  -0.01%  LOSS    hard_stop
                                  [BRU]             120.60  120.52  -$0.08  -0.07%  LOSS    hard_stop
  ································································································
  2022-01-03   A2    1     AMD    BULLISH    0.46   150.82  150.78  -$0.04  -0.03%  LOSS    hard_stop
  2022-01-03   A2    2     TSLA   BULLISH    0.46  1198.08 1197.57  -$0.52  -0.04%  LOSS    hard_stop
                                  [BRU]            1200.00 1200.00  +$0.00  +0.00%  LOSS    end_of_day
  2022-01-03   A2    3     NVDA   BULLISH    0.28   301.38  301.31  -$0.07  -0.02%  LOSS    hard_stop
                                                                    +$1.63  -0.03%  2W/12L  │  cap: -$47.04 (-0.47%)  portfolio: $9952.96
  ────────────────────────────────────────────────────────────────────────────────────────────────
  2022-01-04   M1    1     ANAB   BEARISH    1.65    34.76   34.83  -$0.07  -0.20%  LOSS    hard_stop
  2022-01-04   M1    2     SHOP   BEARISH    1.40  1340.25 1226.77 +$113.48  +8.47%  WIN     trailing_stop_ma20
  2022-01-04   M1    3     RH     BEARISH    1.29   536.32  534.68  +$1.64  +0.31%  WIN     trailing_stop_ma20
  ································································································
  2022-01-04   A1    1     SHOP   BEARISH    0.89  1225.00 1225.40  -$0.40  -0.03%  LOSS    hard_stop
                                  [REV]            1230.41 1226.32  -$4.09  -0.33%  LOSS    hard_stop
  2022-01-04   A1    2     FANG   BEARISH    0.38   118.43  118.49  -$0.06  -0.05%  LOSS    hard_stop
  2022-01-04   A1    3     APP    BEARISH    0.21    89.87   89.88  -$0.01  -0.01%  LOSS    hard_stop
                                  [REV]              89.99   89.91  -$0.08  -0.09%  LOSS    hard_stop
                                                                   +$110.41  +1.01%  2W/6L  │  cap: +$227.74 (+2.28%)  portfolio: $10180.70
  ────────────────────────────────────────────────────────────────────────────────────────────────
  2022-01-05   M1    1     ANAB   BEARISH    1.47    34.89   34.89  +$0.00  +0.00%  LOSS    fallback_20pct
                                  [BRE]              34.79   32.76  +$2.03  +5.84%  WIN     end_of_day
  2022-01-05   M1    2     EXPE   BEARISH    0.76   184.61  183.27  +$1.34  +0.73%  WIN     trailing_stop_ma20
  2022-01-05   M1    3     APP    BEARISH    0.65    86.43   84.38  +$2.05  +2.37%  WIN     trailing_stop_ma20
  ································································································
  2022-01-05   A1    1     ANAB   BEARISH    0.95    34.46   34.46  +$0.00  +0.00%  LOSS    fallback_20pct
                                  [BRE]              33.72   32.76  +$0.96  +2.85%  WIN     end_of_day
  2022-01-05   A1    2     TSLA   BEARISH    0.24  1135.30 1135.59  -$0.29  -0.03%  LOSS    fallback_20pct
                                  [REV]            1138.61 1138.98  +$0.37  +0.03%  WIN     trailing_stop_ma20
  2022-01-05   A1    3     FN     BEARISH    0.22   121.81  121.81  +$0.00  +0.00%  LOSS    fallback_20pct
                                  [BRE]             121.54  119.50  +$2.04  +1.68%  WIN     end_of_day
  ································································································
  2022-01-05   A2    1     COIN   BEARISH    0.70   234.76  234.91  -$0.16  -0.07%  LOSS    hard_stop
                                  [REV]             235.95  235.33  -$0.62  -0.26%  LOSS    hard_stop
  2022-01-05   A2    2     AMD    BEARISH    0.67   136.07  136.19  -$0.12  -0.09%  LOSS    hard_stop
                                  [REV]             137.05  136.50  -$0.55  -0.40%  LOSS    hard_stop
  2022-01-05   A2    3     PLTR   BEARISH    0.61    16.90   16.91  -$0.01  -0.06%  LOSS    fallback_20pct
                                                                    +$7.04  +0.84%  6W/9L  │  cap: +$509.27 (+5.09%)  portfolio: $10689.97
  ────────────────────────────────────────────────────────────────────────────────────────────────
  2022-01-06   M1    1     SHOP   BEARISH    1.94  1170.84 1172.14  -$1.30  -0.11%  LOSS    hard_stop
                                  [REV]            1196.59 1182.14 -$14.45  -1.21%  LOSS    hard_stop
  2022-01-06   M1    2     RH     BEARISH    1.02   501.07  502.15  -$1.08  -0.22%  LOSS    hard_stop
  ································································································
  2022-01-06   A1    1     ANAB   BEARISH    1.06    33.58   33.60  -$0.02  -0.06%  LOSS    fallback_20pct
                                  [REV]              33.94   33.68  -$0.26  -0.77%  LOSS    end_of_day
  2022-01-06   A1    2     SHOP   BEARISH    0.85  1181.06 1181.04  +$0.02  +0.00%  WIN     hard_stop
  2022-01-06   A1    3     FANG   BEARISH    0.31   122.54  122.55  -$0.01  -0.01%  LOSS    fallback_20pct
                                  [REV]             122.78  122.64  -$0.15  -0.12%  LOSS    hard_stop
  ································································································
  2022-01-06   A2    1     APP    BEARISH    0.13    82.84   82.86  -$0.02  -0.02%  LOSS    fallback_20pct
                                  [BRE]              82.48   82.31  +$0.17  +0.21%  WIN     end_of_day
                                                                   -$17.10  -0.23%  2W/8L  │  cap: -$106.92 (-1.07%)  portfolio: $10583.04
  ────────────────────────────────────────────────────────────────────────────────────────────────
  2022-01-07   M1    1     ANAB   BEARISH    1.77    33.74   32.90  +$0.84  +2.49%  WIN     trailing_stop_ma20
  2022-01-07   M1    2     FANG   BEARISH    1.40   121.70  122.24  -$0.54  -0.44%  LOSS    fallback_20pct
                                  [BRE]             121.43  121.55  -$0.12  -0.10%  LOSS    end_of_day
  2022-01-07   M1    3     FN     BEARISH    0.77   119.76  119.80  -$0.04  -0.03%  LOSS    trailing_stop_ma20
  ································································································
  2022-01-07   A1    1     ANAB   BEARISH    0.98    32.87   32.88  -$0.01  -0.03%  LOSS    hard_stop
  2022-01-07   A1    2     TSLA   BEARISH    0.33  1032.83 1029.00  +$3.83  +0.37%  WIN     trailing_stop_ma20
  2022-01-07   A1    3     FANG   BEARISH    0.29   122.43  122.46  -$0.03  -0.02%  LOSS    fallback_20pct
                                  [REV]             122.61  122.52  -$0.09  -0.07%  LOSS    hard_stop
  ································································································
  2022-01-07   A2    1     COIN   BEARISH    0.54   230.81  230.91  -$0.10  -0.04%  LOSS    hard_stop
                                  [REV]             231.88  232.22  +$0.34  +0.15%  WIN     end_of_day
  2022-01-07   A2    2     APP    BEARISH    0.19    81.15   81.18  -$0.03  -0.04%  LOSS    fallback_20pct
                                  [REV]              81.38   81.23  -$0.15  -0.18%  LOSS    hard_stop
  2022-01-07   A2    3     FANG   BEARISH    0.17   121.27  121.29  -$0.02  -0.02%  LOSS    fallback_20pct
                                  [REV]             121.48  121.55  +$0.08  +0.07%  WIN     end_of_day
                                                                    +$3.96  +0.15%  4W/10L  │  cap: +$114.77 (+1.15%)  portfolio: $10697.82
  ────────────────────────────────────────────────────────────────────────────────────────────────
  2022-01-10   M1    1     ANAB   BEARISH    2.21    31.47   31.62  -$0.15  -0.48%  LOSS    fallback_20pct
                                  [REV]              32.25   32.37  +$0.12  +0.37%  WIN     trailing_stop_ma20
  2022-01-10   M1    2     PLTR   BEARISH    1.95    15.68   15.63  +$0.05  +0.32%  WIN     trailing_stop_ma20
  2022-01-10   M1    3     TSLA   BEARISH    1.47   985.53  986.21  -$0.68  -0.07%  LOSS    fallback_20pct
                                  [REV]            1009.01 1058.47 +$49.46  +4.90%  WIN     end_of_day
  ································································································
  2022-01-10   A1    1     EXPE   BEARISH    0.08   177.21  177.24  -$0.03  -0.02%  LOSS    fallback_20pct
                                  [REV]             177.22  177.21  -$0.01  -0.01%  LOSS    hard_stop
                                                                   +$48.76  +0.72%  3W/4L  │  cap: +$99.86 (+1.00%)  portfolio: $10797.67
  ────────────────────────────────────────────────────────────────────────────────────────────────
  2022-01-11   M1    1     TSLA   BEARISH    1.34  1042.40 1045.47  -$3.07  -0.29%  LOSS    fallback_20pct
                                  [REV]            1069.23 1051.59 -$17.64  -1.65%  LOSS    hard_stop
  2022-01-11   M1    2     NVDA   BEARISH    0.99   269.10  269.54  -$0.44  -0.16%  LOSS    fallback_20pct
                                  [REV]             274.24  271.15  -$3.09  -1.13%  LOSS    hard_stop
  2022-01-11   M1    3     RH     BEARISH    0.91   473.45  473.65  -$0.20  -0.04%  LOSS    hard_stop
                                  [REV]             481.28  475.19  -$6.09  -1.27%  LOSS    hard_stop
  ································································································
  2022-01-11   A1    1     TSLA   BEARISH    0.23  1062.22 1062.80  -$0.58  -0.05%  LOSS    fallback_20pct
                                  [REV]            1064.22 1062.28  -$1.94  -0.18%  LOSS    trailing_stop_ma20
  2022-01-11   A1    2     RH     BEARISH    0.09   480.43  480.48  -$0.05  -0.01%  LOSS    fallback_20pct
                                  [REV]             481.10  480.43  -$0.67  -0.14%  LOSS    hard_stop
  ································································································
  2022-01-11   A2    1     COIN   BEARISH    0.59   235.30  235.42  -$0.12  -0.05%  LOSS    fallback_20pct
                                  [REV]             235.92  237.38  +$1.46  +0.62%  WIN     end_of_day
  2022-01-11   A2    2     MU     BEARISH    0.31    93.99   94.00  -$0.01  -0.01%  LOSS    fallback_20pct
                                  [REV]              94.19   94.03  -$0.16  -0.17%  LOSS    hard_stop
                                                                   -$32.60  -0.32%  1W/13L  │  cap: -$155.58 (-1.56%)  portfolio: $10642.10
  ────────────────────────────────────────────────────────────────────────────────────────────────
  2022-01-12   M1    1     APP    BEARISH    1.01    84.58   84.77  -$0.19  -0.22%  LOSS    hard_stop
                                  [BRE]              84.50   84.20  +$0.30  +0.36%  WIN     trailing_stop_ma20
  2022-01-12   M1    2     META   BEARISH    0.54   333.07  333.20  -$0.13  -0.04%  LOSS    hard_stop
                                  [BRE]             332.50  333.10  -$0.60  -0.18%  LOSS    end_of_day
  ································································································
  2022-01-12   A1    1     ANAB   BEARISH    1.22    34.69   34.70  -$0.01  -0.03%  LOSS    hard_stop
                                  [REV]              35.02   34.80  -$0.23  -0.66%  LOSS    hard_stop
  2022-01-12   A1    2     SHOP   BEARISH    0.41  1170.34 1170.51  -$0.17  -0.01%  LOSS    fallback_20pct
                                  [BRE]            1170.28 1168.00  +$2.28  +0.19%  WIN     trailing_stop_ma20
  2022-01-12   A1    3     COIN   BEARISH    0.23   238.61  238.62  -$0.01  -0.00%  LOSS    hard_stop
                                  [REV]             239.08  238.61  -$0.47  -0.20%  LOSS    hard_stop
  ································································································
  2022-01-12   A2    1     CVNA   BEARISH    0.91   177.59  177.46  +$0.13  +0.07%  WIN     end_of_day
  2022-01-12   A2    2     COIN   BEARISH    0.58   236.92  234.45  +$2.47  +1.04%  WIN     end_of_day
  2022-01-12   A2    3     SHOP   BEARISH    0.33  1166.78 1167.00  -$0.22  -0.02%  LOSS    hard_stop
                                  [REV]            1168.59 1167.52  -$1.07  -0.09%  LOSS    hard_stop
                                                                    +$2.08  +0.02%  4W/10L  │  cap: -$0.33 (-0.00%)  portfolio: $10641.76
  ────────────────────────────────────────────────────────────────────────────────────────────────
  2022-01-13   M1    1     ANAB   BEARISH    2.41    34.23   34.38  -$0.15  -0.44%  LOSS    hard_stop
  ································································································
  2022-01-13   A1    1     ANAB   BEARISH    0.88    33.44   33.44  +$0.00  +0.00%  LOSS    hard_stop
                                  [REV]              33.69   33.78  +$0.09  +0.27%  WIN     trailing_stop_ma20
  2022-01-13   A1    2     TSLA   BEARISH    0.36  1059.00 1059.75  -$0.75  -0.07%  LOSS    fallback_20pct
                                  [REV]            1065.78 1061.15  -$4.63  -0.43%  LOSS    hard_stop
  2022-01-13   A1    3     APP    BEARISH    0.23    81.00   81.05  -$0.04  -0.05%  LOSS    fallback_20pct
                                  [REV]              81.25   81.11  -$0.14  -0.17%  LOSS    hard_stop
  ································································································
  2022-01-13   A2    1     TSLA   BEARISH    0.66  1052.28 1032.27 +$20.01  +1.90%  WIN     end_of_day
  2022-01-13   A2    2     AMD    BEARISH    0.63   133.92  132.78  +$1.14  +0.85%  WIN     end_of_day
  2022-01-13   A2    3     COIN   BEARISH    0.62   232.39  228.27  +$4.12  +1.77%  WIN     end_of_day
                                                                   +$19.65  +0.36%  4W/6L  │  cap: +$127.50 (+1.28%)  portfolio: $10769.27
  ────────────────────────────────────────────────────────────────────────────────────────────────
  2022-01-14   M1    1     CVNA   BEARISH    1.55   162.06  162.01  +$0.05  +0.03%  WIN     hard_stop
                                  [BRE]             159.24  155.25  +$4.00  +2.51%  WIN     trailing_stop_ma20
  2022-01-14   M1    2     RH     BEARISH    1.28   446.82  448.00  -$1.18  -0.26%  LOSS    fallback_20pct
                                  [BRE]             440.43  447.06  -$6.63  -1.51%  LOSS    end_of_day
  ································································································
  2022-01-14   A1    1     ANAB   BEARISH    0.89    32.17   32.17  +$0.00  +0.00%  LOSS    fallback_20pct
                                  [REV]              32.72   33.70  +$0.98  +3.00%  WIN     end_of_day
  2022-01-14   A1    2     SHOP   BEARISH    0.40  1055.62 1055.65  -$0.03  -0.00%  LOSS    hard_stop
                                  [REV]            1061.42 1102.26 +$40.84  +3.85%  WIN     end_of_day
  2022-01-14   A1    3     TSLA   BEARISH    0.26  1028.28 1028.87  -$0.59  -0.06%  LOSS    hard_stop
  ································································································
  2022-01-14   A2    1     FN     BEARISH    0.12   117.57  117.57  +$0.00  +0.00%  LOSS    fallback_20pct
                                  [REV]             117.78  118.01  +$0.23  +0.20%  WIN     end_of_day
                                                                   +$37.67  +0.70%  5W/6L  │  cap: +$350.06 (+3.50%)  portfolio: $11119.33
  ────────────────────────────────────────────────────────────────────────────────────────────────
  2022-01-18   M1    1     SHOP   BEARISH    1.52  1069.07 1042.00 +$27.07  +2.53%  WIN     trailing_stop_ma20
  2022-01-18   M1    2     RH     BEARISH    1.18   434.28  434.77  -$0.49  -0.11%  LOSS    fallback_20pct
                                  [BRE]             431.70  426.30  +$5.40  +1.25%  WIN     trailing_stop_ma20
  ································································································
  2022-01-18   A1    1     SHOP   BEARISH    0.41  1037.06 1034.65  +$2.41  +0.23%  WIN     trailing_stop_ma20
  2022-01-18   A1    2     COIN   BEARISH    0.36   220.83  220.86  -$0.03  -0.01%  LOSS    hard_stop
                                  [REV]             221.29  220.92  -$0.37  -0.17%  LOSS    hard_stop
  2022-01-18   A1    3     TSLA   BEARISH    0.32  1036.76 1036.85  -$0.10  -0.01%  LOSS    hard_stop
                                  [REV]            1040.79 1038.14  -$2.64  -0.25%  LOSS    hard_stop
  ································································································
  2022-01-18   A2    1     ANAB   BEARISH    0.65    32.32   32.32  +$0.00  +0.00%  LOSS    fallback_20pct
                                  [REV]              32.34   32.55  +$0.21  +0.65%  WIN     trailing_stop_ma20
  2022-01-18   A2    2     FN     BEARISH    0.15   115.17  114.09  +$1.08  +0.94%  WIN     end_of_day
                                                                   +$32.54  +0.46%  5W/6L  │  cap: +$223.27 (+2.23%)  portfolio: $11342.60
  ────────────────────────────────────────────────────────────────────────────────────────────────
  2022-01-19   M1    1     APP    BEARISH    1.33    71.64   71.82  -$0.18  -0.25%  LOSS    hard_stop
                                  [REV]              73.16   72.36  -$0.80  -1.09%  LOSS    hard_stop
  2022-01-19   M1    2     FANG   BEARISH    1.31   125.29  125.26  +$0.03  +0.02%  WIN     hard_stop
                                  [BRE]             124.79  126.30  -$1.52  -1.22%  LOSS    hard_stop
  2022-01-19   M1    3     TSLA   BEARISH    1.11  1039.94 1039.35  +$0.59  +0.06%  WIN     hard_stop
                                  [BRE]            1034.65 1013.14 +$21.51  +2.08%  WIN     trailing_stop_ma20
  ································································································
  2022-01-19   A1    1     FN     BEARISH    0.24   110.46  110.48  -$0.02  -0.02%  LOSS    fallback_20pct
                                  [REV]             110.46  110.46  -$0.01  -0.01%  LOSS    hard_stop
  ································································································
  2022-01-19   A2    1     TSLA   BEARISH    0.75  1003.36 1004.16  -$0.80  -0.08%  LOSS    fallback_20pct
                                  [REV]            1010.24 1005.70  -$4.55  -0.45%  LOSS    hard_stop
  2022-01-19   A2    2     AMD    BEARISH    0.59   129.60  129.61  -$0.01  -0.01%  LOSS    fallback_20pct
                                  [REV]             130.41  129.76  -$0.66  -0.51%  LOSS    hard_stop
  2022-01-19   A2    3     PLTR   BEARISH    0.40    14.75   14.76  -$0.01  -0.07%  LOSS    fallback_20pct
                                  [REV]              14.85   14.76  -$0.08  -0.54%  LOSS    hard_stop
                                                                   +$13.49  -0.15%  3W/11L  │  cap: -$115.41 (-1.15%)  portfolio: $11227.19
  ────────────────────────────────────────────────────────────────────────────────────────────────
  2022-01-20   A1    1     APP    BEARISH    0.22    72.91   72.93  -$0.02  -0.03%  LOSS    fallback_20pct
                                  [REV]              73.19   72.96  -$0.23  -0.31%  LOSS    hard_stop
  2022-01-20   A1    2     RH     BEARISH    0.13   422.83  404.11 +$18.72  +4.43%  WIN     end_of_day
  2022-01-20   A1    3     CVNA   BEARISH    0.12   165.25  165.26  -$0.01  -0.01%  LOSS    fallback_20pct
                                  [REV]             165.85  165.38  -$0.47  -0.28%  LOSS    hard_stop
  ································································································
  2022-01-20   A2    1     COIN   BEARISH    0.72   225.33  221.44  +$3.89  +1.73%  WIN     end_of_day
  2022-01-20   A2    2     TSLA   BEARISH    0.70  1010.00  996.45 +$13.55  +1.34%  WIN     end_of_day
  2022-01-20   A2    3     ANAB   BEARISH    0.67    31.31   31.18  +$0.13  +0.42%  WIN     end_of_day
                                                                   +$35.56  +0.91%  4W/4L  │  cap: +$246.30 (+2.46%)  portfolio: $11473.49
  ────────────────────────────────────────────────────────────────────────────────────────────────
  2022-01-21   M1    1     COIN   BEARISH    2.88   200.77  197.26  +$3.51  +1.75%  WIN     trailing_stop_ma20
  2022-01-21   M1    2     SHOP   BEARISH    2.33   980.54  985.02  -$4.48  -0.46%  LOSS    fallback_20pct
                                  [BRE]             976.40  893.33 +$83.07  +8.51%  WIN     trailing_stop_ma20
  2022-01-21   M1    3     TSLA   BEARISH    1.77   974.40  977.06  -$2.66  -0.27%  LOSS    hard_stop
  ································································································
  2022-01-21   A1    1     ANAB   BEARISH    1.45    30.75   30.78  -$0.03  -0.10%  LOSS    hard_stop
  2022-01-21   A1    2     RH     BEARISH    0.50   396.42  396.20  +$0.23  +0.06%  WIN     trailing_stop_ma20
  2022-01-21   A1    3     COIN   BEARISH    0.38   195.34  195.41  -$0.07  -0.04%  LOSS    hard_stop
  ································································································
  2022-01-21   A2    1     AMD    BEARISH    0.77   119.54  119.61  -$0.07  -0.06%  LOSS    hard_stop
                                  [REV]             120.40  119.93  -$0.47  -0.39%  LOSS    hard_stop
  2022-01-21   A2    2     PLTR   BEARISH    0.68    13.61   13.63  -$0.02  -0.15%  LOSS    fallback_20pct
                                  [REV]              13.70   13.65  -$0.05  -0.36%  LOSS    hard_stop
  2022-01-21   A2    3     TSLA   BEARISH    0.66   947.25  947.55  -$0.30  -0.03%  LOSS    hard_stop
                                  [REV]             951.26  951.17  -$0.09  -0.01%  LOSS    trailing_stop_ma20
                                                                   +$78.57  +0.65%  3W/10L  │  cap: +$279.64 (+2.80%)  portfolio: $11753.13
  ────────────────────────────────────────────────────────────────────────────────────────────────
  2022-01-24   M1    1     TSLA   BEARISH    2.02   884.41  886.48  -$2.07  -0.23%  LOSS    hard_stop
  2022-01-24   M1    2     APP    BEARISH    1.88    66.02   66.46  -$0.44  -0.67%  LOSS    fallback_20pct
                                  [REV]              68.57   69.54  +$0.97  +1.41%  WIN     end_of_day
  2022-01-24   M1    3     ANAB   BEARISH    1.60    30.74   30.78  -$0.05  -0.16%  LOSS    hard_stop
                                  [REV]              31.39   30.89  -$0.50  -1.59%  LOSS    hard_stop
  ································································································
  2022-01-24   A1    1     ANAB   BEARISH    1.21    30.25   30.26  -$0.01  -0.03%  LOSS    hard_stop
                                  [REV]              30.66   32.53  +$1.87  +6.10%  WIN     end_of_day
  2022-01-24   A1    2     FN     BEARISH    0.33   110.32  110.36  -$0.04  -0.04%  LOSS    fallback_20pct
                                  [REV]             110.90  114.85  +$3.95  +3.56%  WIN     end_of_day
  ································································································
  2022-01-24   A2    1     TSLA   BEARISH    0.80   888.71  889.58  -$0.87  -0.10%  LOSS    hard_stop
                                  [REV]             895.64  929.85 +$34.22  +3.82%  WIN     end_of_day
                                                                   +$37.03  +1.10%  4W/7L  │  cap: +$576.99 (+5.77%)  portfolio: $12330.12
  ────────────────────────────────────────────────────────────────────────────────────────────────
  2022-01-25   M1    1     COIN   BEARISH    1.90   184.43  185.06  -$0.63  -0.34%  LOSS    trailing_stop_ma20
  2022-01-25   M1    2     FANG   BEARISH    0.82   117.47  117.60  -$0.13  -0.11%  LOSS    hard_stop
  ································································································
  2022-01-25   A1    1     FN     BEARISH    0.26   109.29  109.31  -$0.02  -0.02%  LOSS    fallback_20pct
                                  [REV]             109.67  109.96  +$0.30  +0.27%  WIN     trailing_stop_ma20
  2022-01-25   A1    2     CVNA   BEARISH    0.23   140.92  140.90  +$0.02  +0.01%  WIN     hard_stop
                                  [REV]             141.75  141.16  -$0.59  -0.42%  LOSS    hard_stop
  ································································································
  2022-01-25   A2    1     FN     BEARISH    0.20   109.18  107.46  +$1.72  +1.58%  WIN     end_of_day
                                                                    +$0.67  +0.14%  3W/4L  │  cap: +$58.91 (+0.59%)  portfolio: $12389.03
  ────────────────────────────────────────────────────────────────────────────────────────────────
  2022-01-26   M1    1     SHOP   BEARISH    2.84   908.74  916.87  -$8.13  -0.89%  LOSS    fallback_20pct
                                  [BRE]             907.83  878.77 +$29.06  +3.20%  WIN     end_of_day
  2022-01-26   M1    2     CVNA   BEARISH    2.37   148.30  149.18  -$0.88  -0.59%  LOSS    hard_stop
                                  [BRE]             148.27  151.23  -$2.96  -2.00%  LOSS    hard_stop
  2022-01-26   M1    3     PLTR   BEARISH    1.96    13.20   13.28  -$0.07  -0.53%  LOSS    hard_stop
                                  [REV]              13.71   13.46  -$0.26  -1.90%  LOSS    hard_stop
  ································································································
  2022-01-26   A1    1     COIN   BEARISH    0.33   195.46  195.47  -$0.01  -0.01%  LOSS    hard_stop
                                  [REV]             196.03  195.63  -$0.40  -0.20%  LOSS    hard_stop
  2022-01-26   A1    2     FANG   BEARISH    0.17   130.11  130.17  -$0.06  -0.05%  LOSS    hard_stop
                                  [REV]             130.58  130.11  -$0.47  -0.36%  LOSS    hard_stop
  ································································································
  2022-01-26   A2    1     CVNA   BEARISH    1.88   140.80  141.45  -$0.65  -0.46%  LOSS    hard_stop
                                  [BRE]             139.98  142.97  -$2.99  -2.14%  LOSS    hard_stop
  2022-01-26   A2    2     TSLA   BEARISH    1.57   927.91  926.73  +$1.18  +0.13%  WIN     hard_stop
  2022-01-26   A2    3     NVDA   BEARISH    1.35   226.07  226.13  -$0.06  -0.03%  LOSS    hard_stop
                                                                   +$13.30  -0.42%  2W/12L  │  cap: -$159.70 (-1.60%)  portfolio: $12229.33
  ────────────────────────────────────────────────────────────────────────────────────────────────
  2022-01-27   M1    1     ANAB   BEARISH    3.85    30.73   30.65  +$0.08  +0.26%  WIN     trailing_stop_ma20
  2022-01-27   M1    2     COIN   BEARISH    1.60   178.72  179.20  -$0.49  -0.27%  LOSS    hard_stop
  2022-01-27   M1    3     CVNA   BEARISH    1.41   141.50  141.60  -$0.10  -0.07%  LOSS    fallback_20pct
                                  [BRE]             140.00  142.54  -$2.54  -1.81%  LOSS    hard_stop
  ································································································
  2022-01-27   A1    1     ANAB   BEARISH    1.16    30.82   30.65  +$0.17  +0.55%  WIN     trailing_stop_ma20
  2022-01-27   A1    2     COIN   BEARISH    0.54   170.35  170.29  +$0.06  +0.04%  WIN     hard_stop
                                  [REV]             172.00  170.80  -$1.20  -0.70%  LOSS    hard_stop
  2022-01-27   A1    3     TSLA   BEARISH    0.47   854.60  855.00  -$0.40  -0.05%  LOSS    fallback_20pct
                                  [REV]             864.80  856.94  -$7.86  -0.91%  LOSS    hard_stop
  ································································································
  2022-01-27   A2    1     AMD    BEARISH    0.73   103.47  103.47  +$0.00  +0.00%  LOSS    fallback_20pct
                                  [BRE]             102.93  102.57  +$0.36  +0.35%  WIN     end_of_day
  2022-01-27   A2    2     TSLA   BEARISH    0.70   842.44  829.14 +$13.31  +1.58%  WIN     end_of_day
  2022-01-27   A2    3     MU     BEARISH    0.43    78.91   78.95  -$0.04  -0.05%  LOSS    fallback_20pct
                                  [BRE]              78.64   78.71  -$0.07  -0.09%  LOSS    end_of_day
                                                                    +$1.28  -0.08%  5W/9L  │  cap: +$17.54 (+0.18%)  portfolio: $12246.87
  ────────────────────────────────────────────────────────────────────────────────────────────────
  2022-01-28   M1    1     CVNA   BEARISH    2.44   138.47  138.62  -$0.15  -0.11%  LOSS    hard_stop
                                  [REV]             146.10  140.94  -$5.16  -3.53%  LOSS    hard_stop
  2022-01-28   M1    2     TSLA   BEARISH    2.43   803.91  808.86  -$4.95  -0.62%  LOSS    hard_stop
  2022-01-28   M1    3     SHOP   BEARISH    2.42   804.46  808.70  -$4.24  -0.53%  LOSS    hard_stop
  ································································································
  2022-01-28   A1    1     CVNA   BEARISH    0.11   145.87  143.00  +$2.87  +1.97%  WIN     trailing_stop_ma20
                                                                   -$11.63  -0.56%  1W/4L  │  cap: -$114.72 (-1.15%)  portfolio: $12132.15
  ────────────────────────────────────────────────────────────────────────────────────────────────
  2022-01-31   M1    1     SHOP   BULLISH    2.98   913.75  930.50 +$16.75  +1.83%  WIN     trailing_stop_ma20
  2022-01-31   M1    2     TSLA   BULLISH    1.97   889.72  887.87  -$1.85  -0.21%  LOSS    fallback_20pct
                                  [BRU]             894.64  921.60 +$26.96  +3.01%  WIN     trailing_stop_ma20
  2022-01-31   M1    3     NVDA   BULLISH    1.34   235.38  235.09  -$0.29  -0.12%  LOSS    fallback_20pct
                                  [BRU]             236.48  239.79  +$3.31  +1.40%  WIN     trailing_stop_ma20
  ································································································
  2022-01-31   A1    1     RH     BULLISH    0.52   398.72  398.52  -$0.20  -0.05%  LOSS    hard_stop
                                  [BRU]             399.72  400.80  +$1.08  +0.27%  WIN     trailing_stop_ma20
  2022-01-31   A1    2     CVNA   BULLISH    0.28   162.42  161.71  -$0.71  -0.44%  LOSS    fallback_20pct
  2022-01-31   A1    3     COIN   BULLISH    0.21   191.25  191.12  -$0.13  -0.07%  LOSS    fallback_20pct
  ································································································
  2022-01-31   A2    1     AMD    BULLISH    0.78   113.20  112.60  -$0.60  -0.53%  LOSS    fallback_20pct
                                  [BRU]             113.59  114.25  +$0.66  +0.58%  WIN     end_of_day
  2022-01-31   A2    2     CVNA   BULLISH    0.77   160.98  160.79  -$0.19  -0.12%  LOSS    fallback_20pct
                                  [BRU]             161.04  162.01  +$0.97  +0.60%  WIN     end_of_day
  2022-01-31   A2    3     NVDA   BULLISH    0.69   242.16  240.74  -$1.42  -0.59%  LOSS    fallback_20pct
                                  [BRU]             243.14  245.00  +$1.86  +0.76%  WIN     end_of_day
                                                                   +$46.20  +0.42%  7W/8L  │  cap: +$218.87 (+2.19%)  portfolio: $12351.02
  ────────────────────────────────────────────────────────────────────────────────────────────────
  2022-02-01   M1    1     SHOP   BEARISH    2.31   954.99  960.65  -$5.66  -0.59%  LOSS    fallback_20pct
                                  [REV]             984.36  984.36  +$0.00  +0.00%  LOSS    end_of_day
  2022-02-01   M1    2     FN     BEARISH    2.21   104.02  104.67  -$0.65  -0.62%  LOSS    hard_stop
  2022-02-01   M1    3     TSLA   BEARISH    1.52   915.78  916.32  -$0.54  -0.06%  LOSS    fallback_20pct
                                  [REV]             936.81  923.18 -$13.63  -1.45%  LOSS    hard_stop
  ································································································
  2022-02-01   A1    1     ANAB   BEARISH    0.89    32.41   32.41  +$0.00  +0.00%  LOSS    fallback_20pct
                                  [REV]              32.58   32.41  -$0.17  -0.52%  LOSS    hard_stop
  2022-02-01   A1    2     RH     BEARISH    0.41   411.89  411.00  +$0.89  +0.22%  WIN     trailing_stop_ma20
  2022-02-01   A1    3     AMD    BEARISH    0.20   114.92  114.93  -$0.01  -0.01%  LOSS    hard_stop
                                  [REV]             115.20  117.04  +$1.84  +1.60%  WIN     end_of_day
  ································································································
  2022-02-01   A2    1     AMD    BULLISH    0.99   114.74  117.04  +$2.30  +2.00%  WIN     end_of_day
  2022-02-01   A2    2     CVNA   BULLISH    0.95   163.83  162.81  -$1.02  -0.62%  LOSS    fallback_20pct
                                  [BRU]             164.20  164.75  +$0.55  +0.33%  WIN     end_of_day
  2022-02-01   A2    3     NVDA   BULLISH    0.89   243.68  246.26  +$2.58  +1.06%  WIN     end_of_day
                                                                   -$13.52  +0.09%  5W/9L  │  cap: +$45.43 (+0.45%)  portfolio: $12396.45
  ────────────────────────────────────────────────────────────────────────────────────────────────
  2022-02-02   M1    1     SHOP   BEARISH    3.21   937.42  883.50 +$53.91  +5.75%  WIN     trailing_stop_ma20
  2022-02-02   M1    2     RH     BEARISH    1.68   404.36  405.76  -$1.40  -0.35%  LOSS    hard_stop
                                  [BRE]             403.70  403.30  +$0.39  +0.10%  WIN     end_of_day
  2022-02-02   M1    3     TSLA   BEARISH    1.06   917.58  916.96  +$0.62  +0.07%  WIN     hard_stop
                                  [BRE]             913.42  905.43  +$7.99  +0.87%  WIN     trailing_stop_ma20
  ································································································
  2022-02-02   A1    1     ANAB   BEARISH    1.45    31.21   31.23  -$0.02  -0.06%  LOSS    hard_stop
                                  [REV]              31.57   31.26  -$0.31  -0.98%  LOSS    hard_stop
  2022-02-02   A1    2     RH     BULLISH    0.60   406.45  404.00  -$2.45  -0.60%  LOSS    fallback_20pct
                                  [BRU]             406.92  405.34  -$1.58  -0.39%  LOSS    hard_stop
  2022-02-02   A1    3     FN     BEARISH    0.23   100.53  100.54  -$0.01  -0.01%  LOSS    fallback_20pct
                                  [REV]             101.58  101.74  +$0.16  +0.16%  WIN     trailing_stop_ma20
  ································································································
  2022-02-02   A2    1     NVDA   BULLISH    0.73   251.82  251.82  +$0.00  +0.00%  LOSS    fallback_20pct
                                  [BRU]             252.36  251.32  -$1.04  -0.41%  LOSS    hard_stop
  2022-02-02   A2    2     MU     BULLISH    0.49    84.55   84.49  -$0.06  -0.07%  LOSS    fallback_20pct
                                  [BRU]              84.61   84.37  -$0.24  -0.28%  LOSS    hard_stop
  2022-02-02   A2    3     APP    BULLISH    0.41    65.80   65.78  -$0.02  -0.03%  LOSS    hard_stop
                                                                   +$55.94  +0.23%  5W/11L  │  cap: +$184.91 (+1.85%)  portfolio: $12581.36
  ────────────────────────────────────────────────────────────────────────────────────────────────
  2022-02-03   A1    1     ANAB   BEARISH    1.30    30.89   30.09  +$0.80  +2.59%  WIN     end_of_day
  2022-02-03   A1    2     RH     BEARISH    0.36   400.21  400.21  +$0.00  +0.00%  LOSS    fallback_20pct
                                  [REV]             401.18  400.21  -$0.98  -0.24%  LOSS    hard_stop
  2022-02-03   A1    3     COIN   BEARISH    0.18   185.25  185.30  -$0.05  -0.03%  LOSS    fallback_20pct
                                  [REV]             185.99  185.36  -$0.62  -0.33%  LOSS    hard_stop
  ································································································
  2022-02-03   A2    1     CVNA   BEARISH    0.79   144.98  144.98  +$0.00  +0.00%  LOSS    fallback_20pct
                                  [REV]             145.95  145.34  -$0.61  -0.42%  LOSS    hard_stop
  2022-02-03   A2    2     TSLA   BEARISH    0.70   899.42  900.57  -$1.15  -0.13%  LOSS    fallback_20pct
                                  [REV]             905.75  902.29  -$3.46  -0.38%  LOSS    hard_stop
  2022-02-03   A2    3     PLTR   BEARISH    0.60    12.54   12.54  +$0.00  +0.00%  LOSS    fallback_20pct
                                  [BRE]              12.50   12.45  +$0.05  +0.40%  WIN     end_of_day
                                                                    -$6.02  +0.13%  2W/9L  │  cap: +$86.44 (+0.86%)  portfolio: $12667.80
  ────────────────────────────────────────────────────────────────────────────────────────────────
  2022-02-04   M1    1     FANG   BULLISH    1.35   134.67  134.09  -$0.58  -0.43%  LOSS    fallback_20pct
                                  [BRU]             135.23  133.22  -$2.00  -1.48%  LOSS    hard_stop
  2022-02-04   M1    2     AMD    BULLISH    1.24   121.31  120.84  -$0.47  -0.39%  LOSS    fallback_20pct
                                  [BRU]             122.14  123.59  +$1.45  +1.19%  WIN     end_of_day
  ································································································
  2022-02-04   A1    1     FN     BEARISH    0.23    99.41   99.42  -$0.01  -0.01%  LOSS    hard_stop
  2022-02-04   A1    2     COIN   BULLISH    0.22   194.76  194.78  +$0.02  +0.01%  WIN     hard_stop
                                  [BRU]             194.87  194.60  -$0.27  -0.14%  LOSS    hard_stop
  ································································································
  2022-02-04   A2    1     CVNA   BULLISH    0.66   151.54  151.46  -$0.08  -0.05%  LOSS    hard_stop
  2022-02-04   A2    2     NVDA   BULLISH    0.58   245.50  245.57  +$0.07  +0.03%  WIN     fallback_20pct
                                  [BRU]             246.02  245.37  -$0.65  -0.26%  LOSS    hard_stop
  2022-02-04   A2    3     TSLA   BULLISH    0.49   933.51  933.46  -$0.05  -0.01%  LOSS    fallback_20pct
                                  [BRU]             935.65  932.80  -$2.84  -0.30%  LOSS    hard_stop
                                                                    -$5.41  -0.15%  3W/9L  │  cap: -$91.58 (-0.92%)  portfolio: $12576.22
  ────────────────────────────────────────────────────────────────────────────────────────────────
  2022-02-07   A1    1     ANAB   BEARISH    1.12    31.51   31.51  +$0.00  +0.00%  LOSS    hard_stop
                                  [REV]              31.57   31.61  +$0.04  +0.13%  WIN     end_of_day
  2022-02-07   A1    2     FN     BEARISH    0.20    97.66   97.68  -$0.02  -0.02%  LOSS    fallback_20pct
                                  [REV]              98.02   98.10  +$0.07  +0.07%  WIN     trailing_stop_ma20
  ································································································
  2022-02-07   A2    1     FN     BEARISH    0.26    97.95   97.96  -$0.01  -0.01%  LOSS    fallback_20pct
                                  [REV]              98.16   98.31  +$0.16  +0.16%  WIN     trailing_stop_ma20
                                                                    +$0.24  +0.06%  3W/3L  │  cap: +$15.51 (+0.16%)  portfolio: $12591.73
  ────────────────────────────────────────────────────────────────────────────────────────────────
  2022-02-08   M1    1     FANG   BEARISH    1.30   126.75  125.17  +$1.58  +1.25%  WIN     trailing_stop_ma20
  ································································································
  2022-02-08   A1    1     ANAB   BEARISH    1.12    30.98   30.98  +$0.00  +0.00%  LOSS    fallback_20pct
                                  [REV]              31.00   30.98  -$0.02  -0.06%  LOSS    hard_stop
  2022-02-08   A1    2     RH     BEARISH    0.39   412.66  409.44  +$3.22  +0.78%  WIN     trailing_stop_ma20
  ································································································
  2022-02-08   A2    1     ANAB   BEARISH    0.55    30.73   30.73  +$0.00  +0.00%  LOSS    fallback_20pct
                                  [REV]              30.95   31.10  +$0.14  +0.45%  WIN     trailing_stop_ma20
  2022-02-08   A2    2     FANG   BEARISH    0.31   122.92  122.95  -$0.03  -0.02%  LOSS    fallback_20pct
                                  [REV]             123.15  123.00  -$0.15  -0.12%  LOSS    hard_stop
  2022-02-08   A2    3     APP    BEARISH    0.28    70.04   70.06  -$0.02  -0.03%  LOSS    fallback_20pct
                                  [REV]              70.93   70.65  -$0.28  -0.39%  LOSS    end_of_day
                                                                    +$4.44  +0.18%  3W/7L  │  cap: +$92.48 (+0.92%)  portfolio: $12684.21
  ────────────────────────────────────────────────────────────────────────────────────────────────
  2022-02-09   M1    1     EXPE   BULLISH    0.90   197.54  197.53  -$0.01  -0.01%  LOSS    fallback_20pct
                                  [BRU]             198.49  196.58  -$1.91  -0.96%  LOSS    hard_stop
  ································································································
  2022-02-09   A1    1     TSLA   BULLISH    0.32   936.98  936.78  -$0.20  -0.02%  LOSS    fallback_20pct
                                  [BRU]             937.37  936.10  -$1.26  -0.13%  LOSS    hard_stop
  2022-02-09   A1    2     AMD    BULLISH    0.28   131.47  131.49  +$0.02  +0.02%  WIN     hard_stop
                                  [BRU]             131.94  131.72  -$0.22  -0.17%  LOSS    trailing_stop_ma20
  ································································································
  2022-02-09   A2    1     ANAB   BULLISH    0.81    32.00   31.97  -$0.03  -0.09%  LOSS    hard_stop
                                  [BRU]              32.11   32.36  +$0.25  +0.78%  WIN     end_of_day
  2022-02-09   A2    2     AMD    BULLISH    0.78   132.24  132.18  -$0.06  -0.05%  LOSS    fallback_20pct
                                  [BRU]             132.44  132.86  +$0.42  +0.32%  WIN     end_of_day
  2022-02-09   A2    3     CVNA   BULLISH    0.64   162.15  162.06  -$0.09  -0.06%  LOSS    fallback_20pct
                                  [BRU]             162.30  161.91  -$0.40  -0.25%  LOSS    hard_stop
                                                                    -$3.49  -0.05%  3W/9L  │  cap: -$24.51 (-0.25%)  portfolio: $12659.71
  ────────────────────────────────────────────────────────────────────────────────────────────────
  2022-02-10   A1    1     ANAB   BEARISH    1.60    31.65   31.72  -$0.07  -0.22%  LOSS    fallback_20pct
                                  [BRE]              31.62   30.40  +$1.23  +3.89%  WIN     end_of_day
  2022-02-10   A1    2     CVNA   BEARISH    0.72   154.40  154.67  -$0.28  -0.18%  LOSS    hard_stop
                                  [REV]             156.52  155.38  -$1.14  -0.73%  LOSS    hard_stop
  2022-02-10   A1    3     AMD    BEARISH    0.56   127.95  128.14  -$0.19  -0.15%  LOSS    hard_stop
  ································································································
  2022-02-10   A2    1     ANAB   BEARISH    0.74    31.18   30.40  +$0.79  +2.53%  WIN     end_of_day
  2022-02-10   A2    2     APP    BEARISH    0.34    72.31   72.36  -$0.05  -0.07%  LOSS    fallback_20pct
                                  [REV]              72.70   72.78  +$0.08  +0.11%  WIN     trailing_stop_ma20
  2022-02-10   A2    3     RH     BEARISH    0.25   424.04  424.06  -$0.02  -0.00%  LOSS    fallback_20pct
                                  [REV]             425.73  424.04  -$1.69  -0.40%  LOSS    hard_stop
                                                                    -$1.34  +0.48%  3W/7L  │  cap: +$274.89 (+2.75%)  portfolio: $12934.60
  ────────────────────────────────────────────────────────────────────────────────────────────────
  2022-02-11   M1    1     CVNA   BEARISH    2.01   153.10  153.31  -$0.21  -0.14%  LOSS    fallback_20pct
                                  [BRE]             151.14  141.56  +$9.58  +6.34%  WIN     trailing_stop_ma20
  2022-02-11   M1    2     SHOP   BEARISH    2.01   886.42  887.09  -$0.67  -0.08%  LOSS    fallback_20pct
                                  [BRE]             880.14  853.91 +$26.23  +2.98%  WIN     trailing_stop_ma20
  2022-02-11   M1    3     NVDA   BEARISH    1.47   255.54  249.70  +$5.84  +2.29%  WIN     trailing_stop_ma20
  ································································································
  2022-02-11   A1    1     ANAB   BEARISH    1.12    30.32   30.25  +$0.07  +0.23%  WIN     trailing_stop_ma20
  2022-02-11   A1    2     RH     BEARISH    0.42   418.32  413.93  +$4.39  +1.05%  WIN     trailing_stop_ma20
  2022-02-11   A1    3     APP    BEARISH    0.33    71.72   70.63  +$1.09  +1.52%  WIN     trailing_stop_ma20
  ································································································
  2022-02-11   A2    1     ANAB   BEARISH    0.75    29.98   30.00  -$0.02  -0.07%  LOSS    hard_stop
  2022-02-11   A2    2     FN     BEARISH    0.31   100.66  100.69  -$0.03  -0.03%  LOSS    fallback_20pct
                                  [REV]             100.94  100.74  -$0.20  -0.20%  LOSS    hard_stop
                                                                   +$46.07  +1.26%  6W/5L  │  cap: +$508.88 (+5.09%)  portfolio: $13443.48
  ────────────────────────────────────────────────────────────────────────────────────────────────
  2022-02-14   M1    1     ANAB   BEARISH    1.19    29.72   29.81  -$0.09  -0.30%  LOSS    fallback_20pct
                                  [REV]              30.30   30.49  +$0.19  +0.63%  WIN     end_of_day
  ································································································
  2022-02-14   A1    1     RH     BEARISH    0.34   416.33  411.60  +$4.72  +1.13%  WIN     trailing_stop_ma20
  2022-02-14   A1    2     FN     BEARISH    0.24   100.51  100.43  +$0.08  +0.08%  WIN     trailing_stop_ma20
  2022-02-14   A1    3     COIN   BEARISH    0.18   198.56  195.50  +$3.06  +1.54%  WIN     trailing_stop_ma20
  ································································································
  2022-02-14   A2    1     COIN   BEARISH    0.59   194.96  195.05  -$0.09  -0.05%  LOSS    hard_stop
                                  [REV]             196.61  195.31  -$1.30  -0.66%  LOSS    end_of_day
  2022-02-14   A2    2     FANG   BEARISH    0.37   130.32  130.37  -$0.05  -0.04%  LOSS    hard_stop
                                  [REV]             130.93  130.50  -$0.43  -0.33%  LOSS    hard_stop
  2022-02-14   A2    3     MU     BEARISH    0.29    89.32   89.32  +$0.00  +0.00%  LOSS    hard_stop
                                  [REV]              89.64   89.85  +$0.20  +0.22%  WIN     end_of_day
                                                                    +$6.29  +0.20%  5W/6L  │  cap: +$63.90 (+0.64%)  portfolio: $13507.38
  ────────────────────────────────────────────────────────────────────────────────────────────────
  2022-02-15   M1    1     APP    BULLISH    1.93    75.40   75.09  -$0.31  -0.41%  LOSS    fallback_20pct
                                  [BRU]              76.00   75.54  -$0.46  -0.61%  LOSS    end_of_day
  2022-02-15   M1    2     EXPE   BULLISH    1.69   206.60  209.52  +$2.92  +1.41%  WIN     trailing_stop_ma20
  2022-02-15   M1    3     AMD    BEARISH    1.08   114.99  115.15  -$0.16  -0.14%  LOSS    hard_stop
                                  [REV]             117.74  121.47  +$3.73  +3.17%  WIN     end_of_day
  ································································································
  2022-02-15   A1    1     RH     BEARISH    0.35   422.90  422.96  -$0.06  -0.01%  LOSS    hard_stop
                                  [REV]             424.01  423.41  -$0.60  -0.14%  LOSS    trailing_stop_ma20
  2022-02-15   A1    2     CVNA   BEARISH    0.26   140.26  140.32  -$0.06  -0.04%  LOSS    fallback_20pct
                                  [REV]             141.33  142.06  +$0.73  +0.52%  WIN     trailing_stop_ma20
  2022-02-15   A1    3     COIN   BEARISH    0.22   204.58  204.62  -$0.03  -0.01%  LOSS    fallback_20pct
                                  [REV]             206.42  205.80  -$0.61  -0.30%  LOSS    trailing_stop_ma20
  ································································································
  2022-02-15   A2    1     AMD    BULLISH    0.51   120.89  120.94  +$0.05  +0.04%  WIN     hard_stop
                                  [BRU]             121.37  121.47  +$0.10  +0.08%  WIN     end_of_day
  2022-02-15   A2    2     PLTR   BULLISH    0.46    14.06   14.08  +$0.01  +0.07%  WIN     fallback_20pct
                                  [BRU]              14.11   14.16  +$0.05  +0.35%  WIN     end_of_day
  2022-02-15   A2    3     MU     BULLISH    0.44    95.68   96.02  +$0.34  +0.36%  WIN     end_of_day
                                                                    +$5.64  +0.27%  8W/8L  │  cap: +$78.58 (+0.79%)  portfolio: $13585.96
  ────────────────────────────────────────────────────────────────────────────────────────────────
  2022-02-16   M1    1     SHOP   BEARISH    4.55   740.64  730.43 +$10.21  +1.38%  WIN     trailing_stop_ma20
  2022-02-16   M1    2     APP    BEARISH    2.08    73.32   69.40  +$3.92  +5.35%  WIN     trailing_stop_ma20
  2022-02-16   M1    3     EXPE   BULLISH    1.31   212.85  213.08  +$0.23  +0.11%  WIN     hard_stop
                                  [BRU]             214.46  210.99  -$3.47  -1.62%  LOSS    hard_stop
  ································································································
  2022-02-16   A1    1     ANAB   BEARISH    0.34    30.54   30.54  +$0.00  +0.00%  LOSS    fallback_20pct
                                  [REV]              31.24   30.89  -$0.35  -1.12%  LOSS    end_of_day
  2022-02-16   A1    2     RH     BEARISH    0.33   414.14  414.14  +$0.00  +0.00%  LOSS    hard_stop
                                  [REV]             420.42  419.60  -$0.81  -0.19%  LOSS    end_of_day
  2022-02-16   A1    3     FANG   BEARISH    0.15   132.12  132.13  -$0.01  -0.01%  LOSS    hard_stop
  ································································································
  2022-02-16   A2    1     COIN   BULLISH    0.74   213.75  213.60  -$0.15  -0.07%  LOSS    hard_stop
  2022-02-16   A2    2     ANAB   BEARISH    0.58    30.85   30.85  +$0.00  +0.00%  LOSS    hard_stop
                                  [REV]              30.89   30.89  +$0.00  +0.00%  LOSS    end_of_day
  2022-02-16   A2    3     AMD    BULLISH    0.57   117.93  117.82  -$0.11  -0.09%  LOSS    hard_stop
                                  [BRU]             118.10  117.59  -$0.51  -0.43%  LOSS    end_of_day
                                                                    +$8.95  +0.24%  3W/11L  │  cap: +$121.74 (+1.22%)  portfolio: $13707.69
  ────────────────────────────────────────────────────────────────────────────────────────────────
  2022-02-17   M1    1     ANAB   BEARISH    2.12    30.00   30.03  -$0.03  -0.10%  LOSS    end_of_day
  2022-02-17   M1    2     PLTR   BEARISH    1.52    12.04   12.05  -$0.02  -0.17%  LOSS    fallback_20pct
                                  [REV]              12.48   12.18  -$0.29  -2.32%  LOSS    hard_stop
  2022-02-17   M1    3     RH     BEARISH    1.42   408.35  409.63  -$1.28  -0.31%  LOSS    hard_stop
                                  [BRE]             407.98  402.01  +$5.98  +1.47%  WIN     trailing_stop_ma20
  ································································································
  2022-02-17   A1    1     APP    BEARISH    0.85    63.50   63.60  -$0.10  -0.16%  LOSS    hard_stop
  2022-02-17   A1    2     RH     BEARISH    0.36   401.60  401.61  +$0.00  +0.00%  LOSS    hard_stop
                                  [REV]             402.14  401.69  -$0.46  -0.11%  LOSS    hard_stop
  2022-02-17   A1    3     COIN   BEARISH    0.35   190.29  190.36  -$0.07  -0.04%  LOSS    hard_stop
                                  [REV]             191.26  191.42  +$0.16  +0.08%  WIN     trailing_stop_ma20
  ································································································
  2022-02-17   A2    1     SHOP   BEARISH    0.74   658.25  659.26  -$1.00  -0.15%  LOSS    hard_stop
                                  [BRE]             656.50  658.92  -$2.41  -0.37%  LOSS    end_of_day
  2022-02-17   A2    2     CVNA   BEARISH    0.73   133.49  133.63  -$0.14  -0.10%  LOSS    fallback_20pct
                                  [REV]             134.45  135.07  +$0.62  +0.46%  WIN     end_of_day
  2022-02-17   A2    3     COIN   BEARISH    0.65   190.70  190.73  -$0.03  -0.02%  LOSS    hard_stop
                                  [REV]             192.09  191.96  -$0.13  -0.07%  LOSS    end_of_day
                                                                    +$0.80  -0.12%  3W/13L  │  cap: -$83.78 (-0.84%)  portfolio: $13623.92
  ────────────────────────────────────────────────────────────────────────────────────────────────
  2022-02-18   M1    1     CVNA   BEARISH    2.12   130.84  131.67  -$0.83  -0.63%  LOSS    fallback_20pct
                                  [REV]             136.79  133.16  -$3.62  -2.65%  LOSS    hard_stop
  2022-02-18   M1    2     NVDA   BEARISH    2.06   240.83  242.51  -$1.68  -0.70%  LOSS    fallback_20pct
                                  [BRE]             239.40  236.38  +$3.02  +1.26%  WIN     end_of_day
  2022-02-18   M1    3     PLTR   BEARISH    1.96    11.55   11.61  -$0.06  -0.52%  LOSS    hard_stop
                                  [BRE]              11.30   11.04  +$0.27  +2.39%  WIN     trailing_stop_ma20
  ································································································
  2022-02-18   A1    1     PLTR   BEARISH    0.99    10.74   10.74  -$0.01  -0.09%  LOSS    fallback_20pct
                                  [REV]              10.84   11.04  +$0.19  +1.75%  WIN     trailing_stop_ma20
  2022-02-18   A1    2     CVNA   BEARISH    0.31   125.85  125.93  -$0.08  -0.06%  LOSS    fallback_20pct
                                  [REV]             126.85  127.86  +$1.01  +0.80%  WIN     trailing_stop_ma20
  2022-02-18   A1    3     META   BEARISH    0.18   206.09  206.13  -$0.04  -0.02%  LOSS    fallback_20pct
                                  [REV]             207.14  207.35  +$0.21  +0.10%  WIN     trailing_stop_ma20
                                                                    -$1.62  +0.14%  5W/7L  │  cap: -$4.29 (-0.04%)  portfolio: $13619.63
  ────────────────────────────────────────────────────────────────────────────────────────────────
  2022-02-22   M1    1     APP    BEARISH    1.85    61.01   61.04  -$0.03  -0.05%  LOSS    hard_stop
  ································································································
  2022-02-22   A1    1     APP    BEARISH    0.64    57.96   57.76  +$0.21  +0.36%  WIN     trailing_stop_ma20
  2022-02-22   A1    2     RH     BEARISH    0.61   370.22  370.66  -$0.43  -0.12%  LOSS    fallback_20pct
                                  [REV]             373.50  371.35  -$2.15  -0.58%  LOSS    hard_stop
  2022-02-22   A1    3     CVNA   BEARISH    0.50   119.04  119.13  -$0.10  -0.08%  LOSS    fallback_20pct
                                  [REV]             120.08  119.43  -$0.64  -0.53%  LOSS    hard_stop
                                                                    -$3.14  -0.17%  1W/5L  │  cap: -$17.43 (-0.17%)  portfolio: $13602.20
  ────────────────────────────────────────────────────────────────────────────────────────────────
  2022-02-23   M1    1     RH     BEARISH    1.34   375.07  375.10  -$0.04  -0.01%  LOSS    trailing_stop_ma20
  2022-02-23   M1    2     MU     BEARISH    0.74    90.62   89.38  +$1.24  +1.37%  WIN     trailing_stop_ma20
  2022-02-23   M1    3     EXPE   BEARISH    0.64   205.11  205.29  -$0.18  -0.09%  LOSS    fallback_20pct
                                  [BRE]             203.88  202.33  +$1.55  +0.76%  WIN     trailing_stop_ma20
  ································································································
  2022-02-23   A1    1     RH     BEARISH    0.36   369.97  370.05  -$0.08  -0.02%  LOSS    hard_stop
                                  [REV]             371.53  370.14  -$1.39  -0.37%  LOSS    trailing_stop_ma20
  2022-02-23   A1    2     ANAB   BEARISH    0.35    30.04   30.04  +$0.00  +0.00%  LOSS    fallback_20pct
                                  [REV]              30.18   30.04  -$0.14  -0.46%  LOSS    hard_stop
  2022-02-23   A1    3     FN     BEARISH    0.14    99.95   99.96  -$0.01  -0.01%  LOSS    hard_stop
                                  [BRE]              99.79   98.64  +$1.15  +1.15%  WIN     end_of_day
  ································································································
  2022-02-23   A2    1     CVNA   BEARISH    0.78   115.16  115.15  +$0.01  +0.01%  WIN     hard_stop
                                  [REV]             116.03  115.45  -$0.58  -0.50%  LOSS    hard_stop
  2022-02-23   A2    2     PLTR   BEARISH    0.68    10.49   10.50  -$0.01  -0.10%  LOSS    hard_stop
  2022-02-23   A2    3     AMD    BEARISH    0.61   110.00  110.03  -$0.03  -0.03%  LOSS    hard_stop
                                                                    +$1.49  +0.12%  4W/10L  │  cap: +$14.97 (+0.15%)  portfolio: $13617.16
  ────────────────────────────────────────────────────────────────────────────────────────────────
  2022-02-24   M1    1     FANG   BEARISH    1.55   128.77  128.06  +$0.72  +0.56%  WIN     trailing_stop_ma20
  2022-02-24   M1    2     EXPE   BEARISH    1.37   182.84  183.30  -$0.46  -0.25%  LOSS    fallback_20pct
                                  [REV]             187.88  184.85  -$3.03  -1.61%  LOSS    hard_stop
  ································································································
  2022-02-24   A1    1     APP    BEARISH    0.47    54.54   54.57  -$0.03  -0.06%  LOSS    hard_stop
                                  [REV]              55.18   54.64  -$0.54  -0.98%  LOSS    hard_stop
                                                                    -$3.34  -0.47%  1W/4L  │  cap: -$79.51 (-0.80%)  portfolio: $13537.65
  ────────────────────────────────────────────────────────────────────────────────────────────────
  2022-02-25   M1    1     PLTR   BEARISH    3.50    11.06   11.22  -$0.15  -1.36%  LOSS    fallback_20pct
  2022-02-25   M1    2     SHOP   BEARISH    2.68   659.32  661.59  -$2.27  -0.34%  LOSS    fallback_20pct
                                  [BRE]             651.44  670.05 -$18.61  -2.86%  LOSS    hard_stop
  2022-02-25   M1    3     APP    BEARISH    2.11    56.32   56.26  +$0.06  +0.11%  WIN     trailing_stop_ma20
  ································································································
  2022-02-25   A1    1     ANAB   BEARISH    0.43    31.23   31.24  -$0.01  -0.03%  LOSS    fallback_20pct
                                  [REV]              31.43   31.38  -$0.05  -0.16%  LOSS    trailing_stop_ma20
  2022-02-25   A1    2     FANG   BULLISH    0.23   133.33  133.30  -$0.03  -0.02%  LOSS    hard_stop
                                  [BRU]             133.42  133.24  -$0.17  -0.13%  LOSS    hard_stop
  ································································································
  2022-02-25   A2    1     PLTR   BEARISH    0.52    11.20   11.21  +$0.00  +0.00%  LOSS    fallback_20pct
                                  [REV]              11.30   11.47  +$0.17  +1.50%  WIN     end_of_day
  2022-02-25   A2    2     TSLA   BEARISH    0.43   800.81  800.88  -$0.07  -0.01%  LOSS    hard_stop
                                  [REV]             806.06  809.66  +$3.60  +0.45%  WIN     end_of_day
  2022-02-25   A2    3     SHOP   BEARISH    0.40   663.04  663.17  -$0.13  -0.02%  LOSS    fallback_20pct
                                  [REV]             665.99  677.00 +$11.01  +1.65%  WIN     end_of_day
                                                                    -$6.65  -0.09%  4W/10L  │  cap: -$56.63 (-0.57%)  portfolio: $13481.02
  ────────────────────────────────────────────────────────────────────────────────────────────────
  2022-02-28   M1    1     CVNA   BEARISH    3.32   146.98  147.76  -$0.78  -0.53%  LOSS    hard_stop
                                  [REV]             155.79  150.96  -$4.83  -3.10%  LOSS    hard_stop
  2022-02-28   M1    2     APP    BEARISH    2.11    55.99   56.13  -$0.14  -0.25%  LOSS    fallback_20pct
                                  [REV]              57.64   58.12  +$0.48  +0.83%  WIN     end_of_day
  2022-02-28   M1    3     NVDA   BEARISH    1.08   237.87  238.13  -$0.26  -0.11%  LOSS    fallback_20pct
                                  [REV]             242.45  243.67  +$1.22  +0.50%  WIN     trailing_stop_ma20
  ································································································
  2022-02-28   A1    1     PLTR   BEARISH    1.05    11.62   11.64  -$0.02  -0.17%  LOSS    fallback_20pct
                                  [REV]              11.72   11.66  -$0.05  -0.43%  LOSS    hard_stop
  2022-02-28   A1    2     CVNA   BEARISH    0.50   147.86  148.02  -$0.16  -0.11%  LOSS    hard_stop
                                  [REV]             149.18  148.40  -$0.78  -0.52%  LOSS    hard_stop
  2022-02-28   A1    3     AMD    BEARISH    0.48   122.04  122.17  -$0.13  -0.11%  LOSS    hard_stop
                                  [REV]             123.09  123.32  +$0.23  +0.19%  WIN     end_of_day
  ································································································
  2022-02-28   A2    1     COIN   BULLISH    0.61   187.07  186.97  -$0.10  -0.05%  LOSS    hard_stop
                                  [BRU]             188.06  190.65  +$2.59  +1.38%  WIN     end_of_day
  2022-02-28   A2    2     TSLA   BULLISH    0.41   862.95  860.04  -$2.91  -0.34%  LOSS    fallback_20pct
                                  [BRU]             864.56  862.13  -$2.43  -0.28%  LOSS    hard_stop
  2022-02-28   A2    3     SHOP   BEARISH    0.34   679.40  679.69  -$0.29  -0.04%  LOSS    hard_stop
                                  [REV]             681.13  679.45  -$1.68  -0.25%  LOSS    hard_stop
                                                                   -$10.04  -0.19%  4W/14L  │  cap: -$161.71 (-1.62%)  portfolio: $13319.31
  ────────────────────────────────────────────────────────────────────────────────────────────────
  2022-03-01   M1    1     CVNA   BEARISH    2.60   143.75  141.44  +$2.31  +1.61%  WIN     trailing_stop_ma20
  2022-03-01   M1    2     ANAB   BULLISH    1.87    31.44   30.91  -$0.53  -1.69%  LOSS    fallback_20pct
  2022-03-01   M1    3     APP    BULLISH    1.64    60.37   60.32  -$0.05  -0.08%  LOSS    fallback_20pct
                                  [BRU]              60.87   60.02  -$0.85  -1.40%  LOSS    hard_stop
  ································································································
  2022-03-01   A1    1     PLTR   BULLISH    1.63    12.36   12.36  +$0.00  +0.00%  LOSS    hard_stop
                                  [BRU]              12.38   12.34  -$0.04  -0.32%  LOSS    trailing_stop_ma20
  2022-03-01   A1    2     COIN   BEARISH    0.50   190.95  191.22  -$0.27  -0.14%  LOSS    fallback_20pct
                                  [REV]             192.50  196.07  +$3.57  +1.85%  WIN     trailing_stop_ma20
  2022-03-01   A1    3     RH     BEARISH    0.39   394.26  394.00  +$0.25  +0.06%  WIN     trailing_stop_ma20
  ································································································
  2022-03-01   A2    1     COIN   BULLISH    0.78   198.64  198.35  -$0.29  -0.15%  LOSS    fallback_20pct
  2022-03-01   A2    2     ANAB   BEARISH    0.58    30.52   30.21  +$0.30  +0.98%  WIN     end_of_day
  2022-03-01   A2    3     PLTR   BULLISH    0.55    12.46   12.46  -$0.01  -0.08%  LOSS    hard_stop
                                                                    +$4.39  +0.05%  4W/8L  │  cap: +$57.36 (+0.57%)  portfolio: $13376.67
  ────────────────────────────────────────────────────────────────────────────────────────────────
  2022-03-02   M1    1     MU     BULLISH    1.18    88.82   88.62  -$0.20  -0.23%  LOSS    hard_stop
                                  [BRU]              89.48   93.50  +$4.02  +4.49%  WIN     trailing_stop_ma20
  2022-03-02   M1    2     EXPE   BULLISH    1.13   194.08  193.57  -$0.51  -0.26%  LOSS    hard_stop
  2022-03-02   M1    3     RH     BULLISH    1.12   400.49  399.64  -$0.85  -0.21%  LOSS    hard_stop
                                  [BRU]             400.60  406.46  +$5.86  +1.46%  WIN     trailing_stop_ma20
  ································································································
  2022-03-02   A1    1     FANG   BEARISH    0.17   137.60  137.60  +$0.00  +0.00%  LOSS    fallback_20pct
                                  [REV]             138.30  138.00  -$0.31  -0.22%  LOSS    trailing_stop_ma20
  ································································································
  2022-03-02   A2    1     PLTR   BULLISH    0.75    12.08   12.06  -$0.01  -0.08%  LOSS    hard_stop
                                  [BRU]              12.10   12.06  -$0.04  -0.33%  LOSS    end_of_day
  2022-03-02   A2    2     COIN   BULLISH    0.64   194.98  194.52  -$0.45  -0.23%  LOSS    fallback_20pct
                                  [BRU]             195.46  194.64  -$0.82  -0.42%  LOSS    end_of_day
  2022-03-02   A2    3     AMD    BULLISH    0.63   119.25  119.22  -$0.03  -0.03%  LOSS    hard_stop
                                                                    +$6.66  +0.33%  2W/10L  │  cap: +$177.46 (+1.77%)  portfolio: $13554.13
  ────────────────────────────────────────────────────────────────────────────────────────────────
  2022-03-03   M1    1     CVNA   BEARISH    3.74   134.73  128.07  +$6.66  +4.94%  WIN     trailing_stop_ma20
  2022-03-03   M1    2     APP    BEARISH    2.27    56.96   55.88  +$1.08  +1.90%  WIN     trailing_stop_ma20
  2022-03-03   M1    3     SHOP   BEARISH    1.90   655.85  656.88  -$1.03  -0.16%  LOSS    hard_stop
                                  [BRE]             651.12  643.45  +$7.67  +1.18%  WIN     trailing_stop_ma20
  ································································································
  2022-03-03   A1    1     FANG   BEARISH    0.31   134.00  134.08  -$0.09  -0.07%  LOSS    fallback_20pct
                                  [REV]             134.66  134.21  -$0.45  -0.33%  LOSS    hard_stop
  2022-03-03   A1    2     MU     BULLISH    0.16    91.01   90.98  -$0.03  -0.03%  LOSS    hard_stop
  ································································································
  2022-03-03   A2    1     ANAB   BEARISH    0.79    29.56   29.59  -$0.03  -0.10%  LOSS    fallback_20pct
                                  [REV]              29.88   30.01  +$0.14  +0.47%  WIN     end_of_day
  2022-03-03   A2    2     CVNA   BEARISH    0.57   124.81  123.38  +$1.43  +1.15%  WIN     end_of_day
  2022-03-03   A2    3     PLTR   BEARISH    0.55    11.30   11.30  -$0.01  -0.09%  LOSS    hard_stop
                                  [BRE]              11.26   11.32  -$0.05  -0.44%  LOSS    hard_stop
                                                                   +$15.29  +0.70%  5W/7L  │  cap: +$346.07 (+3.46%)  portfolio: $13900.20
  ────────────────────────────────────────────────────────────────────────────────────────────────
  2022-03-04   M1    1     CVNA   BEARISH    3.39   116.55  107.56  +$8.99  +7.71%  WIN     trailing_stop_ma20
  2022-03-04   M1    2     PLTR   BEARISH    2.26    11.24   10.99  +$0.25  +2.22%  WIN     trailing_stop_ma20
  2022-03-04   M1    3     APP    BEARISH    2.17    53.28   50.50  +$2.78  +5.22%  WIN     trailing_stop_ma20
  ································································································
  2022-03-04   A1    1     AMD    BEARISH    0.37   108.58  108.60  -$0.02  -0.02%  LOSS    hard_stop
                                  [BRE]             108.01  108.24  -$0.23  -0.21%  LOSS    trailing_stop_ma20
  2022-03-04   A1    2     RH     BEARISH    0.35   373.21  373.26  -$0.05  -0.01%  LOSS    fallback_20pct
                                  [REV]             373.49  373.21  -$0.28  -0.07%  LOSS    hard_stop
  2022-03-04   A1    3     FN     BEARISH    0.15    96.66   95.92  +$0.75  +0.78%  WIN     end_of_day
  ································································································
  2022-03-04   A2    1     COIN   BEARISH    0.76   162.58  162.80  -$0.22  -0.14%  LOSS    fallback_20pct
                                  [REV]             163.82  165.68  +$1.86  +1.14%  WIN     end_of_day
                                                                   +$13.83  +1.66%  5W/5L  │  cap: +$610.92 (+6.11%)  portfolio: $14511.12
  ────────────────────────────────────────────────────────────────────────────────────────────────
  2022-03-07   M1    1     SHOP   BEARISH    2.52   584.86  575.60  +$9.26  +1.58%  WIN     trailing_stop_ma20
  2022-03-07   M1    2     APP    BEARISH    2.27    48.81   46.54  +$2.28  +4.67%  WIN     trailing_stop_ma20
  2022-03-07   M1    3     RH     BEARISH    1.67   361.77  344.75 +$17.02  +4.70%  WIN     trailing_stop_ma20
  ································································································
  2022-03-07   A1    1     ANAB   BEARISH    0.35    29.80   29.80  +$0.00  +0.00%  LOSS    fallback_20pct
                                  [REV]              29.90   29.80  -$0.10  -0.33%  LOSS    hard_stop
  2022-03-07   A1    2     AMD    BEARISH    0.25   105.40  105.41  -$0.01  -0.01%  LOSS    fallback_20pct
                                  [REV]             105.77  105.67  -$0.10  -0.09%  LOSS    trailing_stop_ma20
  2022-03-07   A1    3     META   BEARISH    0.14   189.82  189.81  +$0.01  +0.01%  WIN     hard_stop
                                  [REV]             190.20  189.94  -$0.26  -0.14%  LOSS    hard_stop
  ································································································
  2022-03-07   A2    1     PLTR   BEARISH    0.68    11.22   11.22  -$0.01  -0.09%  LOSS    hard_stop
                                  [BRE]              11.18   11.10  +$0.07  +0.63%  WIN     end_of_day
  2022-03-07   A2    2     FANG   BEARISH    0.51   134.07  134.08  -$0.01  -0.01%  LOSS    fallback_20pct
                                  [REV]             134.39  134.12  -$0.27  -0.20%  LOSS    hard_stop
  2022-03-07   A2    3     MU     BEARISH    0.31    76.19   76.22  -$0.03  -0.04%  LOSS    fallback_20pct
                                  [BRE]              76.04   76.30  -$0.26  -0.34%  LOSS    hard_stop
                                                                   +$27.59  +0.69%  5W/10L  │  cap: +$303.57 (+3.04%)  portfolio: $14814.68
  ────────────────────────────────────────────────────────────────────────────────────────────────
  2022-03-08   M1    1     APP    BEARISH    3.23    45.30   45.41  -$0.11  -0.24%  LOSS    hard_stop
                                                                    -$0.11  -0.24%  0W/1L  │  cap: -$12.14 (-0.12%)  portfolio: $14802.54
  ────────────────────────────────────────────────────────────────────────────────────────────────
  2022-03-09   A1    1     PLTR   BEARISH    1.59    11.80   11.80  -$0.01  -0.08%  LOSS    fallback_20pct
                                  [REV]              11.87   11.82  -$0.05  -0.42%  LOSS    hard_stop
  2022-03-09   A1    2     APP    BEARISH    0.45    48.39   48.42  -$0.03  -0.06%  LOSS    fallback_20pct
                                  [REV]              48.59   48.39  -$0.20  -0.41%  LOSS    hard_stop
  2022-03-09   A1    3     FANG   BEARISH    0.32   128.85  128.05  +$0.80  +0.62%  WIN     trailing_stop_ma20
                                                                    +$0.51  -0.07%  1W/4L  │  cap: -$27.09 (-0.27%)  portfolio: $14775.45
  ────────────────────────────────────────────────────────────────────────────────────────────────
  2022-03-10   M1    1     CVNA   BEARISH    2.56   110.44  111.13  -$0.69  -0.62%  LOSS    fallback_20pct
                                  [REV]             114.53  112.17  -$2.36  -2.06%  LOSS    hard_stop
  2022-03-10   M1    2     SHOP   BEARISH    2.16   555.48  556.85  -$1.37  -0.25%  LOSS    fallback_20pct
                                  [BRE]             551.07  562.28 -$11.21  -2.03%  LOSS    hard_stop
  2022-03-10   M1    3     APP    BEARISH    1.78    45.37   45.52  -$0.15  -0.33%  LOSS    fallback_20pct
                                  [REV]              46.26   46.35  +$0.09  +0.19%  WIN     end_of_day
  ································································································
  2022-03-10   A1    1     ANAB   BEARISH    0.38    29.21   29.15  +$0.06  +0.21%  WIN     trailing_stop_ma20
  2022-03-10   A1    2     CVNA   BEARISH    0.37   108.17  108.20  -$0.03  -0.03%  LOSS    hard_stop
                                  [REV]             110.01  113.56  +$3.55  +3.23%  WIN     end_of_day
  2022-03-10   A1    3     FN     BEARISH    0.18    97.45   97.46  -$0.01  -0.01%  LOSS    hard_stop
                                  [REV]              97.69   98.25  +$0.56  +0.57%  WIN     trailing_stop_ma20
  ································································································
  2022-03-10   A2    1     PLTR   BEARISH    0.85    11.78   11.79  -$0.01  -0.08%  LOSS    hard_stop
                                  [REV]              11.92   11.87  -$0.05  -0.42%  LOSS    end_of_day
  2022-03-10   A2    2     SHOP   BEARISH    0.45   563.10  553.28  +$9.82  +1.74%  WIN     end_of_day
                                                                    -$1.80  +0.01%  5W/9L  │  cap: -$63.47 (-0.63%)  portfolio: $14711.99
  ────────────────────────────────────────────────────────────────────────────────────────────────
  2022-03-11   M1    1     APP    BEARISH    3.77    45.03   45.45  -$0.42  -0.93%  LOSS    hard_stop
  2022-03-11   M1    2     MU     BEARISH    2.44    73.72   73.33  +$0.39  +0.53%  WIN     trailing_stop_ma20
  2022-03-11   M1    3     META   BEARISH    1.47   189.51  189.84  -$0.33  -0.17%  LOSS    hard_stop
  ································································································
  2022-03-11   A1    1     ANAB   BEARISH    0.27    28.78   28.78  +$0.00  +0.00%  LOSS    hard_stop
                                  [REV]              28.81   28.78  -$0.03  -0.10%  LOSS    hard_stop
  2022-03-11   A1    2     FN     BEARISH    0.17    97.75   97.75  +$0.00  +0.00%  LOSS    fallback_20pct
                                  [REV]              97.79   98.22  +$0.43  +0.44%  WIN     trailing_stop_ma20
  ································································································
  2022-03-11   A2    1     COIN   BEARISH    0.58   161.42  161.49  -$0.07  -0.04%  LOSS    hard_stop
                                  [BRE]             160.98  160.08  +$0.90  +0.56%  WIN     end_of_day
  2022-03-11   A2    2     FANG   BEARISH    0.48   131.00  131.01  -$0.02  -0.02%  LOSS    fallback_20pct
                                  [BRE]             130.78  129.73  +$1.05  +0.80%  WIN     end_of_day
  2022-03-11   A2    3     MU     BEARISH    0.27    73.23   72.84  +$0.39  +0.53%  WIN     end_of_day
                                                                    +$2.29  +0.13%  5W/7L  │  cap: +$33.62 (+0.34%)  portfolio: $14745.60
  ────────────────────────────────────────────────────────────────────────────────────────────────
  2022-03-14   M1    1     MU     BEARISH    1.78    70.25   70.55  -$0.30  -0.43%  LOSS    fallback_20pct
                                  [REV]              72.20   71.13  -$1.08  -1.50%  LOSS    hard_stop
  2022-03-14   M1    2     FN     BEARISH    0.71    96.01   96.17  -$0.16  -0.17%  LOSS    hard_stop
                                  [BRE]              95.62   96.53  -$0.91  -0.95%  LOSS    hard_stop
  ································································································
  2022-03-14   A1    1     ANAB   BEARISH    0.27    27.89   27.89  +$0.00  +0.00%  LOSS    hard_stop
  2022-03-14   A1    2     FN     BEARISH    0.17    95.62   95.62  +$0.00  +0.00%  LOSS    fallback_20pct
                                  [REV]              96.05   96.29  +$0.24  +0.25%  WIN     trailing_stop_ma20
  2022-03-14   A1    3     META   BEARISH    0.11   186.98  186.99  -$0.01  -0.01%  LOSS    hard_stop
  ································································································
  2022-03-14   A2    1     RH     BEARISH    0.32   327.17  327.24  -$0.07  -0.02%  LOSS    fallback_20pct
                                  [REV]             328.20  327.17  -$1.03  -0.31%  LOSS    hard_stop
  2022-03-14   A2    2     FN     BEARISH    0.23    96.59   96.56  +$0.03  +0.03%  WIN     trailing_stop_ma20
                                                                    -$3.29  -0.28%  2W/9L  │  cap: -$138.04 (-1.38%)  portfolio: $14607.57
  ────────────────────────────────────────────────────────────────────────────────────────────────
  2022-03-15   M1    1     CVNA   BEARISH    3.20   105.68  106.19  -$0.51  -0.48%  LOSS    fallback_20pct
                                  [REV]             111.71  120.28  +$8.57  +7.67%  WIN     end_of_day
  2022-03-15   M1    2     APP    BEARISH    1.88    43.70   43.77  -$0.07  -0.16%  LOSS    fallback_20pct
                                  [REV]              44.92   45.41  +$0.48  +1.07%  WIN     trailing_stop_ma20
  2022-03-15   M1    3     COIN   BEARISH    1.52   151.50  151.90  -$0.40  -0.26%  LOSS    hard_stop
                                  [REV]             155.10  155.89  +$0.79  +0.51%  WIN     end_of_day
  ································································································
  2022-03-15   A1    1     APP    BEARISH    0.42    44.45   44.46  -$0.01  -0.02%  LOSS    hard_stop
                                  [REV]              44.92   44.45  -$0.47  -1.05%  LOSS    hard_stop
  2022-03-15   A1    2     FANG   BEARISH    0.40   124.38  124.50  -$0.12  -0.10%  LOSS    fallback_20pct
                                  [REV]             125.36  124.69  -$0.67  -0.53%  LOSS    hard_stop
  2022-03-15   A1    3     RH     BEARISH    0.38   331.25  331.40  -$0.15  -0.05%  LOSS    fallback_20pct
                                  [REV]             332.01  340.35  +$8.34  +2.51%  WIN     end_of_day
  ································································································
  2022-03-15   A2    1     ANAB   BEARISH    0.48    25.70   25.70  +$0.00  +0.00%  LOSS    hard_stop
                                  [REV]              26.02   26.56  +$0.54  +2.08%  WIN     end_of_day
  2022-03-15   A2    2     RH     BULLISH    0.30   339.28  340.35  +$1.07  +0.32%  WIN     end_of_day
  2022-03-15   A2    3     MU     BULLISH    0.29    72.79   73.11  +$0.32  +0.44%  WIN     end_of_day
                                                                   +$17.71  +0.75%  7W/9L  │  cap: +$494.18 (+4.94%)  portfolio: $15101.75
  ────────────────────────────────────────────────────────────────────────────────────────────────
  2022-03-16   M1    1     APP    BULLISH    1.99    48.31   49.56  +$1.25  +2.59%  WIN     trailing_stop_ma20
  2022-03-16   M1    2     MU     BULLISH    1.61    77.98   78.21  +$0.22  +0.28%  WIN     trailing_stop_ma20
  2022-03-16   M1    3     RH     BULLISH    1.54   353.28  351.48  -$1.80  -0.51%  LOSS    fallback_20pct
                                  [BRU]             355.87  350.43  -$5.44  -1.53%  LOSS    hard_stop
  ································································································
  2022-03-16   A1    1     APP    BEARISH    0.52    48.61   48.63  -$0.02  -0.04%  LOSS    fallback_20pct
                                  [REV]              49.02   48.79  -$0.23  -0.47%  LOSS    trailing_stop_ma20
  2022-03-16   A1    2     COIN   BEARISH    0.45   166.77  166.93  -$0.16  -0.10%  LOSS    hard_stop
                                  [REV]             168.46  167.32  -$1.15  -0.68%  LOSS    hard_stop
  2022-03-16   A1    3     AMD    BEARISH    0.38   111.92  111.98  -$0.05  -0.04%  LOSS    hard_stop
                                  [REV]             112.69  112.18  -$0.51  -0.45%  LOSS    hard_stop
  ································································································
  2022-03-16   A2    1     CVNA   BULLISH    0.98   127.84  127.56  -$0.28  -0.22%  LOSS    fallback_20pct
                                  [BRU]             128.04  129.44  +$1.39  +1.09%  WIN     end_of_day
  2022-03-16   A2    2     COIN   BULLISH    0.83   166.54  172.50  +$5.97  +3.58%  WIN     end_of_day
  2022-03-16   A2    3     PLTR   BULLISH    0.76    11.64   11.80  +$0.16  +1.37%  WIN     end_of_day
                                                                    -$0.65  +0.35%  5W/9L  │  cap: +$216.72 (+2.17%)  portfolio: $15318.46
  ────────────────────────────────────────────────────────────────────────────────────────────────
  2022-03-17   M1    1     CVNA   BULLISH    3.36   130.49  129.44  -$1.05  -0.80%  LOSS    fallback_20pct
                                  [BRU]             131.26  134.77  +$3.52  +2.68%  WIN     end_of_day
  2022-03-17   M1    2     APP    BULLISH    2.18    50.68   50.49  -$0.19  -0.37%  LOSS    fallback_20pct
                                  [BRU]              51.74   52.50  +$0.76  +1.47%  WIN     end_of_day
  2022-03-17   M1    3     SHOP   BULLISH    2.02   623.02  620.88  -$2.13  -0.34%  LOSS    fallback_20pct
                                  [BRU]             624.86  652.26 +$27.39  +4.38%  WIN     trailing_stop_ma20
  ································································································
  2022-03-17   A1    1     PLTR   BULLISH    1.66    12.16   12.24  +$0.09  +0.74%  WIN     trailing_stop_ma20
  2022-03-17   A1    2     APP    BULLISH    0.56    51.89   52.41  +$0.52  +1.00%  WIN     trailing_stop_ma20
  2022-03-17   A1    3     COIN   BEARISH    0.19   174.31  174.31  +$0.00  +0.00%  LOSS    fallback_20pct
                                  [REV]             175.41  175.12  -$0.29  -0.17%  LOSS    trailing_stop_ma20
  ································································································
  2022-03-17   A2    1     COIN   BULLISH    0.88   176.45  176.38  -$0.07  -0.04%  LOSS    fallback_20pct
                                  [BRU]             176.69  177.15  +$0.46  +0.26%  WIN     end_of_day
  2022-03-17   A2    2     CVNA   BULLISH    0.63   135.48  135.57  +$0.09  +0.07%  WIN     fallback_20pct
  2022-03-17   A2    3     PLTR   BULLISH    0.50    12.34   12.34  +$0.00  +0.00%  LOSS    fallback_20pct
                                  [BRU]              12.35   12.33  -$0.02  -0.16%  LOSS    hard_stop
                                                                   +$29.08  +0.58%  7W/8L  │  cap: +$282.64 (+2.83%)  portfolio: $15601.11
  ────────────────────────────────────────────────────────────────────────────────────────────────
  2022-03-18   M1    1     CVNA   BULLISH    3.85   140.66  139.55  -$1.11  -0.79%  LOSS    hard_stop
  2022-03-18   M1    2     NVDA   BULLISH    1.84   254.00  260.14  +$6.14  +2.42%  WIN     trailing_stop_ma20
  2022-03-18   M1    3     APP    BEARISH    1.70    52.40   52.54  -$0.14  -0.27%  LOSS    fallback_20pct
                                  [REV]              53.56   55.10  +$1.54  +2.88%  WIN     trailing_stop_ma20
  ································································································
  2022-03-18   A1    1     PLTR   BEARISH    1.09    12.82   12.83  -$0.01  -0.08%  LOSS    fallback_20pct
                                  [BRE]              12.79   12.86  -$0.07  -0.55%  LOSS    hard_stop
  2022-03-18   A1    2     APP    BEARISH    0.62    55.18   55.24  -$0.06  -0.11%  LOSS    fallback_20pct
                                  [REV]              55.51   55.34  -$0.17  -0.31%  LOSS    hard_stop
  2022-03-18   A1    3     AMD    BEARISH    0.28   113.42  113.46  -$0.04  -0.04%  LOSS    hard_stop
                                  [REV]             113.79  113.57  -$0.22  -0.19%  LOSS    hard_stop
  ································································································
  2022-03-18   A2    1     CVNA   BEARISH    0.61   142.15  142.27  -$0.12  -0.08%  LOSS    hard_stop
  2022-03-18   A2    2     SHOP   BULLISH    0.54   680.00  679.58  -$0.42  -0.06%  LOSS    hard_stop
                                  [BRU]             682.99  692.95  +$9.96  +1.46%  WIN     end_of_day
  2022-03-18   A2    3     AMD    BULLISH    0.29   113.43  113.40  -$0.03  -0.03%  LOSS    hard_stop
                                                                   +$15.25  +0.30%  3W/11L  │  cap: +$73.81 (+0.74%)  portfolio: $15674.91
  ────────────────────────────────────────────────────────────────────────────────────────────────
  2022-03-21   M1    1     SHOP   BEARISH    2.79   676.72  670.58  +$6.14  +0.91%  WIN     trailing_stop_ma20
  2022-03-21   M1    2     CVNA   BULLISH    1.85   142.27  137.96  -$4.31  -3.03%  LOSS    fallback_20pct
  2022-03-21   M1    3     PLTR   BULLISH    1.69    13.00   12.96  -$0.04  -0.31%  LOSS    fallback_20pct
  ································································································
  2022-03-21   A1    1     CVNA   BEARISH    0.85   136.00  136.21  -$0.21  -0.15%  LOSS    hard_stop
  2022-03-21   A1    2     MU     BEARISH    0.54    76.59   76.68  -$0.09  -0.12%  LOSS    hard_stop
  2022-03-21   A1    3     RH     BEARISH    0.47   365.88  366.05  -$0.16  -0.04%  LOSS    hard_stop
                                  [REV]             367.94  367.75  -$0.19  -0.05%  LOSS    trailing_stop_ma20
  ································································································
  2022-03-21   A2    1     ANAB   BEARISH    0.48    26.46   26.46  +$0.00  +0.00%  LOSS    fallback_20pct
                                  [REV]              26.49   26.49  +$0.00  +0.00%  LOSS    end_of_day
  2022-03-21   A2    2     SHOP   BEARISH    0.37   680.31  680.45  -$0.14  -0.02%  LOSS    fallback_20pct
                                  [REV]             686.07  686.26  +$0.18  +0.03%  WIN     trailing_stop_ma20
  2022-03-21   A2    3     RH     BULLISH    0.30   367.23  365.49  -$1.74  -0.47%  LOSS    fallback_20pct
                                  [BRU]             367.94  367.12  -$0.82  -0.22%  LOSS    hard_stop
                                                                    -$1.38  -0.27%  2W/11L  │  cap: -$78.43 (-0.78%)  portfolio: $15596.48
  ────────────────────────────────────────────────────────────────────────────────────────────────
  2022-03-22   M1    1     ANAB   BEARISH    1.54    25.60   25.69  -$0.09  -0.35%  LOSS    fallback_20pct
                                  [BRE]              25.54   25.21  +$0.34  +1.33%  WIN     trailing_stop_ma20
  2022-03-22   M1    2     SHOP   BEARISH    1.53   683.50  684.20  -$0.69  -0.10%  LOSS    hard_stop
                                  [REV]             699.67  708.92  +$9.25  +1.32%  WIN     trailing_stop_ma20
  2022-03-22   M1    3     COIN   BULLISH    1.25   183.13  182.63  -$0.50  -0.27%  LOSS    fallback_20pct
                                  [BRU]             185.48  185.81  +$0.33  +0.18%  WIN     end_of_day
  ································································································
  2022-03-22   A1    1     ANAB   BEARISH    0.27    24.97   24.97  +$0.00  +0.00%  LOSS    fallback_20pct
                                  [REV]              25.10   24.97  -$0.13  -0.52%  LOSS    hard_stop
  2022-03-22   A1    2     FANG   BULLISH    0.24   137.06  136.87  -$0.19  -0.14%  LOSS    fallback_20pct
                                  [BRU]             137.10  137.26  +$0.16  +0.12%  WIN     trailing_stop_ma20
  2022-03-22   A1    3     RH     BULLISH    0.21   376.89  375.22  -$1.67  -0.44%  LOSS    fallback_20pct
                                  [BRU]             377.36  376.86  -$0.50  -0.13%  LOSS    hard_stop
  ································································································
  2022-03-22   A2    1     SHOP   BULLISH    0.36   729.51  729.28  -$0.23  -0.03%  LOSS    hard_stop
                                  [BRU]             729.56  728.76  -$0.80  -0.11%  LOSS    hard_stop
  2022-03-22   A2    2     META   BULLISH    0.35   217.67  217.54  -$0.13  -0.06%  LOSS    hard_stop
  2022-03-22   A2    3     RH     BULLISH    0.29   378.08  378.05  -$0.02  -0.01%  LOSS    hard_stop
                                                                    +$5.13  +0.05%  4W/12L  │  cap: +$36.33 (+0.36%)  portfolio: $15632.82
  ────────────────────────────────────────────────────────────────────────────────────────────────
  2022-03-23   M1    1     MU     BEARISH    1.01    77.01   77.10  -$0.09  -0.12%  LOSS    hard_stop
  2022-03-23   M1    2     FANG   BULLISH    0.42   140.80  140.03  -$0.77  -0.55%  LOSS    fallback_20pct
                                  [BRU]             141.63  142.56  +$0.93  +0.66%  WIN     end_of_day
  ································································································
  2022-03-23   A1    1     CVNA   BEARISH    1.12   142.98  143.34  -$0.36  -0.25%  LOSS    hard_stop
  2022-03-23   A1    2     TSLA   BEARISH    0.65   998.68 1000.19  -$1.51  -0.15%  LOSS    hard_stop
                                  [REV]            1008.85 1003.72  -$5.13  -0.51%  LOSS    hard_stop
  2022-03-23   A1    3     COIN   BEARISH    0.34   184.69  184.80  -$0.11  -0.06%  LOSS    hard_stop
                                  [BRE]             183.96  184.10  -$0.14  -0.08%  LOSS    trailing_stop_ma20
  ································································································
  2022-03-23   A2    1     SHOP   BULLISH    0.49   711.77  708.61  -$3.16  -0.44%  LOSS    fallback_20pct
  2022-03-23   A2    2     FN     BEARISH    0.19   102.92  102.92  +$0.00  +0.00%  LOSS    fallback_20pct
                                  [REV]             103.12  103.30  +$0.18  +0.17%  WIN     trailing_stop_ma20
  2022-03-23   A2    3     TSLA   BULLISH    0.19  1001.65  995.19  -$6.46  -0.64%  LOSS    fallback_20pct
                                                                   -$16.62  -0.16%  2W/10L  │  cap: -$67.38 (-0.67%)  portfolio: $15565.43
  ────────────────────────────────────────────────────────────────────────────────────────────────
  2022-03-24   M1    1     CVNA   BEARISH    2.98   137.22  137.56  -$0.34  -0.25%  LOSS    hard_stop
  2022-03-24   M1    2     APP    BEARISH    2.21    54.67   54.88  -$0.21  -0.38%  LOSS    hard_stop
                                  [BRE]              54.31   55.41  -$1.10  -2.03%  LOSS    hard_stop
  2022-03-24   M1    3     NVDA   BULLISH    1.53   265.07  264.00  -$1.07  -0.40%  LOSS    fallback_20pct
                                  [BRU]             266.61  278.06 +$11.45  +4.29%  WIN     trailing_stop_ma20
  ································································································
  2022-03-24   A1    1     PLTR   BULLISH    0.94    13.28   13.26  -$0.02  -0.15%  LOSS    fallback_20pct
                                  [BRU]              13.32   13.40  +$0.07  +0.53%  WIN     end_of_day
  2022-03-24   A1    2     APP    BULLISH    0.37    55.58   55.54  -$0.04  -0.07%  LOSS    fallback_20pct
  2022-03-24   A1    3     CVNA   BULLISH    0.35   144.05  148.56  +$4.51  +3.13%  WIN     end_of_day
  ································································································
  2022-03-24   A2    1     COIN   BEARISH    1.12   189.12  189.21  -$0.09  -0.05%  LOSS    fallback_20pct
                                  [REV]             189.78  189.82  +$0.04  +0.02%  WIN     trailing_stop_ma20
  2022-03-24   A2    2     AMD    BEARISH    0.42   119.05  119.16  -$0.11  -0.09%  LOSS    fallback_20pct
                                  [REV]             119.84  120.53  +$0.69  +0.58%  WIN     end_of_day
  2022-03-24   A2    3     FN     BULLISH    0.34   105.23  105.53  +$0.30  +0.29%  WIN     end_of_day
                                                                   +$14.08  +0.39%  6W/8L  │  cap: +$91.31 (+0.91%)  portfolio: $15656.74
  ────────────────────────────────────────────────────────────────────────────────────────────────
  2022-03-25   M1    1     CVNA   BEARISH    3.82   141.67  129.89 +$11.78  +8.32%  WIN     trailing_stop_ma20
  2022-03-25   M1    2     SHOP   BEARISH    1.62   691.80  693.25  -$1.45  -0.21%  LOSS    hard_stop
  2022-03-25   M1    3     META   BULLISH    1.40   224.08  223.49  -$0.59  -0.26%  LOSS    hard_stop
                                  [BRU]             224.53  221.68  -$2.85  -1.27%  LOSS    hard_stop
  ································································································
  2022-03-25   A1    1     MU     BULLISH    0.40    77.37   77.32  -$0.05  -0.06%  LOSS    fallback_20pct
                                  [BRU]              77.41   77.57  +$0.16  +0.21%  WIN     trailing_stop_ma20
  2022-03-25   A1    2     AMD    BULLISH    0.39   118.36  118.29  -$0.07  -0.06%  LOSS    fallback_20pct
                                  [BRU]             118.52  119.03  +$0.51  +0.43%  WIN     trailing_stop_ma20
  2022-03-25   A1    3     ANAB   BULLISH    0.29    26.00   25.92  -$0.07  -0.27%  LOSS    fallback_20pct
                                  [BRU]              26.00   25.99  -$0.01  -0.04%  LOSS    hard_stop
  ································································································
  2022-03-25   A2    1     COIN   BEARISH    1.30   186.59  186.78  -$0.19  -0.10%  LOSS    fallback_20pct
                                  [BRE]             186.00  187.06  -$1.06  -0.57%  LOSS    hard_stop
  2022-03-25   A2    2     ANAB   BEARISH    0.56    25.49   25.49  +$0.00  +0.00%  LOSS    fallback_20pct
                                  [REV]              25.59   25.49  -$0.10  -0.39%  LOSS    hard_stop
  2022-03-25   A2    3     SHOP   BEARISH    0.30   675.70  675.78  -$0.08  -0.01%  LOSS    hard_stop
                                                                    +$5.93  +0.38%  3W/12L  │  cap: +$344.03 (+3.44%)  portfolio: $16000.77
  ────────────────────────────────────────────────────────────────────────────────────────────────
  2022-03-28   M1    1     CVNA   BEARISH    3.33   123.38  123.87  -$0.49  -0.40%  LOSS    hard_stop
                                  [REV]             128.06  129.79  +$1.73  +1.35%  WIN     end_of_day
  2022-03-28   M1    2     SHOP   BULLISH    2.26   702.60  703.01  +$0.41  +0.06%  WIN     hard_stop
  2022-03-28   M1    3     COIN   BULLISH    1.85   199.80  199.94  +$0.14  +0.07%  WIN     fallback_20pct
                                  [BRU]             201.89  201.39  -$0.50  -0.25%  LOSS    end_of_day
  ································································································
  2022-03-28   A1    1     ANAB   BEARISH    0.34    24.83   24.76  +$0.07  +0.28%  WIN     trailing_stop_ma20
  2022-03-28   A1    2     COIN   BULLISH    0.24   198.83  201.39  +$2.56  +1.29%  WIN     trailing_stop_ma20
  2022-03-28   A1    3     META   BULLISH    0.11   221.22  223.61  +$2.39  +1.08%  WIN     end_of_day
  ································································································
  2022-03-28   A2    1     FANG   BEARISH    0.31   139.83  139.88  -$0.05  -0.04%  LOSS    hard_stop
  2022-03-28   A2    2     SHOP   BULLISH    0.28   698.78  701.57  +$2.79  +0.40%  WIN     end_of_day
                                                                    +$9.05  +0.38%  7W/3L  │  cap: +$130.87 (+1.31%)  portfolio: $16131.64
  ────────────────────────────────────────────────────────────────────────────────────────────────
  2022-03-29   M1    1     ANAB   BULLISH    2.19    25.56   25.54  -$0.02  -0.08%  LOSS    hard_stop
  2022-03-29   M1    2     APP    BULLISH    1.76    55.85   55.38  -$0.47  -0.84%  LOSS    fallback_20pct
                                  [BRU]              56.66   56.00  -$0.66  -1.16%  LOSS    end_of_day
  2022-03-29   M1    3     EXPE   BULLISH    1.06   201.50  201.15  -$0.35  -0.17%  LOSS    hard_stop
  ································································································
  2022-03-29   A1    1     APP    BEARISH    0.34    55.82   55.84  -$0.02  -0.04%  LOSS    hard_stop
                                  [REV]              55.87   55.82  -$0.05  -0.09%  LOSS    hard_stop
  2022-03-29   A1    2     TSLA   BEARISH    0.24  1095.82 1095.85  -$0.03  -0.00%  LOSS    hard_stop
  ································································································
  2022-03-29   A2    1     AMD    BULLISH    0.34   122.99  122.93  -$0.06  -0.05%  LOSS    hard_stop
  2022-03-29   A2    2     META   BULLISH    0.28   230.30  230.23  -$0.07  -0.03%  LOSS    hard_stop
  2022-03-29   A2    3     FN     BULLISH    0.24   107.53  107.48  -$0.05  -0.05%  LOSS    hard_stop
                                                                    -$1.78  -0.25%  0W/10L  │  cap: -$78.13 (-0.78%)  portfolio: $16053.51
  ────────────────────────────────────────────────────────────────────────────────────────────────
  2022-03-30   M1    1     RH     BEARISH    1.74   347.16  339.82  +$7.35  +2.12%  WIN     trailing_stop_ma20
  2022-03-30   M1    2     ANAB   BEARISH    1.49    25.04   24.55  +$0.49  +1.96%  WIN     end_of_day
  2022-03-30   M1    3     MU     BULLISH    1.26    84.81   84.94  +$0.13  +0.15%  WIN     fallback_20pct
  ································································································
  2022-03-30   A1    1     CVNA   BEARISH    1.40   128.30  128.47  -$0.17  -0.13%  LOSS    hard_stop
                                  [BRE]             127.91  125.92  +$1.99  +1.56%  WIN     end_of_day
  2022-03-30   A1    2     PLTR   BEARISH    1.01    14.05   13.86  +$0.19  +1.35%  WIN     trailing_stop_ma20
  2022-03-30   A1    3     APP    BEARISH    0.57    55.64   55.61  +$0.04  +0.07%  WIN     trailing_stop_ma20
  ································································································
  2022-03-30   A2    1     COIN   BEARISH    1.16   197.34  196.75  +$0.59  +0.30%  WIN     end_of_day
  2022-03-30   A2    2     ANAB   BEARISH    0.48    24.39   24.39  +$0.00  +0.00%  LOSS    hard_stop
                                  [REV]              24.56   24.55  -$0.01  -0.04%  LOSS    end_of_day
  2022-03-30   A2    3     SHOP   BEARISH    0.42   704.25  704.00  +$0.25  +0.04%  WIN     end_of_day
                                                                   +$10.85  +0.67%  8W/3L  │  cap: +$297.54 (+2.98%)  portfolio: $16351.05
  ────────────────────────────────────────────────────────────────────────────────────────────────
  2022-03-31   M1    1     APP    BEARISH    1.77    54.82   54.96  -$0.14  -0.26%  LOSS    fallback_20pct
                                  [REV]              55.81   55.27  -$0.54  -0.97%  LOSS    hard_stop
  2022-03-31   M1    2     SHOP   BEARISH    1.75   691.51  691.64  -$0.13  -0.02%  LOSS    hard_stop
                                  [BRE]             687.00  698.40 -$11.39  -1.66%  LOSS    hard_stop
  2022-03-31   M1    3     RH     BEARISH    1.41   324.82  325.74  -$0.92  -0.28%  LOSS    hard_stop
                                  [BRE]             324.68  325.48  -$0.80  -0.25%  LOSS    end_of_day
  ································································································
  2022-03-31   A1    1     SHOP   BEARISH    0.39   684.02  684.33  -$0.31  -0.05%  LOSS    fallback_20pct
                                  [REV]             686.96  687.30  +$0.34  +0.05%  WIN     trailing_stop_ma20
  2022-03-31   A1    2     RH     BEARISH    0.26   325.15  325.22  -$0.07  -0.02%  LOSS    hard_stop
  2022-03-31   A1    3     FANG   BEARISH    0.19   139.94  139.97  -$0.03  -0.02%  LOSS    fallback_20pct
                                  [REV]             140.02  140.17  +$0.15  +0.11%  WIN     trailing_stop_ma20
  ································································································
  2022-03-31   A2    1     APP    BULLISH    0.17    55.79   55.77  -$0.02  -0.04%  LOSS    hard_stop
  2022-03-31   A2    2     FN     BEARISH    0.12   105.29  105.12  +$0.18  +0.17%  WIN     end_of_day
                                                                   -$13.68  -0.25%  3W/10L  │  cap: -$117.49 (-1.17%)  portfolio: $16233.57
  ────────────────────────────────────────────────────────────────────────────────────────────────
  2022-04-01   M1    1     CVNA   BEARISH    2.66   118.51  118.80  -$0.29  -0.24%  LOSS    fallback_20pct
                                  [REV]             122.57  119.70  -$2.87  -2.34%  LOSS    hard_stop
  2022-04-01   M1    2     ANAB   BEARISH    1.42    24.58   24.64  -$0.06  -0.24%  LOSS    fallback_20pct
                                  [REV]              24.92   25.25  +$0.33  +1.32%  WIN     trailing_stop_ma20
  2022-04-01   M1    3     MU     BEARISH    1.26    77.50   74.69  +$2.81  +3.63%  WIN     trailing_stop_ma20
  ································································································
  2022-04-01   A1    1     APP    BEARISH    0.27    52.80   52.80  +$0.00  +0.00%  LOSS    fallback_20pct
                                  [REV]              52.87   52.99  +$0.12  +0.23%  WIN     trailing_stop_ma20
  2022-04-01   A1    2     RH     BEARISH    0.22   321.60  321.62  -$0.02  -0.01%  LOSS    hard_stop
  2022-04-01   A1    3     FANG   BEARISH    0.21   137.26  137.27  -$0.01  -0.01%  LOSS    hard_stop
                                  [REV]             137.56  137.51  -$0.05  -0.04%  LOSS    trailing_stop_ma20
                                                                    -$0.04  +0.23%  3W/7L  │  cap: -$14.13 (-0.14%)  portfolio: $16219.44
  ────────────────────────────────────────────────────────────────────────────────────────────────
  2022-04-04   M1    1     CVNA   BULLISH    5.02   129.35  127.69  -$1.67  -1.29%  LOSS    fallback_20pct
                                  [BRU]             131.38  132.85  +$1.47  +1.12%  WIN     end_of_day
  2022-04-04   M1    2     APP    BULLISH    2.44    55.12   57.83  +$2.70  +4.90%  WIN     trailing_stop_ma20
  2022-04-04   M1    3     SHOP   BULLISH    1.89   714.47  711.36  -$3.11  -0.44%  LOSS    hard_stop
                                  [BRU]             718.64  726.57  +$7.93  +1.10%  WIN     end_of_day
  ································································································
  2022-04-04   A1    1     PLTR   BULLISH    0.81    14.59   14.58  -$0.01  -0.07%  LOSS    hard_stop
                                  [BRU]              14.60   14.62  +$0.02  +0.14%  WIN     end_of_day
  2022-04-04   A1    2     COIN   BULLISH    0.61   192.44  192.26  -$0.18  -0.09%  LOSS    fallback_20pct
                                  [BRU]             192.62  192.00  -$0.62  -0.32%  LOSS    hard_stop
  2022-04-04   A1    3     APP    BULLISH    0.28    57.89   57.83  -$0.06  -0.10%  LOSS    fallback_20pct
                                  [BRU]              57.94   57.88  -$0.06  -0.10%  LOSS    hard_stop
  ································································································
  2022-04-04   A2    1     COIN   BULLISH    0.63   191.46  191.60  +$0.13  +0.07%  WIN     hard_stop
  2022-04-04   A2    2     AMD    BULLISH    0.26   109.85  110.54  +$0.69  +0.63%  WIN     end_of_day
  2022-04-04   A2    3     FANG   BULLISH    0.21   139.32  139.49  +$0.18  +0.13%  WIN     end_of_day
                                                                    +$7.41  +0.40%  7W/7L  │  cap: +$163.49 (+1.63%)  portfolio: $16382.93
  ────────────────────────────────────────────────────────────────────────────────────────────────
  2022-04-05   M1    1     CVNA   BEARISH    3.53   124.01  120.64  +$3.37  +2.72%  WIN     trailing_stop_ma20
  2022-04-05   M1    2     APP    BEARISH    1.74    56.49   54.79  +$1.70  +3.01%  WIN     trailing_stop_ma20
  2022-04-05   M1    3     MU     BEARISH    1.34    76.74   74.97  +$1.77  +2.31%  WIN     trailing_stop_ma20
  ································································································
  2022-04-05   A1    1     APP    BEARISH    0.37    54.65   54.68  -$0.03  -0.05%  LOSS    fallback_20pct
                                  [REV]              54.83   54.95  +$0.12  +0.22%  WIN     trailing_stop_ma20
  2022-04-05   A1    2     ANAB   BEARISH    0.18    25.41   25.10  +$0.31  +1.22%  WIN     end_of_day
  2022-04-05   A1    3     FN     BEARISH    0.11   106.35  106.36  -$0.01  -0.01%  LOSS    hard_stop
  ································································································
  2022-04-05   A2    1     ANAB   BEARISH    0.53    25.07   25.07  +$0.00  +0.00%  LOSS    fallback_20pct
                                  [REV]              25.12   25.12  +$0.01  +0.04%  WIN     trailing_stop_ma20
  2022-04-05   A2    2     PLTR   BEARISH    0.46    13.86   13.87  -$0.01  -0.07%  LOSS    hard_stop
                                  [REV]              13.92   13.89  -$0.03  -0.22%  LOSS    hard_stop
  2022-04-05   A2    3     META   BEARISH    0.32   232.12  231.86  +$0.26  +0.11%  WIN     end_of_day
                                                                    +$7.46  +0.77%  7W/5L  │  cap: +$313.57 (+3.14%)  portfolio: $16696.50
  ────────────────────────────────────────────────────────────────────────────────────────────────
  2022-04-06   M1    1     CVNA   BEARISH    3.46   112.09  112.44  -$0.35  -0.31%  LOSS    hard_stop
                                  [BRE]             110.94  114.33  -$3.39  -3.06%  LOSS    hard_stop
  2022-04-06   M1    2     SHOP   BEARISH    2.49   657.11  643.90 +$13.22  +2.01%  WIN     trailing_stop_ma20
  2022-04-06   M1    3     APP    BEARISH    1.91    52.28   52.30  -$0.02  -0.04%  LOSS    hard_stop
  ································································································
  2022-04-06   A1    1     FANG   BEARISH    0.19   135.64  135.16  +$0.48  +0.35%  WIN     trailing_stop_ma20
                                                                    +$9.94  -0.21%  2W/3L  │  cap: -$91.31 (-0.91%)  portfolio: $16605.20
  ────────────────────────────────────────────────────────────────────────────────────────────────
  2022-04-07   M1    1     CVNA   BEARISH    3.22   111.32  111.95  -$0.64  -0.57%  LOSS    hard_stop
                                  [BRE]             110.27  111.22  -$0.95  -0.86%  LOSS    end_of_day
  2022-04-07   M1    2     SHOP   BEARISH    2.01   647.28  649.97  -$2.69  -0.42%  LOSS    hard_stop
                                  [BRE]             646.26  629.93 +$16.34  +2.53%  WIN     trailing_stop_ma20
  2022-04-07   M1    3     APP    BEARISH    1.83    52.36   52.54  -$0.18  -0.34%  LOSS    fallback_20pct
                                  [BRE]              52.33   52.82  -$0.49  -0.94%  LOSS    hard_stop
  ································································································
  2022-04-07   A1    1     FN     BEARISH    0.10   100.93  100.93  +$0.00  +0.00%  LOSS    fallback_20pct
                                  [REV]             101.20  101.33  +$0.14  +0.14%  WIN     trailing_stop_ma20
                                                                   +$11.53  -0.06%  2W/6L  │  cap: -$27.15 (-0.27%)  portfolio: $16578.05
  ────────────────────────────────────────────────────────────────────────────────────────────────
  2022-04-08   M1    1     SHOP   BEARISH    1.60   622.71  614.22  +$8.49  +1.36%  WIN     trailing_stop_ma20
  2022-04-08   M1    2     APP    BEARISH    1.59    51.16   51.29  -$0.13  -0.25%  LOSS    fallback_20pct
                                  [REV]              52.15   51.47  -$0.68  -1.30%  LOSS    hard_stop
  2022-04-08   M1    3     MU     BEARISH    1.41    71.53   71.73  -$0.20  -0.28%  LOSS    fallback_20pct
                                  [BRE]              71.20   72.13  -$0.93  -1.31%  LOSS    hard_stop
  ································································································
  2022-04-08   A1    1     COIN   BEARISH    0.60   162.12  162.00  +$0.12  +0.07%  WIN     trailing_stop_ma20
  2022-04-08   A1    2     APP    BEARISH    0.43    51.28   51.31  -$0.03  -0.06%  LOSS    hard_stop
  2022-04-08   A1    3     RH     BEARISH    0.28   337.43  337.56  -$0.13  -0.04%  LOSS    hard_stop
  ································································································
  2022-04-08   A2    1     EXPE   BEARISH    0.24   179.78  179.78  +$0.00  +0.00%  LOSS    hard_stop
                                  [BRE]             179.66  179.79  -$0.13  -0.07%  LOSS    end_of_day
  2022-04-08   A2    2     META   BEARISH    0.20   222.97  222.96  +$0.01  +0.00%  WIN     hard_stop
                                  [REV]             223.60  223.03  -$0.57  -0.25%  LOSS    hard_stop
  2022-04-08   A2    3     FN     BEARISH    0.18    98.72   98.27  +$0.45  +0.46%  WIN     end_of_day
                                                                    +$6.27  -0.13%  4W/9L  │  cap: -$11.13 (-0.11%)  portfolio: $16566.92
  ────────────────────────────────────────────────────────────────────────────────────────────────
  2022-04-11   A1    1     CVNA   BEARISH    1.14   106.52  106.60  -$0.08  -0.08%  LOSS    fallback_20pct
                                  [REV]             107.00  106.96  -$0.05  -0.05%  LOSS    trailing_stop_ma20
  2022-04-11   A1    2     COIN   BEARISH    0.59   154.30  154.39  -$0.09  -0.06%  LOSS    hard_stop
                                  [REV]             155.05  154.60  -$0.45  -0.29%  LOSS    hard_stop
  2022-04-11   A1    3     APP    BEARISH    0.33    49.84   49.86  -$0.02  -0.04%  LOSS    hard_stop
                                  [REV]              50.16   49.95  -$0.21  -0.42%  LOSS    trailing_stop_ma20
  ································································································
  2022-04-11   A2    1     ANAB   BEARISH    0.54    25.53   25.13  +$0.40  +1.57%  WIN     end_of_day
  2022-04-11   A2    2     RH     BEARISH    0.40   344.16  344.36  -$0.20  -0.06%  LOSS    fallback_20pct
                                  [REV]             345.47  344.66  -$0.81  -0.23%  LOSS    hard_stop
  2022-04-11   A2    3     MU     BEARISH    0.32    72.50   72.58  -$0.08  -0.11%  LOSS    fallback_20pct
                                  [BRE]              72.44   72.02  +$0.42  +0.58%  WIN     end_of_day
                                                                    -$1.17  +0.07%  2W/9L  │  cap: +$53.02 (+0.53%)  portfolio: $16619.95
  ────────────────────────────────────────────────────────────────────────────────────────────────
  2022-04-12   M1    1     ANAB   BEARISH    2.02    25.24   25.25  -$0.01  -0.04%  LOSS    fallback_20pct
                                  [BRE]              25.01   24.17  +$0.84  +3.36%  WIN     end_of_day
  ································································································
  2022-04-12   A1    1     PLTR   BEARISH    0.78    12.76   12.52  +$0.24  +1.88%  WIN     trailing_stop_ma20
  2022-04-12   A1    2     COIN   BEARISH    0.58   154.93  151.24  +$3.69  +2.38%  WIN     trailing_stop_ma20
  2022-04-12   A1    3     APP    BEARISH    0.23    50.65   50.67  -$0.02  -0.04%  LOSS    fallback_20pct
                                  [BRE]              50.62   49.67  +$0.95  +1.88%  WIN     trailing_stop_ma20
  ································································································
  2022-04-12   A2    1     COIN   BEARISH    0.56   150.29  150.32  -$0.03  -0.02%  LOSS    hard_stop
                                  [REV]             151.24  150.54  -$0.70  -0.46%  LOSS    hard_stop
  2022-04-12   A2    2     RH     BEARISH    0.51   345.95  346.23  -$0.28  -0.08%  LOSS    hard_stop
                                  [REV]             348.35  346.88  -$1.47  -0.42%  LOSS    hard_stop
  2022-04-12   A2    3     PLTR   BEARISH    0.45    12.46   12.46  -$0.01  -0.08%  LOSS    hard_stop
                                  [BRE]              12.44   12.48  -$0.04  -0.32%  LOSS    hard_stop
                                                                    +$3.16  +0.67%  4W/8L  │  cap: +$322.53 (+3.23%)  portfolio: $16942.48
  ────────────────────────────────────────────────────────────────────────────────────────────────
  2022-04-13   M1    1     ANAB   BEARISH    2.23    24.03   24.14  -$0.11  -0.46%  LOSS    hard_stop
                                  [BRE]              23.99   24.05  -$0.06  -0.25%  LOSS    end_of_day
  ································································································
  2022-04-13   A1    1     SHOP   BEARISH    0.67   609.45  610.27  -$0.83  -0.14%  LOSS    fallback_20pct
                                  [BRE]             605.55  603.74  +$1.81  +0.30%  WIN     end_of_day
  2022-04-13   A1    2     MU     BEARISH    0.38    72.49   72.53  -$0.04  -0.06%  LOSS    fallback_20pct
                                  [REV]              72.85   72.60  -$0.25  -0.34%  LOSS    hard_stop
  2022-04-13   A1    3     AMD    BEARISH    0.29    97.09   97.12  -$0.03  -0.03%  LOSS    fallback_20pct
                                  [REV]              97.35   97.20  -$0.16  -0.16%  LOSS    hard_stop
  ································································································
  2022-04-13   A2    1     COIN   BEARISH    0.68   153.66  153.86  -$0.20  -0.13%  LOSS    fallback_20pct
                                  [REV]             154.77  154.82  +$0.05  +0.03%  WIN     end_of_day
  2022-04-13   A2    2     SHOP   BEARISH    0.32   608.47  608.74  -$0.27  -0.04%  LOSS    fallback_20pct
                                  [REV]             610.25  609.14  -$1.12  -0.18%  LOSS    hard_stop
  2022-04-13   A2    3     RH     BEARISH    0.27   355.20  355.20  +$0.00  +0.00%  LOSS    hard_stop
                                  [REV]             355.49  355.20  -$0.29  -0.08%  LOSS    hard_stop
                                                                    -$1.50  -0.11%  2W/12L  │  cap: -$56.39 (-0.56%)  portfolio: $16886.09
  ────────────────────────────────────────────────────────────────────────────────────────────────
  2022-04-14   M1    1     CVNA   BEARISH    3.46   100.54  101.20  -$0.66  -0.66%  LOSS    hard_stop
                                  [BRE]             100.38  102.74  -$2.36  -2.35%  LOSS    hard_stop
  2022-04-14   M1    2     RH     BEARISH    1.76   353.00  335.19 +$17.81  +5.05%  WIN     trailing_stop_ma20
  2022-04-14   M1    3     APP    BEARISH    1.74    50.68   49.50  +$1.19  +2.35%  WIN     trailing_stop_ma20
  ································································································
  2022-04-14   A1    1     SHOP   BEARISH    0.41   584.16  584.39  -$0.22  -0.04%  LOSS    fallback_20pct
                                  [REV]             584.66  586.37  +$1.71  +0.29%  WIN     trailing_stop_ma20
  2022-04-14   A1    2     ANAB   BEARISH    0.32    23.20   22.89  +$0.31  +1.34%  WIN     end_of_day
  2022-04-14   A1    3     MU     BEARISH    0.28    70.72   70.73  -$0.01  -0.01%  LOSS    fallback_20pct
                                  [REV]              70.93   70.94  +$0.01  +0.01%  WIN     trailing_stop_ma20
  ································································································
  2022-04-14   A2    1     ANAB   BEARISH    0.42    22.82   22.82  +$0.00  +0.00%  LOSS    fallback_20pct
                                  [REV]              22.89   22.89  +$0.00  +0.00%  LOSS    end_of_day
  2022-04-14   A2    2     SHOP   BEARISH    0.24   584.35  584.44  -$0.09  -0.02%  LOSS    hard_stop
                                  [BRE]             582.87  579.16  +$3.71  +0.64%  WIN     end_of_day
                                                                   +$21.40  +0.51%  6W/7L  │  cap: +$119.85 (+1.20%)  portfolio: $17005.93
  ────────────────────────────────────────────────────────────────────────────────────────────────
  2022-04-18   M1    1     CVNA   BEARISH    3.08    96.49   96.55  -$0.06  -0.06%  LOSS    hard_stop
                                  [BRE]              94.89   97.94  -$3.05  -3.21%  LOSS    hard_stop
  2022-04-18   M1    2     APP    BEARISH    2.17    46.71   46.92  -$0.21  -0.45%  LOSS    fallback_20pct
                                  [BRE]              46.58   47.33  -$0.75  -1.61%  LOSS    hard_stop
  2022-04-18   M1    3     COIN   BEARISH    1.70   142.45  143.10  -$0.65  -0.46%  LOSS    hard_stop
                                  [REV]             146.90  145.16  -$1.74  -1.18%  LOSS    end_of_day
  ································································································
  2022-04-18   A1    1     ANAB   BEARISH    0.34    22.10   22.10  +$0.00  +0.00%  LOSS    hard_stop
  2022-04-18   A1    2     TSLA   BEARISH    0.24   992.00  992.24  -$0.24  -0.02%  LOSS    fallback_20pct
                                  [REV]             994.70 1005.82 +$11.12  +1.12%  WIN     trailing_stop_ma20
  ································································································
  2022-04-18   A2    1     COIN   BEARISH    0.57   146.32  146.43  -$0.11  -0.08%  LOSS    fallback_20pct
                                  [BRE]             146.05  145.16  +$0.89  +0.61%  WIN     end_of_day
  2022-04-18   A2    2     PLTR   BEARISH    0.41    12.14   12.14  +$0.00  +0.00%  LOSS    fallback_20pct
                                  [BRE]              12.12   12.14  -$0.02  -0.17%  LOSS    end_of_day
  2022-04-18   A2    3     ANAB   BEARISH    0.39    21.98   21.98  +$0.00  +0.00%  LOSS    hard_stop
                                  [REV]              22.16   22.26  +$0.10  +0.45%  WIN     trailing_stop_ma20
                                                                    +$5.28  -0.34%  3W/12L  │  cap: -$196.38 (-1.96%)  portfolio: $16809.56
  ────────────────────────────────────────────────────────────────────────────────────────────────
  2022-04-19   M1    1     ANAB   BEARISH    2.13    21.87   22.00  -$0.13  -0.59%  LOSS    fallback_20pct
  2022-04-19   M1    2     MU     BULLISH    1.10    71.56   72.81  +$1.25  +1.75%  WIN     trailing_stop_ma20
  ································································································
  2022-04-19   A1    1     PLTR   BULLISH    0.47    13.00   13.00  +$0.00  +0.00%  LOSS    fallback_20pct
  2022-04-19   A1    2     SHOP   BULLISH    0.41   610.84  609.51  -$1.34  -0.22%  LOSS    fallback_20pct
  ································································································
  2022-04-19   A2    1     COIN   BEARISH    0.44   149.78  149.80  -$0.03  -0.02%  LOSS    fallback_20pct
                                  [REV]             150.60  151.30  +$0.70  +0.46%  WIN     end_of_day
  2022-04-19   A2    2     PLTR   BEARISH    0.38    12.83   12.84  -$0.01  -0.08%  LOSS    hard_stop
                                  [REV]              12.88   12.92  +$0.04  +0.31%  WIN     end_of_day
  2022-04-19   A2    3     RH     BEARISH    0.28   348.54  348.57  -$0.03  -0.01%  LOSS    fallback_20pct
                                  [REV]             350.08  348.54  -$1.53  -0.44%  LOSS    hard_stop
                                                                    -$1.08  +0.12%  3W/7L  │  cap: +$36.42 (+0.36%)  portfolio: $16845.98
  ────────────────────────────────────────────────────────────────────────────────────────────────
  2022-04-20   M1    1     CVNA   BEARISH    3.73    96.07   93.71  +$2.36  +2.46%  WIN     trailing_stop_ma20
  2022-04-20   M1    2     APP    BEARISH    3.32    46.99   46.77  +$0.22  +0.47%  WIN     trailing_stop_ma20
  2022-04-20   M1    3     SHOP   BEARISH    2.70   562.07  541.82 +$20.25  +3.60%  WIN     trailing_stop_ma20
  ································································································
  2022-04-20   A1    1     SHOP   BEARISH    0.50   540.62  540.94  -$0.31  -0.06%  LOSS    fallback_20pct
                                  [BRE]             540.00  532.50  +$7.50  +1.39%  WIN     trailing_stop_ma20
  2022-04-20   A1    2     TSLA   BEARISH    0.47   985.60  986.06  -$0.46  -0.05%  LOSS    fallback_20pct
                                  [REV]             990.42  987.46  -$2.97  -0.30%  LOSS    hard_stop
  2022-04-20   A1    3     MU     BEARISH    0.45    73.50   73.57  -$0.07  -0.10%  LOSS    fallback_20pct
                                  [BRE]              73.38   73.17  +$0.21  +0.29%  WIN     trailing_stop_ma20
  ································································································
  2022-04-20   A2    1     EXPE   BEARISH    0.11   186.49  186.52  -$0.03  -0.02%  LOSS    hard_stop
                                  [REV]             186.96  186.51  -$0.46  -0.25%  LOSS    hard_stop
                                                                   +$26.24  +0.68%  5W/6L  │  cap: +$256.72 (+2.57%)  portfolio: $17102.70
  ────────────────────────────────────────────────────────────────────────────────────────────────
  2022-04-21   M1    1     CVNA   BEARISH    4.11    84.42   84.75  -$0.33  -0.39%  LOSS    hard_stop
                                  [REV]              90.73   86.77  -$3.96  -4.36%  LOSS    hard_stop
  2022-04-21   M1    2     ANAB   BEARISH    2.85    21.89   21.52  +$0.37  +1.69%  WIN     end_of_day
  2022-04-21   M1    3     SHOP   BEARISH    1.35   528.88  481.27 +$47.61  +9.00%  WIN     trailing_stop_ma20
  ································································································
  2022-04-21   A1    1     CVNA   BEARISH    1.69    84.31   84.51  -$0.20  -0.24%  LOSS    fallback_20pct
                                  [REV]              85.78   84.96  -$0.81  -0.94%  LOSS    hard_stop
  2022-04-21   A1    2     SHOP   BEARISH    0.63   484.68  484.87  -$0.19  -0.04%  LOSS    fallback_20pct
                                  [REV]             489.50  485.87  -$3.63  -0.74%  LOSS    hard_stop
  2022-04-21   A1    3     COIN   BEARISH    0.62   137.58  137.67  -$0.09  -0.07%  LOSS    fallback_20pct
                                  [REV]             139.03  137.80  -$1.23  -0.88%  LOSS    hard_stop
  ································································································
  2022-04-21   A2    1     COIN   BEARISH    0.55   135.87  135.94  -$0.07  -0.05%  LOSS    hard_stop
  2022-04-21   A2    2     ANAB   BEARISH    0.45    21.60   21.52  +$0.07  +0.32%  WIN     end_of_day
  2022-04-21   A2    3     SHOP   BEARISH    0.34   476.06  476.26  -$0.20  -0.04%  LOSS    hard_stop
                                  [REV]             481.27  480.72  -$0.55  -0.11%  LOSS    end_of_day
                                                                   +$36.79  +0.22%  3W/11L  │  cap: -$104.48 (-1.04%)  portfolio: $16998.22
  ────────────────────────────────────────────────────────────────────────────────────────────────
  2022-04-22   M1    1     NVDA   BEARISH    1.80   198.51  198.80  -$0.29  -0.15%  LOSS    fallback_20pct
                                  [BRE]             197.05  195.07  +$1.98  +1.00%  WIN     end_of_day
  2022-04-22   M1    2     TSLA   BEARISH    1.23   998.49  999.34  -$0.85  -0.09%  LOSS    fallback_20pct
                                  [REV]            1019.59 1006.68 -$12.91  -1.27%  LOSS    hard_stop
  2022-04-22   M1    3     MU     BEARISH    0.98    70.07   70.12  -$0.05  -0.07%  LOSS    fallback_20pct
                                  [REV]              70.74   70.32  -$0.43  -0.61%  LOSS    hard_stop
  ································································································
  2022-04-22   A1    1     CVNA   BEARISH    1.08    83.90   83.70  +$0.20  +0.24%  WIN     trailing_stop_ma20
  2022-04-22   A1    2     PLTR   BEARISH    0.49    12.04   12.02  +$0.02  +0.17%  WIN     trailing_stop_ma20
  2022-04-22   A1    3     ANAB   BEARISH    0.33    21.44   21.44  +$0.00  +0.00%  LOSS    fallback_20pct
                                  [REV]              21.68   22.07  +$0.39  +1.80%  WIN     end_of_day
  ································································································
  2022-04-22   A2    1     COIN   BEARISH    0.53   131.98  132.03  -$0.05  -0.04%  LOSS    fallback_20pct
                                  [REV]             132.88  132.16  -$0.72  -0.54%  LOSS    hard_stop
  2022-04-22   A2    2     SHOP   BEARISH    0.37   459.60  459.73  -$0.13  -0.03%  LOSS    fallback_20pct
                                  [REV]             465.20  461.71  -$3.49  -0.75%  LOSS    trailing_stop_ma20
  2022-04-22   A2    3     FANG   BEARISH    0.33   129.72  129.81  -$0.09  -0.07%  LOSS    fallback_20pct
                                  [REV]             130.35  130.55  +$0.20  +0.15%  WIN     trailing_stop_ma20
                                                                   -$16.22  -0.02%  5W/11L  │  cap: -$9.24 (-0.09%)  portfolio: $16988.98
  ────────────────────────────────────────────────────────────────────────────────────────────────
  2022-04-25   M1    1     MU     BEARISH    1.60    68.03   68.25  -$0.22  -0.32%  LOSS    fallback_20pct
                                  [REV]              69.55   68.72  -$0.83  -1.19%  LOSS    hard_stop
  2022-04-25   M1    2     NVDA   BEARISH    1.47   191.87  192.18  -$0.31  -0.16%  LOSS    fallback_20pct
                                  [REV]             196.55  193.80  -$2.75  -1.40%  LOSS    hard_stop
  ································································································
  2022-04-25   A2    1     CVNA   BEARISH    0.78    79.26   79.37  -$0.11  -0.14%  LOSS    hard_stop
                                  [REV]              80.78   81.28  +$0.50  +0.62%  WIN     end_of_day
  2022-04-25   A2    2     SHOP   BEARISH    0.62   454.66  454.83  -$0.17  -0.04%  LOSS    fallback_20pct
                                  [REV]             460.00  459.56  -$0.44  -0.10%  LOSS    end_of_day
  2022-04-25   A2    3     COIN   BEARISH    0.62   134.30  134.40  -$0.10  -0.07%  LOSS    hard_stop
                                  [REV]             135.26  134.63  -$0.63  -0.47%  LOSS    hard_stop
                                                                    -$5.06  -0.33%  1W/9L  │  cap: -$113.56 (-1.14%)  portfolio: $16875.42
  ────────────────────────────────────────────────────────────────────────────────────────────────
  2022-04-26   M1    1     CVNA   BEARISH    3.79    77.56   73.53  +$4.03  +5.20%  WIN     trailing_stop_ma20
  2022-04-26   M1    2     SHOP   BEARISH    2.33   442.70  443.65  -$0.95  -0.21%  LOSS    fallback_20pct
                                  [BRE]             436.46  428.37  +$8.08  +1.85%  WIN     end_of_day
  2022-04-26   M1    3     APP    BEARISH    1.70    40.04   37.93  +$2.11  +5.27%  WIN     trailing_stop_ma20
  ································································································
  2022-04-26   A1    1     COIN   BEARISH    0.53   128.37  128.40  -$0.03  -0.02%  LOSS    hard_stop
                                  [REV]             128.77  128.96  +$0.19  +0.15%  WIN     trailing_stop_ma20
  2022-04-26   A1    2     TSLA   BEARISH    0.40   885.80  886.25  -$0.45  -0.05%  LOSS    fallback_20pct
                                  [REV]             889.00  891.50  +$2.50  +0.28%  WIN     trailing_stop_ma20
  2022-04-26   A1    3     ANAB   BEARISH    0.34    22.99   22.99  +$0.00  +0.00%  LOSS    fallback_20pct
                                  [REV]              23.14   23.20  +$0.05  +0.22%  WIN     trailing_stop_ma20
  ································································································
  2022-04-26   A2    1     FANG   BEARISH    0.32   126.49  125.39  +$1.10  +0.87%  WIN     end_of_day
  2022-04-26   A2    2     ANAB   BEARISH    0.29    22.98   22.89  +$0.09  +0.39%  WIN     trailing_stop_ma20
  2022-04-26   A2    3     FN     BEARISH    0.17    96.63   96.64  -$0.01  -0.01%  LOSS    hard_stop
                                  [REV]              96.94   96.63  -$0.31  -0.32%  LOSS    hard_stop
                                                                   +$16.40  +0.97%  8W/6L  │  cap: +$483.19 (+4.83%)  portfolio: $17358.62
  ────────────────────────────────────────────────────────────────────────────────────────────────
  2022-04-27   A1    1     COIN   BEARISH    0.61   123.63  123.69  -$0.06  -0.05%  LOSS    hard_stop
                                  [REV]             124.27  124.33  +$0.06  +0.05%  WIN     trailing_stop_ma20
  2022-04-27   A1    2     AMD    BEARISH    0.36    85.47   85.53  -$0.06  -0.07%  LOSS    fallback_20pct
                                  [REV]              85.86   85.63  -$0.23  -0.27%  LOSS    hard_stop
  2022-04-27   A1    3     ANAB   BEARISH    0.33    22.84   22.84  +$0.00  +0.00%  LOSS    hard_stop
                                  [REV]              22.86   22.84  -$0.02  -0.09%  LOSS    hard_stop
  ································································································
  2022-04-27   A2    1     COIN   BEARISH    0.48   123.33  123.38  -$0.05  -0.04%  LOSS    fallback_20pct
                                  [REV]             123.90  123.44  -$0.46  -0.37%  LOSS    hard_stop
  2022-04-27   A2    2     FANG   BEARISH    0.32   126.42  126.47  -$0.05  -0.04%  LOSS    hard_stop
                                  [REV]             126.86  126.61  -$0.25  -0.20%  LOSS    end_of_day
  2022-04-27   A2    3     RH     BEARISH    0.30   342.26  342.37  -$0.11  -0.03%  LOSS    fallback_20pct
                                  [BRE]             341.17  340.41  +$0.76  +0.22%  WIN     end_of_day
                                                                    -$0.47  -0.07%  2W/10L  │  cap: -$35.75 (-0.36%)  portfolio: $17322.86
  ────────────────────────────────────────────────────────────────────────────────────────────────
  2022-04-28   M1    1     CVNA   BEARISH    3.83    64.46   60.67  +$3.80  +5.90%  WIN     trailing_stop_ma20
  2022-04-28   M1    2     TSLA   BEARISH    3.21   847.85  843.02  +$4.83  +0.57%  WIN     trailing_stop_ma20
  2022-04-28   M1    3     RH     BEARISH    2.04   340.10  342.26  -$2.16  -0.64%  LOSS    fallback_20pct
                                  [REV]             351.31  352.98  +$1.68  +0.48%  WIN     end_of_day
  ································································································
  2022-04-28   A2    1     CVNA   BEARISH    0.72    64.28   64.40  -$0.12  -0.19%  LOSS    hard_stop
                                  [BRE]              64.20   64.46  -$0.26  -0.40%  LOSS    end_of_day
  2022-04-28   A2    2     META   BEARISH    0.33   205.60  205.77  -$0.17  -0.08%  LOSS    fallback_20pct
                                  [REV]             207.24  206.05  -$1.19  -0.57%  LOSS    hard_stop
                                                                    +$6.41  +0.63%  3W/5L  │  cap: +$257.90 (+2.58%)  portfolio: $17580.76
  ────────────────────────────────────────────────────────────────────────────────────────────────
  2022-04-29   M1    1     RH     BEARISH    1.15   350.41  351.23  -$0.82  -0.23%  LOSS    fallback_20pct
                                  [REV]             354.79  352.46  -$2.33  -0.66%  LOSS    hard_stop
  2022-04-29   M1    2     EXPE   BEARISH    0.55   182.19  182.24  -$0.05  -0.03%  LOSS    fallback_20pct
                                  [BRE]             181.73  180.15  +$1.58  +0.87%  WIN     trailing_stop_ma20
  ································································································
  2022-04-29   A1    1     APP    BEARISH    0.42    39.31   39.31  +$0.00  +0.00%  LOSS    trailing_stop_ma20
  2022-04-29   A1    2     ANAB   BEARISH    0.37    23.48   23.49  -$0.01  -0.04%  LOSS    fallback_20pct
                                  [REV]              23.58   23.48  -$0.09  -0.38%  LOSS    hard_stop
  2022-04-29   A1    3     FN     BEARISH    0.23   100.24   98.01  +$2.22  +2.21%  WIN     end_of_day
  ································································································
  2022-04-29   A2    1     FANG   BEARISH    0.40   125.90  125.99  -$0.09  -0.07%  LOSS    hard_stop
  2022-04-29   A2    2     RH     BEARISH    0.28   338.96  338.97  -$0.01  -0.00%  LOSS    hard_stop
  2022-04-29   A2    3     MU     BEARISH    0.18    68.94   68.18  +$0.76  +1.10%  WIN     end_of_day
                                                                    +$1.16  +0.25%  3W/8L  │  cap: +$30.64 (+0.31%)  portfolio: $17611.39
  ────────────────────────────────────────────────────────────────────────────────────────────────
  2022-05-02   M1    1     FN     BEARISH    0.76    97.15   97.33  -$0.18  -0.19%  LOSS    fallback_20pct
                                  [REV]              98.40   97.60  -$0.81  -0.82%  LOSS    hard_stop
  ································································································
  2022-05-02   A1    1     CVNA   BEARISH    0.86    58.17   58.24  -$0.07  -0.12%  LOSS    hard_stop
                                  [REV]              59.19   60.20  +$1.01  +1.71%  WIN     end_of_day
  2022-05-02   A1    2     PLTR   BEARISH    0.46    10.37   10.37  +$0.00  +0.00%  LOSS    fallback_20pct
                                  [REV]              10.44   10.39  -$0.05  -0.48%  LOSS    hard_stop
  2022-05-02   A1    3     SHOP   BEARISH    0.45   436.76  437.05  -$0.29  -0.07%  LOSS    fallback_20pct
                                  [REV]             439.23  436.88  -$2.35  -0.54%  LOSS    hard_stop
                                                                    -$2.74  -0.06%  1W/7L  │  cap: +$2.22 (+0.02%)  portfolio: $17613.61
  ────────────────────────────────────────────────────────────────────────────────────────────────
  2022-05-03   M1    1     CVNA   BEARISH    3.35    56.30   56.63  -$0.33  -0.59%  LOSS    hard_stop
                                  [REV]              58.67   57.40  -$1.27  -2.16%  LOSS    hard_stop
  2022-05-03   M1    2     EXPE   BEARISH    2.95   158.77  150.73  +$8.04  +5.06%  WIN     trailing_stop_ma20
  2022-05-03   M1    3     RH     BEARISH    1.40   340.54  341.72  -$1.18  -0.35%  LOSS    fallback_20pct
                                  [REV]             346.95  343.48  -$3.46  -1.00%  LOSS    hard_stop
  ································································································
  2022-05-03   A1    1     COIN   BEARISH    0.55   124.86  124.89  -$0.03  -0.02%  LOSS    hard_stop
                                  [REV]             125.73  124.96  -$0.77  -0.61%  LOSS    hard_stop
  ································································································
  2022-05-03   A2    1     META   BEARISH    0.30   213.12  213.23  -$0.11  -0.05%  LOSS    hard_stop
                                  [BRE]             212.57  211.97  +$0.60  +0.28%  WIN     end_of_day
  2022-05-03   A2    2     APP    BEARISH    0.27    39.97   40.00  -$0.03  -0.08%  LOSS    fallback_20pct
                                  [REV]              40.27   40.04  -$0.23  -0.57%  LOSS    hard_stop
                                                                    +$1.23  -0.01%  2W/9L  │  cap: -$52.10 (-0.52%)  portfolio: $17561.51
  ────────────────────────────────────────────────────────────────────────────────────────────────
  2022-05-04   M1    1     NVDA   BEARISH    1.72   194.28  189.81  +$4.47  +2.30%  WIN     trailing_stop_ma20
  2022-05-04   M1    2     COIN   BEARISH    1.68   120.60  118.35  +$2.25  +1.87%  WIN     trailing_stop_ma20
  2022-05-04   M1    3     APP    BEARISH    1.67    38.62   37.22  +$1.40  +3.63%  WIN     trailing_stop_ma20
  ································································································
  2022-05-04   A1    1     FN     BEARISH    0.34    93.03   93.03  +$0.00  +0.00%  LOSS    fallback_20pct
                                  [REV]              93.20   93.03  -$0.17  -0.18%  LOSS    hard_stop
  2022-05-04   A1    2     ANAB   BEARISH    0.34    23.76   23.76  +$0.00  +0.00%  LOSS    hard_stop
                                  [REV]              24.04   24.36  +$0.32  +1.33%  WIN     end_of_day
  2022-05-04   A1    3     AMD    BULLISH    0.28    94.53   94.55  +$0.02  +0.02%  WIN     fallback_20pct
                                  [BRU]              94.75   94.46  -$0.28  -0.30%  LOSS    hard_stop
  ································································································
  2022-05-04   A2    1     SHOP   BULLISH    0.58   470.12  485.82 +$15.70  +3.34%  WIN     end_of_day
  2022-05-04   A2    2     ANAB   BULLISH    0.35    24.35   24.36  +$0.01  +0.04%  WIN     end_of_day
  2022-05-04   A2    3     NVDA   BULLISH    0.35   199.84  203.30  +$3.46  +1.73%  WIN     end_of_day
                                                                   +$27.18  +1.15%  8W/4L  │  cap: +$477.76 (+4.78%)  portfolio: $18039.27
  ────────────────────────────────────────────────────────────────────────────────────────────────
  2022-05-05   M1    1     CVNA   BEARISH    4.13    53.74   50.01  +$3.73  +6.94%  WIN     trailing_stop_ma20
  2022-05-05   M1    2     ANAB   BEARISH    3.20    22.65   21.11  +$1.54  +6.80%  WIN     trailing_stop_ma20
  2022-05-05   M1    3     APP    BEARISH    1.99    38.44   36.86  +$1.58  +4.11%  WIN     trailing_stop_ma20
  ································································································
  2022-05-05   A1    1     ANAB   BEARISH    0.54    21.06   21.07  -$0.01  -0.05%  LOSS    hard_stop
                                  [REV]              21.34   21.62  +$0.29  +1.36%  WIN     end_of_day
  2022-05-05   A1    2     FN     BEARISH    0.36    90.91   90.93  -$0.02  -0.02%  LOSS    hard_stop
                                  [REV]              90.95   90.91  -$0.04  -0.04%  LOSS    hard_stop
  ································································································
  2022-05-05   A2    1     SHOP   BEARISH    0.90   413.54  414.23  -$0.69  -0.17%  LOSS    fallback_20pct
                                  [BRE]             410.16  413.55  -$3.40  -0.83%  LOSS    end_of_day
  2022-05-05   A2    2     COIN   BEARISH    0.69   113.71  113.79  -$0.08  -0.07%  LOSS    hard_stop
  2022-05-05   A2    3     NVDA   BEARISH    0.53   186.61  186.79  -$0.18  -0.10%  LOSS    hard_stop
                                                                    +$2.72  +1.63%  4W/7L  │  cap: +$643.24 (+6.43%)  portfolio: $18682.51
  ────────────────────────────────────────────────────────────────────────────────────────────────
  2022-05-06   M1    1     CVNA   BEARISH    7.93    41.73   42.26  -$0.53  -1.27%  LOSS    hard_stop
  2022-05-06   M1    2     SHOP   BEARISH    4.30   371.30  375.76  -$4.47  -1.20%  LOSS    hard_stop
  2022-05-06   M1    3     COIN   BEARISH    4.03   104.16  105.36  -$1.20  -1.15%  LOSS    hard_stop
  ································································································
  2022-05-06   A1    1     COIN   BEARISH    0.82   105.67  105.83  -$0.16  -0.15%  LOSS    fallback_20pct
                                  [BRE]             105.29  102.80  +$2.49  +2.36%  WIN     trailing_stop_ma20
  2022-05-06   A1    2     SHOP   BEARISH    0.73   383.06  383.64  -$0.58  -0.15%  LOSS    fallback_20pct
                                  [REV]             386.30  384.58  -$1.72  -0.45%  LOSS    hard_stop
  2022-05-06   A1    3     APP    BEARISH    0.71    34.06   34.14  -$0.09  -0.26%  LOSS    fallback_20pct
                                  [REV]              34.51   34.28  -$0.23  -0.67%  LOSS    hard_stop
  ································································································
  2022-05-06   A2    1     PLTR   BEARISH    0.55     9.48    9.50  -$0.01  -0.11%  LOSS    hard_stop
                                  [BRE]               9.46    9.52  -$0.07  -0.74%  LOSS    hard_stop
  2022-05-06   A2    2     APP    BEARISH    0.21    33.24   33.25  -$0.01  -0.03%  LOSS    hard_stop
  2022-05-06   A2    3     FN     BEARISH    0.21    89.14   89.17  -$0.03  -0.03%  LOSS    hard_stop
                                                                    -$6.61  -0.30%  1W/12L  │  cap: -$93.04 (-0.93%)  portfolio: $18589.47
  ────────────────────────────────────────────────────────────────────────────────────────────────
  2022-05-09   M1    1     PLTR   BEARISH    2.80     7.46    7.51  -$0.05  -0.67%  LOSS    hard_stop
                                  [BRE]               7.40    7.64  -$0.24  -3.24%  LOSS    hard_stop
  2022-05-09   M1    2     ANAB   BEARISH    2.18    21.90   21.88  +$0.02  +0.09%  WIN     hard_stop
                                  [REV]              22.47   22.09  -$0.38  -1.69%  LOSS    hard_stop
  ································································································
  2022-05-09   A1    1     FN     BEARISH    0.36    85.83   85.85  -$0.02  -0.02%  LOSS    fallback_20pct
                                  [REV]              86.26   86.20  -$0.06  -0.07%  LOSS    trailing_stop_ma20
  2022-05-09   A1    2     ANAB   BEARISH    0.33    22.00   22.00  +$0.00  +0.00%  LOSS    fallback_20pct
                                  [REV]              22.13   22.00  -$0.13  -0.59%  LOSS    hard_stop
  ································································································
  2022-05-09   A2    1     COIN   BEARISH    0.89    84.17   84.31  -$0.14  -0.17%  LOSS    hard_stop
                                  [BRE]              83.93   83.53  +$0.40  +0.48%  WIN     end_of_day
  2022-05-09   A2    2     EXPE   BEARISH    0.29   127.88  127.97  -$0.09  -0.07%  LOSS    hard_stop
                                  [BRE]             127.14  127.87  -$0.73  -0.57%  LOSS    end_of_day
                                                                    -$1.42  -0.54%  2W/10L  │  cap: -$269.11 (-2.69%)  portfolio: $18320.35
  ────────────────────────────────────────────────────────────────────────────────────────────────
  2022-05-10   M1    1     COIN   BEARISH    4.35    82.13   83.18  -$1.05  -1.28%  LOSS    hard_stop
                                  [BRE]              81.84   76.55  +$5.29  +6.46%  WIN     trailing_stop_ma20
  2022-05-10   M1    2     PLTR   BEARISH    3.83     7.17    7.24  -$0.07  -0.98%  LOSS    hard_stop
                                  [BRE]               7.12    7.29  -$0.17  -2.39%  LOSS    end_of_day
  2022-05-10   M1    3     APP    BEARISH    3.40    30.10   27.94  +$2.15  +7.14%  WIN     trailing_stop_ma20
  ································································································
  2022-05-10   A1    1     FANG   BEARISH    0.45   125.07  125.27  -$0.20  -0.16%  LOSS    fallback_20pct
                                  [REV]             126.94  128.62  +$1.68  +1.32%  WIN     trailing_stop_ma20
  2022-05-10   A1    2     ANAB   BEARISH    0.43    22.79   22.80  -$0.01  -0.04%  LOSS    fallback_20pct
                                  [REV]              23.44   23.08  -$0.36  -1.54%  LOSS    trailing_stop_ma20
  2022-05-10   A1    3     APP    BEARISH    0.32    28.18   28.17  +$0.01  +0.04%  WIN     hard_stop
                                  [REV]              28.73   29.26  +$0.53  +1.84%  WIN     trailing_stop_ma20
                                                                    +$7.80  +0.95%  5W/6L  │  cap: +$351.06 (+3.51%)  portfolio: $18671.41
  ────────────────────────────────────────────────────────────────────────────────────────────────
  2022-05-11   A1    1     CVNA   BEARISH    0.97    32.98   31.95  +$1.03  +3.12%  WIN     trailing_stop_ma20
  2022-05-11   A1    2     COIN   BEARISH    0.95    51.16   51.24  -$0.08  -0.16%  LOSS    hard_stop
  2022-05-11   A1    3     TSLA   BEARISH    0.46   757.38  753.61  +$3.77  +0.50%  WIN     trailing_stop_ma20
  ································································································
  2022-05-11   A2    1     PLTR   BEARISH    0.43     6.80    6.72  +$0.09  +1.32%  WIN     end_of_day
  2022-05-11   A2    2     AMD    BEARISH    0.41    89.01   89.09  -$0.08  -0.09%  LOSS    fallback_20pct
                                  [BRE]              88.94   87.92  +$1.02  +1.15%  WIN     end_of_day
  2022-05-11   A2    3     NVDA   BEARISH    0.33   167.53  166.36  +$1.17  +0.70%  WIN     end_of_day
                                                                    +$6.92  +0.93%  5W/2L  │  cap: +$275.08 (+2.75%)  portfolio: $18946.49
  ────────────────────────────────────────────────────────────────────────────────────────────────
  2022-05-12   A1    1     SHOP   BEARISH    0.74   351.89  340.23 +$11.66  +3.31%  WIN     trailing_stop_ma20
  2022-05-12   A1    2     TSLA   BEARISH    0.43   724.07  724.70  -$0.63  -0.09%  LOSS    fallback_20pct
                                  [REV]             727.28  728.50  +$1.22  +0.17%  WIN     end_of_day
  2022-05-12   A1    3     ANAB   BEARISH    0.38    21.34   21.11  +$0.23  +1.08%  WIN     trailing_stop_ma20
  ································································································
  2022-05-12   A2    1     ANAB   BEARISH    0.19    20.95   20.95  +$0.00  +0.00%  LOSS    hard_stop
  2022-05-12   A2    2     FN     BEARISH    0.18    86.50   86.51  -$0.01  -0.01%  LOSS    fallback_20pct
                                  [REV]              86.74   86.90  +$0.16  +0.18%  WIN     trailing_stop_ma20
                                                                   +$12.63  +0.66%  4W/3L  │  cap: +$194.94 (+1.95%)  portfolio: $19141.43
  ────────────────────────────────────────────────────────────────────────────────────────────────
  2022-05-13   M1    1     ANAB   BEARISH    2.68    20.50   20.61  -$0.11  -0.54%  LOSS    fallback_20pct
  ································································································
  2022-05-13   A1    1     COIN   BEARISH    0.89    71.61   71.74  -$0.13  -0.18%  LOSS    fallback_20pct
                                  [REV]              72.30   71.99  -$0.31  -0.43%  LOSS    trailing_stop_ma20
  2022-05-13   A1    2     SHOP   BEARISH    0.67   392.45  392.71  -$0.26  -0.07%  LOSS    fallback_20pct
                                  [REV]             395.62  393.10  -$2.52  -0.64%  LOSS    hard_stop
  2022-05-13   A1    3     PLTR   BEARISH    0.55     8.15    8.16  -$0.01  -0.12%  LOSS    fallback_20pct
                                  [REV]               8.24    8.18  -$0.07  -0.85%  LOSS    hard_stop
  ································································································
  2022-05-13   A2    1     COIN   BEARISH    0.87    68.00   68.03  -$0.03  -0.04%  LOSS    fallback_20pct
                                  [REV]              68.86   68.30  -$0.56  -0.81%  LOSS    hard_stop
  2022-05-13   A2    2     APP    BEARISH    0.75    38.71   38.75  -$0.04  -0.10%  LOSS    hard_stop
                                  [REV]              39.34   39.47  +$0.12  +0.31%  WIN     end_of_day
  2022-05-13   A2    3     RH     BEARISH    0.33   288.03  288.12  -$0.09  -0.03%  LOSS    fallback_20pct
                                  [REV]             289.57  290.45  +$0.88  +0.30%  WIN     trailing_stop_ma20
                                                                    -$3.13  -0.25%  2W/11L  │  cap: -$128.75 (-1.29%)  portfolio: $19012.67
  ────────────────────────────────────────────────────────────────────────────────────────────────
  2022-05-16   M1    1     FN     BEARISH    0.81    89.68   88.30  +$1.38  +1.54%  WIN     end_of_day
  ································································································
  2022-05-16   A1    1     COIN   BEARISH    1.34    63.11   63.36  -$0.25  -0.40%  LOSS    fallback_20pct
                                  [REV]              64.66   65.75  +$1.09  +1.69%  WIN     trailing_stop_ma20
  2022-05-16   A1    2     PLTR   BEARISH    0.69     8.12    8.14  -$0.01  -0.12%  LOSS    fallback_20pct
                                  [REV]               8.21    8.16  -$0.05  -0.61%  LOSS    hard_stop
  2022-05-16   A1    3     TSLA   BEARISH    0.66   719.65  720.59  -$0.94  -0.13%  LOSS    fallback_20pct
                                  [REV]             728.64  733.35  +$4.71  +0.65%  WIN     trailing_stop_ma20
  ································································································
  2022-05-16   A2    1     SHOP   BEARISH    0.69   364.47  364.98  -$0.51  -0.14%  LOSS    fallback_20pct
                                  [BRE]             361.89  359.97  +$1.92  +0.53%  WIN     end_of_day
  2022-05-16   A2    2     ANAB   BEARISH    0.26    21.14   20.97  +$0.17  +0.80%  WIN     end_of_day
  2022-05-16   A2    3     FN     BEARISH    0.20    88.15   88.15  +$0.00  +0.00%  LOSS    fallback_20pct
                                                                    +$7.51  +0.35%  5W/6L  │  cap: +$174.40 (+1.74%)  portfolio: $19187.08
  ────────────────────────────────────────────────────────────────────────────────────────────────
  2022-05-17   M1    1     CVNA   BULLISH    3.25    40.83   40.94  +$0.11  +0.27%  WIN     fallback_20pct
                                  [BRU]              41.66   41.66  +$0.00  +0.00%  LOSS    end_of_day
  2022-05-17   M1    2     COIN   BULLISH    2.06    66.83   65.52  -$1.31  -1.96%  LOSS    fallback_20pct
                                  [BRU]              67.90   69.96  +$2.06  +3.03%  WIN     end_of_day
  2022-05-17   M1    3     PLTR   BULLISH    1.69     8.42    8.40  -$0.02  -0.24%  LOSS    fallback_20pct
  ································································································
  2022-05-17   A1    1     ANAB   BEARISH    0.37    21.08   20.90  +$0.17  +0.81%  WIN     trailing_stop_ma20
  2022-05-17   A1    2     META   BULLISH    0.24   202.15  202.10  -$0.05  -0.02%  LOSS    fallback_20pct
                                  [BRU]             202.63  202.00  -$0.63  -0.31%  LOSS    hard_stop
  2022-05-17   A1    3     AMD    BULLISH    0.19   102.52  102.59  +$0.07  +0.07%  WIN     hard_stop
                                  [BRU]             102.66  102.49  -$0.17  -0.17%  LOSS    hard_stop
  ································································································
  2022-05-17   A2    1     AMD    BULLISH    0.80   102.81  102.71  -$0.10  -0.10%  LOSS    hard_stop
  2022-05-17   A2    2     RH     BULLISH    0.62   295.97  295.72  -$0.25  -0.08%  LOSS    fallback_20pct
                                  [BRU]             297.22  298.08  +$0.86  +0.29%  WIN     end_of_day
  2022-05-17   A2    3     PLTR   BULLISH    0.55     8.31    8.30  -$0.01  -0.12%  LOSS    fallback_20pct
                                  [BRU]               8.33    8.36  +$0.03  +0.36%  WIN     end_of_day
                                                                    +$0.76  +0.12%  6W/9L  │  cap: +$75.47 (+0.75%)  portfolio: $19262.55
  ────────────────────────────────────────────────────────────────────────────────────────────────
  2022-05-18   M1    1     CVNA   BEARISH    3.59    38.20   38.43  -$0.23  -0.60%  LOSS    fallback_20pct
                                  [BRE]              37.70   35.64  +$2.06  +5.46%  WIN     trailing_stop_ma20
  2022-05-18   M1    2     APP    BEARISH    1.92    37.26   37.32  -$0.06  -0.16%  LOSS    fallback_20pct
                                  [REV]              38.29   37.54  -$0.75  -1.96%  LOSS    hard_stop
  2022-05-18   M1    3     ANAB   BEARISH    1.43    20.56   20.57  -$0.01  -0.05%  LOSS    fallback_20pct
                                  [BRE]              20.25   20.27  -$0.02  -0.10%  LOSS    trailing_stop_ma20
  ································································································
  2022-05-18   A1    1     COIN   BEARISH    1.08    63.55   63.68  -$0.13  -0.20%  LOSS    hard_stop
                                  [REV]              64.43   63.98  -$0.46  -0.71%  LOSS    hard_stop
  2022-05-18   A1    2     CVNA   BEARISH    0.88    35.67   35.69  -$0.01  -0.03%  LOSS    fallback_20pct
                                  [REV]              35.94   35.75  -$0.19  -0.53%  LOSS    hard_stop
  2022-05-18   A1    3     MU     BEARISH    0.49    70.51   70.54  -$0.03  -0.04%  LOSS    hard_stop
                                  [REV]              70.87   70.80  -$0.07  -0.10%  LOSS    trailing_stop_ma20
  ································································································
  2022-05-18   A2    1     FN     BEARISH    0.20    85.27   85.27  +$0.00  +0.00%  LOSS    hard_stop
                                  [REV]              85.89   85.92  +$0.03  +0.03%  WIN     trailing_stop_ma20
                                                                    +$0.13  +0.07%  2W/12L  │  cap: +$111.72 (+1.12%)  portfolio: $19374.27
  ────────────────────────────────────────────────────────────────────────────────────────────────
  2022-05-19   M1    1     CVNA   BEARISH    4.29    33.23   33.54  -$0.31  -0.93%  LOSS    hard_stop
                                  [REV]              35.52   34.32  -$1.20  -3.38%  LOSS    hard_stop
  2022-05-19   M1    2     NVDA   BEARISH    1.80   169.27  169.81  -$0.54  -0.32%  LOSS    hard_stop
                                  [REV]             174.50  171.53  -$2.97  -1.70%  LOSS    hard_stop
  2022-05-19   M1    3     MU     BEARISH    1.10    70.57   70.71  -$0.14  -0.20%  LOSS    hard_stop
  ································································································
  2022-05-19   A1    1     FN     BEARISH    0.39    83.80   83.82  -$0.02  -0.02%  LOSS    hard_stop
                                  [BRE]              83.62   83.85  -$0.23  -0.28%  LOSS    hard_stop
                                                                    -$5.41  -0.98%  0W/7L  │  cap: -$294.69 (-2.95%)  portfolio: $19079.58
  ────────────────────────────────────────────────────────────────────────────────────────────────
  2022-05-20   M1    1     ANAB   BEARISH    1.36    19.86   19.90  -$0.04  -0.20%  LOSS    fallback_20pct
                                  [REV]              20.15   20.87  +$0.72  +3.57%  WIN     end_of_day
  2022-05-20   M1    2     RH     BEARISH    1.24   279.46  262.46 +$17.00  +6.08%  WIN     trailing_stop_ma20
  2022-05-20   M1    3     MU     BEARISH    1.04    69.43   66.67  +$2.76  +3.98%  WIN     trailing_stop_ma20
  ································································································
  2022-05-20   A1    1     CVNA   BEARISH    1.02    30.89   30.93  -$0.04  -0.13%  LOSS    hard_stop
                                  [REV]              31.20   31.22  +$0.02  +0.06%  WIN     trailing_stop_ma20
  2022-05-20   A1    2     ANAB   BEARISH    0.39    19.93   19.94  +$0.00  +0.00%  LOSS    hard_stop
                                  [REV]              20.00   20.04  +$0.04  +0.20%  WIN     trailing_stop_ma20
  2022-05-20   A1    3     MU     BEARISH    0.38    66.26   66.28  -$0.02  -0.03%  LOSS    hard_stop
                                  [REV]              66.62   66.45  -$0.17  -0.26%  LOSS    trailing_stop_ma20
  ································································································
  2022-05-20   A2    1     TSLA   BEARISH    0.71   638.52  639.84  -$1.32  -0.21%  LOSS    hard_stop
                                  [REV]             648.36  662.51 +$14.14  +2.18%  WIN     end_of_day
  2022-05-20   A2    2     NVDA   BEARISH    0.47   159.85  160.04  -$0.19  -0.12%  LOSS    fallback_20pct
                                  [REV]             161.40  166.98  +$5.58  +3.46%  WIN     end_of_day
  2022-05-20   A2    3     EXPE   BEARISH    0.32   121.65  121.75  -$0.10  -0.08%  LOSS    hard_stop
                                  [REV]             122.44  124.60  +$2.16  +1.76%  WIN     end_of_day
                                                                   +$40.54  +1.27%  8W/8L  │  cap: +$669.92 (+6.70%)  portfolio: $19749.50
  ────────────────────────────────────────────────────────────────────────────────────────────────
  2022-05-23   A1    1     SHOP   BEARISH    0.98   360.78  360.89  -$0.11  -0.03%  LOSS    hard_stop
                                  [REV]             362.55  363.10  +$0.55  +0.15%  WIN     trailing_stop_ma20
  2022-05-23   A1    2     PLTR   BEARISH    0.48     7.94    7.95  +$0.00  +0.00%  LOSS    fallback_20pct
                                  [REV]               7.98    7.96  -$0.02  -0.25%  LOSS    hard_stop
  2022-05-23   A1    3     TSLA   BEARISH    0.46   663.72  664.36  -$0.64  -0.10%  LOSS    hard_stop
                                  [REV]             669.44  669.36  -$0.08  -0.01%  LOSS    trailing_stop_ma20
  ································································································
  2022-05-23   A2    1     APP    BEARISH    0.57    38.10   38.13  -$0.03  -0.08%  LOSS    hard_stop
                                  [BRE]              37.91   37.96  -$0.05  -0.13%  LOSS    end_of_day
  2022-05-23   A2    2     FN     BEARISH    0.22    84.16   84.15  +$0.02  +0.02%  WIN     end_of_day
  2022-05-23   A2    3     ANAB   BEARISH    0.20    20.83   20.54  +$0.29  +1.39%  WIN     end_of_day
                                                                    -$0.07  +0.10%  3W/7L  │  cap: +$14.39 (+0.14%)  portfolio: $19763.90
  ────────────────────────────────────────────────────────────────────────────────────────────────
  2022-05-24   M1    1     APP    BEARISH    5.41    32.36   32.99  -$0.63  -1.95%  LOSS    fallback_20pct
                                  [BRE]              32.07   33.17  -$1.10  -3.43%  LOSS    end_of_day
  2022-05-24   M1    2     CVNA   BEARISH    4.42    27.76   28.05  -$0.29  -1.04%  LOSS    hard_stop
  2022-05-24   M1    3     SHOP   BEARISH    3.09   338.00  337.65  +$0.35  +0.10%  WIN     hard_stop
  ································································································
  2022-05-24   A1    1     CVNA   BEARISH    0.82    26.61   26.63  -$0.02  -0.08%  LOSS    hard_stop
                                  [BRE]              26.45   26.66  -$0.21  -0.79%  LOSS    trailing_stop_ma20
  2022-05-24   A1    2     RH     BEARISH    0.42   243.80  243.88  -$0.08  -0.03%  LOSS    hard_stop
                                  [REV]             245.38  243.80  -$1.58  -0.64%  LOSS    hard_stop
  2022-05-24   A1    3     FN     BEARISH    0.40    80.48   80.49  -$0.01  -0.01%  LOSS    fallback_20pct
                                  [REV]              81.21   82.02  +$0.81  +1.00%  WIN     trailing_stop_ma20
  ································································································
  2022-05-24   A2    1     RH     BEARISH    0.40   243.39  243.45  -$0.06  -0.02%  LOSS    hard_stop
                                  [REV]             246.80  246.52  -$0.28  -0.11%  LOSS    end_of_day
  2022-05-24   A2    2     ANAB   BEARISH    0.24    20.27   20.27  +$0.00  +0.00%  LOSS    hard_stop
                                  [REV]              20.31   20.27  -$0.04  -0.20%  LOSS    hard_stop
  2022-05-24   A2    3     FN     BEARISH    0.18    82.02   82.02  +$0.00  +0.00%  LOSS    hard_stop
                                  [REV]              82.20   82.54  +$0.34  +0.41%  WIN     end_of_day
                                                                    -$2.80  -0.43%  3W/13L  │  cap: -$345.24 (-3.45%)  portfolio: $19418.66
  ────────────────────────────────────────────────────────────────────────────────────────────────
  2022-05-25   M1    1     ANAB   BEARISH    1.14    19.82   19.85  -$0.03  -0.15%  LOSS    fallback_20pct
                                  [BRE]              19.29   19.27  +$0.02  +0.10%  WIN     trailing_stop_ma20
  ································································································
  2022-05-25   A1    1     CVNA   BEARISH    0.90    29.73   29.78  -$0.05  -0.17%  LOSS    fallback_20pct
                                  [REV]              30.06   29.86  -$0.20  -0.67%  LOSS    hard_stop
  2022-05-25   A1    2     FN     BEARISH    0.39    81.92   81.92  +$0.00  +0.00%  LOSS    hard_stop
                                  [REV]              83.51   83.17  -$0.34  -0.41%  LOSS    end_of_day
  2022-05-25   A1    3     META   BEARISH    0.30   182.06  182.10  -$0.04  -0.02%  LOSS    hard_stop
                                  [REV]             182.38  182.20  -$0.18  -0.10%  LOSS    hard_stop
  ································································································
  2022-05-25   A2    1     ANAB   BEARISH    0.26    19.23   19.24  -$0.01  -0.05%  LOSS    fallback_20pct
                                  [REV]              19.26   19.23  -$0.03  -0.16%  LOSS    hard_stop
                                                                    -$0.86  -0.16%  1W/9L  │  cap: -$69.00 (-0.69%)  portfolio: $19349.65
  ────────────────────────────────────────────────────────────────────────────────────────────────
  2022-05-26   M1    1     CVNA   BULLISH    2.98    31.19   31.44  +$0.25  +0.80%  WIN     fallback_20pct
                                  [BRU]              31.95   31.06  -$0.89  -2.79%  LOSS    end_of_day
  2022-05-26   M1    2     APP    BULLISH    2.78    36.24   37.21  +$0.97  +2.68%  WIN     trailing_stop_ma20
  2022-05-26   M1    3     AMD    BULLISH    1.72    93.91   99.60  +$5.69  +6.06%  WIN     trailing_stop_ma20
  ································································································
  2022-05-26   A1    1     CVNA   BULLISH    0.60    32.23   32.24  +$0.01  +0.03%  WIN     fallback_20pct
  2022-05-26   A1    2     RH     BULLISH    0.49   279.53  279.39  -$0.14  -0.05%  LOSS    fallback_20pct
                                  [BRU]             279.81  279.17  -$0.64  -0.23%  LOSS    hard_stop
  2022-05-26   A1    3     ANAB   BEARISH    0.36    18.98   18.99  +$0.00  +0.00%  LOSS    fallback_20pct
                                  [REV]              19.03   18.98  -$0.05  -0.26%  LOSS    hard_stop
  ································································································
  2022-05-26   A2    1     RH     BEARISH    0.60   276.25  276.53  -$0.28  -0.10%  LOSS    fallback_20pct
                                  [REV]             278.00  278.54  +$0.54  +0.19%  WIN     end_of_day
  2022-05-26   A2    2     NVDA   BEARISH    0.44   178.99  179.06  -$0.07  -0.04%  LOSS    fallback_20pct
                                  [BRE]             178.57  179.47  -$0.90  -0.50%  LOSS    hard_stop
  2022-05-26   A2    3     SHOP   BEARISH    0.40   350.97  351.04  -$0.07  -0.02%  LOSS    hard_stop
                                                                    +$4.42  +0.41%  5W/9L  │  cap: +$77.93 (+0.78%)  portfolio: $19427.58
  ────────────────────────────────────────────────────────────────────────────────────────────────
  2022-05-27   M1    1     COIN   BULLISH    1.69    71.93   72.08  +$0.15  +0.21%  WIN     fallback_20pct
                                  [BRU]              73.96   75.32  +$1.36  +1.84%  WIN     end_of_day
  2022-05-27   M1    2     TSLA   BULLISH    1.69   735.08  750.24 +$15.16  +2.06%  WIN     trailing_stop_ma20
  2022-05-27   M1    3     RH     BULLISH    0.98   284.52  283.47  -$1.05  -0.37%  LOSS    fallback_20pct
                                  [BRU]             285.96  284.25  -$1.71  -0.60%  LOSS    hard_stop
  ································································································
  2022-05-27   A1    1     SHOP   BULLISH    0.98   366.01  366.20  +$0.19  +0.05%  WIN     hard_stop
                                  [BRU]             367.24  368.71  +$1.47  +0.40%  WIN     trailing_stop_ma20
  2022-05-27   A1    2     CVNA   BULLISH    0.54    33.67   33.45  -$0.22  -0.65%  LOSS    fallback_20pct
                                  [BRU]              33.70   33.61  -$0.09  -0.27%  LOSS    hard_stop
  2022-05-27   A1    3     PLTR   BULLISH    0.30     8.74    8.74  -$0.01  -0.11%  LOSS    fallback_20pct
                                  [BRU]               8.77    8.76  +$0.00  +0.00%  LOSS    trailing_stop_ma20
  ································································································
  2022-05-27   A2    1     SHOP   BULLISH    0.48   370.10  369.97  -$0.13  -0.04%  LOSS    hard_stop
  2022-05-27   A2    2     RH     BEARISH    0.41   288.28  288.32  -$0.04  -0.01%  LOSS    hard_stop
                                  [REV]             288.59  288.85  +$0.26  +0.09%  WIN     trailing_stop_ma20
  2022-05-27   A2    3     APP    BULLISH    0.39    39.99   40.28  +$0.29  +0.73%  WIN     end_of_day
                                                                   +$15.63  +0.22%  7W/8L  │  cap: +$152.74 (+1.53%)  portfolio: $19580.32
  ────────────────────────────────────────────────────────────────────────────────────────────────
  2022-05-31   M1    1     CVNA   BEARISH    3.87    32.15   32.01  +$0.14  +0.44%  WIN     trailing_stop_ma20
  2022-05-31   M1    2     SHOP   BEARISH    2.39   366.98  367.88  -$0.91  -0.25%  LOSS    fallback_20pct
                                  [REV]             379.17  372.00  -$7.18  -1.89%  LOSS    hard_stop
  2022-05-31   M1    3     PLTR   BEARISH    2.37     8.76    8.76  +$0.00  +0.00%  LOSS    hard_stop
                                  [BRE]               8.60    8.89  -$0.29  -3.37%  LOSS    hard_stop
  ································································································
  2022-05-31   A1    1     SHOP   BEARISH    0.89   381.42  382.08  -$0.66  -0.17%  LOSS    fallback_20pct
                                  [REV]             385.98  383.07  -$2.91  -0.75%  LOSS    hard_stop
  2022-05-31   A1    2     RH     BEARISH    0.41   291.48  291.53  -$0.04  -0.01%  LOSS    fallback_20pct
                                  [REV]             292.68  293.50  +$0.81  +0.28%  WIN     trailing_stop_ma20
  2022-05-31   A1    3     FN     BEARISH    0.39    86.97   86.97  +$0.00  +0.00%  LOSS    hard_stop
                                  [REV]              87.03   86.98  -$0.05  -0.06%  LOSS    trailing_stop_ma20
  ································································································
  2022-05-31   A2    1     SHOP   BEARISH    1.15   371.96  372.41  -$0.45  -0.12%  LOSS    fallback_20pct
                                  [REV]             375.06  377.40  +$2.33  +0.62%  WIN     trailing_stop_ma20
  2022-05-31   A2    2     APP    BEARISH    0.66    37.41   37.42  -$0.01  -0.03%  LOSS    fallback_20pct
                                  [REV]              37.62   37.73  +$0.11  +0.29%  WIN     trailing_stop_ma20
  2022-05-31   A2    3     RH     BEARISH    0.37   290.31  290.31  +$0.00  +0.00%  LOSS    fallback_20pct
                                  [REV]             290.95  291.36  +$0.42  +0.14%  WIN     trailing_stop_ma20
                                                                    -$8.69  -0.29%  5W/12L  │  cap: -$113.75 (-1.14%)  portfolio: $19466.57
  ────────────────────────────────────────────────────────────────────────────────────────────────
  2022-06-01   M1    1     APP    BULLISH    2.17    39.40   39.87  +$0.47  +1.19%  WIN     hard_stop
  2022-06-01   M1    2     SHOP   BULLISH    2.00   388.14  388.75  +$0.61  +0.16%  WIN     hard_stop
  2022-06-01   M1    3     PLTR   BULLISH    1.43     8.88    8.93  +$0.05  +0.56%  WIN     hard_stop
  ································································································
  2022-06-01   A1    1     CVNA   BEARISH    0.78    26.59   26.63  -$0.04  -0.15%  LOSS    hard_stop
                                  [REV]              26.88   26.72  -$0.16  -0.60%  LOSS    hard_stop
  2022-06-01   A1    2     SHOP   BEARISH    0.73   356.45  356.72  -$0.27  -0.08%  LOSS    hard_stop
                                  [REV]             359.97  361.61  +$1.64  +0.46%  WIN     trailing_stop_ma20
  2022-06-01   A1    3     COIN   BEARISH    0.53    68.83   68.60  +$0.23  +0.33%  WIN     trailing_stop_ma20
  ································································································
  2022-06-01   A2    1     APP    BEARISH    0.81    38.22   38.23  -$0.01  -0.03%  LOSS    fallback_20pct
                                  [REV]              38.56   38.30  -$0.26  -0.67%  LOSS    hard_stop
  2022-06-01   A2    2     RH     BEARISH    0.46   290.29  290.41  -$0.12  -0.04%  LOSS    fallback_20pct
                                  [REV]             291.59  290.60  -$0.99  -0.34%  LOSS    hard_stop
  2022-06-01   A2    3     PLTR   BEARISH    0.39     8.51    8.52  -$0.01  -0.12%  LOSS    fallback_20pct
                                  [REV]               8.56    8.53  -$0.03  -0.35%  LOSS    hard_stop
                                                                    +$1.11  +0.02%  5W/9L  │  cap: +$0.15 (+0.00%)  portfolio: $19466.72
  ────────────────────────────────────────────────────────────────────────────────────────────────
  2022-06-02   M1    1     PLTR   BULLISH    2.59     8.84    9.32  +$0.48  +5.43%  WIN     trailing_stop_ma20
  2022-06-02   M1    2     SHOP   BULLISH    2.19   374.44  396.20 +$21.76  +5.81%  WIN     trailing_stop_ma20
  2022-06-02   M1    3     NVDA   BULLISH    1.68   186.54  194.42  +$7.88  +4.22%  WIN     trailing_stop_ma20
  ································································································
  2022-06-02   A1    1     CVNA   BULLISH    0.58    30.18   30.15  -$0.03  -0.10%  LOSS    fallback_20pct
                                  [BRU]              30.21   30.18  -$0.03  -0.10%  LOSS    trailing_stop_ma20
  2022-06-02   A1    2     SHOP   BULLISH    0.56   392.52  396.20  +$3.68  +0.94%  WIN     trailing_stop_ma20
  2022-06-02   A1    3     RH     BULLISH    0.49   299.83  299.54  -$0.29  -0.10%  LOSS    fallback_20pct
                                  [BRU]             300.52  300.33  -$0.19  -0.06%  LOSS    trailing_stop_ma20
  ································································································
  2022-06-02   A2    1     META   BEARISH    0.20   199.09  199.21  -$0.12  -0.06%  LOSS    fallback_20pct
                                  [BRE]             198.70  198.89  -$0.19  -0.10%  LOSS    end_of_day
                                                                   +$32.95  +1.59%  4W/6L  │  cap: +$537.89 (+5.38%)  portfolio: $20004.61
  ────────────────────────────────────────────────────────────────────────────────────────────────
  2022-06-03   M1    1     RH     BULLISH    3.55   311.31  309.00  -$2.31  -0.74%  LOSS    fallback_20pct
  2022-06-03   M1    2     SHOP   BEARISH    2.61   371.28  372.43  -$1.15  -0.31%  LOSS    fallback_20pct
                                  [BRE]             368.62  353.38 +$15.25  +4.14%  WIN     trailing_stop_ma20
  2022-06-03   M1    3     TSLA   BEARISH    2.19   721.03  723.73  -$2.70  -0.37%  LOSS    hard_stop
                                  [BRE]             719.97  703.55 +$16.42  +2.28%  WIN     end_of_day
  ································································································
  2022-06-03   A1    1     SHOP   BEARISH    0.70   358.44  358.67  -$0.23  -0.06%  LOSS    fallback_20pct
                                  [BRE]             356.75  355.66  +$1.09  +0.31%  WIN     trailing_stop_ma20
  2022-06-03   A1    2     APP    BEARISH    0.45    39.45   39.47  -$0.02  -0.05%  LOSS    hard_stop
                                  [REV]              39.63   39.53  -$0.10  -0.25%  LOSS    hard_stop
  2022-06-03   A1    3     COIN   BEARISH    0.45    67.65   66.81  +$0.84  +1.24%  WIN     trailing_stop_ma20
  ································································································
  2022-06-03   A2    1     RH     BULLISH    0.40   305.56  303.91  -$1.65  -0.54%  LOSS    fallback_20pct
  2022-06-03   A2    2     AMD    BULLISH    0.34   106.89  106.39  -$0.50  -0.47%  LOSS    fallback_20pct
  2022-06-03   A2    3     PLTR   BULLISH    0.24     8.98    8.94  -$0.04  -0.45%  LOSS    fallback_20pct
                                                                   +$24.90  +0.36%  4W/9L  │  cap: +$93.31 (+0.93%)  portfolio: $20097.92
  ────────────────────────────────────────────────────────────────────────────────────────────────
  2022-06-06   M1    1     CVNA   BEARISH    2.53    26.31   26.30  +$0.01  +0.04%  WIN     hard_stop
                                  [BRE]              25.90   24.88  +$1.03  +3.98%  WIN     end_of_day
  2022-06-06   M1    2     PLTR   BEARISH    2.17     8.93    8.95  -$0.02  -0.22%  LOSS    hard_stop
                                  [BRE]               8.89    8.99  -$0.10  -1.12%  LOSS    end_of_day
  2022-06-06   M1    3     RH     BEARISH    2.03   301.19  302.51  -$1.32  -0.44%  LOSS    hard_stop
                                  [REV]             310.12  311.39  +$1.27  +0.41%  WIN     end_of_day
  ································································································
  2022-06-06   A1    1     CVNA   BEARISH    0.46    24.88   24.89  -$0.01  -0.04%  LOSS    fallback_20pct
                                  [REV]              25.02   25.12  +$0.10  +0.40%  WIN     trailing_stop_ma20
  2022-06-06   A1    2     ANAB   BEARISH    0.39    19.87   19.87  +$0.00  +0.00%  LOSS    fallback_20pct
                                  [REV]              19.94   19.87  -$0.07  -0.35%  LOSS    hard_stop
  2022-06-06   A1    3     FN     BEARISH    0.39    87.77   87.77  +$0.00  +0.00%  LOSS    fallback_20pct
                                  [REV]              87.80   87.84  +$0.04  +0.05%  WIN     trailing_stop_ma20
  ································································································
  2022-06-06   A2    1     APP    BULLISH    0.72    42.66   42.65  -$0.01  -0.02%  LOSS    hard_stop
  2022-06-06   A2    2     RH     BULLISH    0.67   312.02  310.85  -$1.17  -0.37%  LOSS    fallback_20pct
                                  [BRU]             312.69  311.04  -$1.65  -0.53%  LOSS    hard_stop
  2022-06-06   A2    3     PLTR   BEARISH    0.32     8.95    8.95  +$0.00  +0.00%  LOSS    hard_stop
                                  [REV]               8.98    8.99  +$0.01  +0.11%  WIN     end_of_day
                                                                    -$1.89  +0.11%  6W/11L  │  cap: +$141.73 (+1.42%)  portfolio: $20239.65
  ────────────────────────────────────────────────────────────────────────────────────────────────
  2022-06-07   M1    1     ANAB   BULLISH    4.57    21.58   22.26  +$0.68  +3.15%  WIN     trailing_stop_ma20
  2022-06-07   M1    2     APP    BULLISH    2.77    43.70   43.45  -$0.25  -0.57%  LOSS    hard_stop
                                  [BRU]              43.89   42.86  -$1.03  -2.35%  LOSS    hard_stop
  2022-06-07   M1    3     META   BULLISH    1.40   194.37  194.03  -$0.34  -0.17%  LOSS    hard_stop
                                  [BRU]             195.14  195.62  +$0.48  +0.25%  WIN     end_of_day
  ································································································
  2022-06-07   A1    1     SHOP   BULLISH    0.56   376.39  376.18  -$0.21  -0.06%  LOSS    fallback_20pct
                                  [BRU]             376.58  375.86  -$0.72  -0.19%  LOSS    hard_stop
  2022-06-07   A1    2     ANAB   BEARISH    0.41    22.45   22.46  -$0.01  -0.04%  LOSS    hard_stop
  2022-06-07   A1    3     FN     BEARISH    0.39    87.74   87.74  +$0.00  +0.00%  LOSS    hard_stop
                                  [REV]              87.91   88.67  +$0.76  +0.86%  WIN     end_of_day
  ································································································
  2022-06-07   A2    1     APP    BULLISH    0.65    42.95   43.45  +$0.50  +1.16%  WIN     end_of_day
  2022-06-07   A2    2     MU     BULLISH    0.31    70.37   70.76  +$0.39  +0.55%  WIN     end_of_day
  2022-06-07   A2    3     PLTR   BULLISH    0.30     9.06    9.12  +$0.06  +0.66%  WIN     end_of_day
                                                                    +$0.31  +0.25%  6W/7L  │  cap: +$163.78 (+1.64%)  portfolio: $20403.43
  ────────────────────────────────────────────────────────────────────────────────────────────────
  2022-06-08   A1    1     RH     BEARISH    0.40   301.11  301.18  -$0.07  -0.02%  LOSS    fallback_20pct
                                  [REV]             301.29  301.11  -$0.18  -0.06%  LOSS    hard_stop
  2022-06-08   A1    2     FN     BEARISH    0.39    88.16   88.00  +$0.16  +0.18%  WIN     end_of_day
  2022-06-08   A1    3     FANG   BEARISH    0.09   160.71  160.12  +$0.59  +0.37%  WIN     trailing_stop_ma20
  ································································································
  2022-06-08   A2    1     AMD    BEARISH    0.40   101.57  101.56  +$0.01  +0.01%  WIN     hard_stop
                                  [REV]             102.19  101.90  -$0.29  -0.28%  LOSS    end_of_day
  2022-06-08   A2    2     ANAB   BEARISH    0.26    23.70   23.71  +$0.00  +0.00%  LOSS    hard_stop
                                  [REV]              23.95   23.97  +$0.02  +0.08%  WIN     end_of_day
                                                                    +$0.24  +0.03%  4W/4L  │  cap: -$2.56 (-0.03%)  portfolio: $20400.86
  ────────────────────────────────────────────────────────────────────────────────────────────────
  2022-06-09   M1    1     CVNA   BEARISH    3.25    23.81   23.91  -$0.10  -0.42%  LOSS    fallback_20pct
                                  [BRE]              23.42   23.12  +$0.30  +1.28%  WIN     end_of_day
  2022-06-09   M1    2     COIN   BEARISH    3.06    66.00   66.05  -$0.05  -0.08%  LOSS    hard_stop
                                  [BRE]              65.45   63.70  +$1.75  +2.67%  WIN     end_of_day
  2022-06-09   M1    3     EXPE   BEARISH    2.74   124.79  125.39  -$0.60  -0.48%  LOSS    hard_stop
                                  [BRE]             124.33  122.00  +$2.33  +1.87%  WIN     end_of_day
  ································································································
  2022-06-09   A1    1     SHOP   BEARISH    0.56   377.70  371.31  +$6.39  +1.69%  WIN     end_of_day
  2022-06-09   A1    2     APP    BEARISH    0.45    41.89   40.27  +$1.62  +3.87%  WIN     end_of_day
  2022-06-09   A1    3     ANAB   BEARISH    0.42    22.69   22.70  -$0.01  -0.04%  LOSS    hard_stop
                                  [REV]              22.80   22.69  -$0.11  -0.48%  LOSS    hard_stop
  ································································································
  2022-06-09   A2    1     COIN   BEARISH    0.97    64.07   64.15  -$0.08  -0.12%  LOSS    hard_stop
                                  [BRE]              63.76   63.70  +$0.06  +0.09%  WIN     end_of_day
  2022-06-09   A2    2     APP    BEARISH    0.61    40.81   40.83  -$0.02  -0.05%  LOSS    hard_stop
                                  [BRE]              40.76   40.27  +$0.48  +1.18%  WIN     end_of_day
  2022-06-09   A2    3     TSLA   BEARISH    0.48   726.18  719.15  +$7.03  +0.97%  WIN     end_of_day
                                                                   +$18.99  +0.80%  8W/7L  │  cap: +$395.21 (+3.95%)  portfolio: $20796.07
  ────────────────────────────────────────────────────────────────────────────────────────────────
  2022-06-10   M1    1     RH     BEARISH    1.33   280.10  275.39  +$4.71  +1.68%  WIN     trailing_stop_ma20
  ································································································
  2022-06-10   A1    1     ANAB   BEARISH    0.43    21.70   21.71  -$0.01  -0.05%  LOSS    hard_stop
                                  [REV]              21.71   21.73  +$0.02  +0.09%  WIN     trailing_stop_ma20
  2022-06-10   A1    2     FN     BEARISH    0.34    83.42   83.43  -$0.01  -0.01%  LOSS    fallback_20pct
                                  [BRE]              83.37   83.05  +$0.32  +0.38%  WIN     end_of_day
  2022-06-10   A1    3     EXPE   BEARISH    0.15   114.56  114.59  -$0.03  -0.03%  LOSS    fallback_20pct
                                  [REV]             114.82  114.56  -$0.26  -0.23%  LOSS    hard_stop
  ································································································
  2022-06-10   A2    1     SHOP   BEARISH    1.32   342.18  342.52  -$0.34  -0.10%  LOSS    hard_stop
                                  [REV]             345.25  348.67  +$3.42  +0.99%  WIN     end_of_day
  2022-06-10   A2    2     MU     BEARISH    0.54    62.71   62.76  -$0.05  -0.08%  LOSS    hard_stop
                                  [BRE]              62.69   62.90  -$0.21  -0.33%  LOSS    hard_stop
  2022-06-10   A2    3     AMD    BEARISH    0.50    95.37   95.35  +$0.02  +0.02%  WIN     hard_stop
                                  [REV]              96.04   95.60  -$0.44  -0.46%  LOSS    hard_stop
                                                                    +$7.14  +0.15%  5W/8L  │  cap: +$116.15 (+1.16%)  portfolio: $20912.22
  ────────────────────────────────────────────────────────────────────────────────────────────────
  2022-06-13   M1    1     APP    BEARISH    4.83    34.15   33.40  +$0.74  +2.17%  WIN     trailing_stop_ma20
  2022-06-13   M1    2     SHOP   BEARISH    3.06   325.32  320.52  +$4.80  +1.48%  WIN     trailing_stop_ma20
  2022-06-13   M1    3     EXPE   BEARISH    1.75   109.59  107.57  +$2.02  +1.84%  WIN     trailing_stop_ma20
  ································································································
  2022-06-13   A1    1     COIN   BEARISH    0.50    52.95   52.23  +$0.72  +1.36%  WIN     trailing_stop_ma20
  2022-06-13   A1    2     ANAB   BEARISH    0.32    21.43   21.35  +$0.08  +0.37%  WIN     trailing_stop_ma20
  2022-06-13   A1    3     EXPE   BEARISH    0.15   106.77  106.78  -$0.01  -0.01%  LOSS    fallback_20pct
                                  [REV]             107.41  107.30  -$0.11  -0.10%  LOSS    trailing_stop_ma20
  ································································································
  2022-06-13   A2    1     FN     BEARISH    0.20    79.30   79.30  -$0.01  -0.01%  LOSS    hard_stop
                                  [REV]              79.34   79.43  +$0.09  +0.11%  WIN     trailing_stop_ma20
  2022-06-13   A2    2     ANAB   BEARISH    0.18    21.43   21.35  +$0.08  +0.37%  WIN     trailing_stop_ma20
                                                                    +$8.40  +0.76%  7W/3L  │  cap: +$284.56 (+2.85%)  portfolio: $21196.78
  ────────────────────────────────────────────────────────────────────────────────────────────────
  2022-06-14   M1    1     CVNA   BEARISH    4.12    20.69   20.86  -$0.17  -0.82%  LOSS    hard_stop
                                  [BRE]              20.60   20.92  -$0.32  -1.55%  LOSS    end_of_day
  2022-06-14   M1    2     COIN   BEARISH    4.01    49.25   49.70  -$0.45  -0.91%  LOSS    hard_stop
                                  [REV]              52.99   50.97  -$2.02  -3.81%  LOSS    hard_stop
  2022-06-14   M1    3     SHOP   BEARISH    3.11   306.19  308.36  -$2.17  -0.71%  LOSS    hard_stop
                                  [BRE]             305.60  303.39  +$2.21  +0.72%  WIN     end_of_day
  ································································································
  2022-06-14   A1    1     APP    BEARISH    0.76    33.04   33.05  -$0.01  -0.03%  LOSS    fallback_20pct
                                  [BRE]              32.96   32.33  +$0.63  +1.91%  WIN     end_of_day
  ································································································
  2022-06-14   A2    1     SHOP   BEARISH    1.08   300.29  300.33  -$0.04  -0.01%  LOSS    hard_stop
  2022-06-14   A2    2     MU     BEARISH    0.34    58.45   58.44  +$0.01  +0.02%  WIN     trailing_stop_ma20
  2022-06-14   A2    3     PLTR   BEARISH    0.34     7.75    7.75  +$0.00  +0.00%  LOSS    hard_stop
                                                                    -$2.33  -0.47%  3W/8L  │  cap: -$168.78 (-1.69%)  portfolio: $21028.00
  ────────────────────────────────────────────────────────────────────────────────────────────────
  2022-06-15   A1    1     FANG   BEARISH    0.11   148.50  148.51  -$0.02  -0.01%  LOSS    hard_stop
                                  [REV]             149.16  148.56  -$0.60  -0.40%  LOSS    hard_stop
  ································································································
  2022-06-15   A2    1     ANAB   BEARISH    0.17    21.55   21.55  +$0.00  +0.00%  LOSS    fallback_20pct
                                  [REV]              21.64   21.72  +$0.08  +0.37%  WIN     end_of_day
                                                                    -$0.54  -0.01%  1W/3L  │  cap: -$2.34 (-0.02%)  portfolio: $21025.66
  ────────────────────────────────────────────────────────────────────────────────────────────────
  2022-06-16   M1    1     RH     BEARISH    1.78   235.62  235.72  -$0.09  -0.04%  LOSS    fallback_20pct
                                  [BRE]             231.54  231.86  -$0.32  -0.14%  LOSS    end_of_day
  2022-06-16   M1    2     APP    BEARISH    1.72    31.89   30.86  +$1.03  +3.23%  WIN     trailing_stop_ma20
  2022-06-16   M1    3     ANAB   BEARISH    1.32    20.86   20.42  +$0.43  +2.06%  WIN     end_of_day
  ································································································
  2022-06-16   A1    1     APP    BEARISH    0.69    31.22   31.23  -$0.01  -0.03%  LOSS    hard_stop
                                  [REV]              31.32   31.26  -$0.05  -0.16%  LOSS    hard_stop
  2022-06-16   A1    2     COIN   BEARISH    0.53    51.61   51.64  -$0.03  -0.06%  LOSS    hard_stop
                                  [REV]              51.95   51.74  -$0.21  -0.40%  LOSS    hard_stop
  2022-06-16   A1    3     CVNA   BEARISH    0.42    21.50   21.51  -$0.01  -0.05%  LOSS    hard_stop
                                  [REV]              21.74   21.52  -$0.22  -1.01%  LOSS    hard_stop
  ································································································
  2022-06-16   A2    1     ANAB   BEARISH    0.18    20.50   20.42  +$0.08  +0.39%  WIN     end_of_day
                                                                    +$0.60  +0.34%  3W/8L  │  cap: +$103.78 (+1.04%)  portfolio: $21129.44
  ────────────────────────────────────────────────────────────────────────────────────────────────
  2022-06-17   A2    1     SHOP   BEARISH    1.23   318.26  318.48  -$0.22  -0.07%  LOSS    hard_stop
                                  [BRE]             317.12  317.43  -$0.31  -0.10%  LOSS    end_of_day
  2022-06-17   A2    2     MU     BEARISH    0.38    55.40   55.41  -$0.01  -0.02%  LOSS    hard_stop
                                  [REV]              55.62   55.74  +$0.12  +0.22%  WIN     end_of_day
  2022-06-17   A2    3     META   BEARISH    0.26   163.77  163.86  -$0.09  -0.05%  LOSS    hard_stop
                                                                    -$0.51  -0.00%  1W/4L  │  cap: -$3.51 (-0.04%)  portfolio: $21125.93
  ────────────────────────────────────────────────────────────────────────────────────────────────
  2022-06-21   A1    1     CVNA   BEARISH    0.83    25.82   25.86  -$0.04  -0.15%  LOSS    hard_stop
                                  [BRE]              25.78   24.82  +$0.96  +3.72%  WIN     end_of_day
  2022-06-21   A1    2     SHOP   BEARISH    0.53   328.92  329.01  -$0.09  -0.03%  LOSS    hard_stop
                                  [REV]             329.92  329.30  -$0.63  -0.19%  LOSS    trailing_stop_ma20
  2022-06-21   A1    3     COIN   BEARISH    0.40    58.86   58.88  -$0.02  -0.03%  LOSS    hard_stop
                                  [REV]              59.44   58.93  -$0.51  -0.86%  LOSS    hard_stop
  ································································································
  2022-06-21   A2    1     SHOP   BEARISH    1.07   329.26  329.27  -$0.01  -0.00%  LOSS    fallback_20pct
                                  [REV]             331.05  329.46  -$1.59  -0.48%  LOSS    hard_stop
  2022-06-21   A2    2     COIN   BEARISH    0.94    57.74   57.81  -$0.08  -0.14%  LOSS    fallback_20pct
                                  [REV]              58.20   57.94  -$0.26  -0.45%  LOSS    hard_stop
  2022-06-21   A2    3     APP    BEARISH    0.69    35.00   35.02  -$0.02  -0.06%  LOSS    fallback_20pct
                                  [REV]              35.16   35.07  -$0.09  -0.26%  LOSS    hard_stop
                                                                    -$2.38  +0.09%  1W/11L  │  cap: +$105.33 (+1.05%)  portfolio: $21231.26
  ────────────────────────────────────────────────────────────────────────────────────────────────
  2022-06-22   M1    1     PLTR   BULLISH    2.96     8.90    9.16  +$0.26  +2.92%  WIN     trailing_stop_ma20
  2022-06-22   M1    2     APP    BULLISH    2.27    35.23   35.20  -$0.03  -0.09%  LOSS    fallback_20pct
                                  [BRU]              35.48   35.99  +$0.52  +1.47%  WIN     end_of_day
  2022-06-22   M1    3     CVNA   BULLISH    2.23    25.46   25.74  +$0.28  +1.10%  WIN     trailing_stop_ma20
  ································································································
  2022-06-22   A1    1     RH     BULLISH    0.72   250.19  250.14  -$0.05  -0.02%  LOSS    hard_stop
  2022-06-22   A1    2     SHOP   BULLISH    0.61   343.95  343.67  -$0.28  -0.08%  LOSS    fallback_20pct
                                  [BRU]             343.98  343.34  -$0.64  -0.19%  LOSS    hard_stop
  2022-06-22   A1    3     CVNA   BULLISH    0.58    25.41   25.37  -$0.04  -0.16%  LOSS    fallback_20pct
                                  [BRU]              25.50   25.38  -$0.12  -0.47%  LOSS    hard_stop
  ································································································
  2022-06-22   A2    1     SHOP   BULLISH    1.16   345.28  345.03  -$0.24  -0.07%  LOSS    fallback_20pct
  2022-06-22   A2    2     AMD    BULLISH    0.41    85.03   84.96  -$0.07  -0.08%  LOSS    fallback_20pct
  2022-06-22   A2    3     MU     BULLISH    0.38    56.83   56.80  -$0.03  -0.05%  LOSS    fallback_20pct
                                                                    -$0.44  +0.36%  3W/9L  │  cap: +$180.31 (+1.80%)  portfolio: $21411.57
  ────────────────────────────────────────────────────────────────────────────────────────────────
  2022-06-23   M1    1     PLTR   BEARISH    2.52     8.85    8.91  -$0.06  -0.68%  LOSS    fallback_20pct
                                  [REV]               9.24    9.45  +$0.21  +2.27%  WIN     end_of_day
  2022-06-23   M1    2     COIN   BEARISH    2.39    52.32   52.47  -$0.15  -0.29%  LOSS    fallback_20pct
                                  [REV]              54.62   53.10  -$1.52  -2.78%  LOSS    hard_stop
  2022-06-23   M1    3     TSLA   BEARISH    2.37   697.28  698.38  -$1.10  -0.16%  LOSS    hard_stop
                                  [BRE]             692.28  706.24 -$13.96  -2.02%  LOSS    hard_stop
  ································································································
  2022-06-23   A1    1     ANAB   BEARISH    0.28    22.08   22.08  +$0.00  +0.00%  LOSS    fallback_20pct
                                  [REV]              22.40   22.43  +$0.04  +0.18%  WIN     trailing_stop_ma20
  ································································································
  2022-06-23   A2    1     COIN   BULLISH    1.23    57.57   58.86  +$1.29  +2.24%  WIN     end_of_day
  2022-06-23   A2    2     APP    BULLISH    0.62    37.91   37.89  -$0.02  -0.05%  LOSS    fallback_20pct
                                  [BRU]              38.28   38.14  -$0.14  -0.37%  LOSS    end_of_day
  2022-06-23   A2    3     PLTR   BULLISH    0.37     9.43    9.42  +$0.00  +0.00%  LOSS    hard_stop
                                  [BRU]               9.44    9.45  +$0.01  +0.11%  WIN     end_of_day
                                                                   -$15.40  -0.12%  4W/9L  │  cap: +$54.17 (+0.54%)  portfolio: $21465.73
  ────────────────────────────────────────────────────────────────────────────────────────────────
  2022-06-24   M1    1     CVNA   BULLISH    3.41    29.00   28.90  -$0.10  -0.34%  LOSS    hard_stop
  2022-06-24   M1    2     COIN   BULLISH    3.18    63.24   62.78  -$0.45  -0.71%  LOSS    hard_stop
                                  [BRU]              64.00   61.64  -$2.36  -3.69%  LOSS    hard_stop
  2022-06-24   M1    3     PLTR   BULLISH    2.83     9.93    9.86  -$0.07  -0.70%  LOSS    hard_stop
                                  [BRU]               9.93   10.18  +$0.26  +2.62%  WIN     end_of_day
  ································································································
  2022-06-24   A1    1     CVNA   BULLISH    0.90    29.49   31.50  +$2.01  +6.82%  WIN     end_of_day
  2022-06-24   A1    2     APP    BULLISH    0.74    39.84   39.74  -$0.10  -0.25%  LOSS    fallback_20pct
                                  [BRU]              39.89   40.09  +$0.20  +0.50%  WIN     trailing_stop_ma20
  2022-06-24   A1    3     RH     BEARISH    0.68   266.64  266.55  +$0.09  +0.03%  WIN     trailing_stop_ma20
  ································································································
  2022-06-24   A2    1     COIN   BULLISH    0.91    62.19   62.14  -$0.05  -0.08%  LOSS    fallback_20pct
                                  [BRU]              62.65   62.72  +$0.07  +0.11%  WIN     end_of_day
  2022-06-24   A2    2     APP    BULLISH    0.59    40.17   40.16  -$0.01  -0.02%  LOSS    hard_stop
                                  [BRU]              40.24   40.13  -$0.11  -0.27%  LOSS    hard_stop
  2022-06-24   A2    3     AMD    BULLISH    0.28    86.72   86.60  -$0.12  -0.14%  LOSS    fallback_20pct
                                  [BRU]              87.11   87.11  +$0.00  +0.00%  LOSS    end_of_day
                                                                    -$0.74  +0.26%  5W/10L  │  cap: +$223.78 (+2.24%)  portfolio: $21689.51
  ────────────────────────────────────────────────────────────────────────────────────────────────
  2022-06-27   M1    1     CVNA   BEARISH    4.04    29.95   29.76  +$0.19  +0.63%  WIN     trailing_stop_ma20
  2022-06-27   M1    2     COIN   BEARISH    3.53    56.95   57.03  -$0.08  -0.14%  LOSS    hard_stop
                                  [BRE]              56.35   55.93  +$0.42  +0.75%  WIN     end_of_day
  2022-06-27   M1    3     PLTR   BEARISH    2.85     9.67    9.70  -$0.04  -0.41%  LOSS    hard_stop
                                  [BRE]               9.60    9.62  -$0.01  -0.10%  LOSS    end_of_day
  ································································································
  2022-06-27   A1    1     CVNA   BULLISH    1.24    30.05   30.03  -$0.02  -0.07%  LOSS    hard_stop
                                  [BRU]              30.09   30.29  +$0.20  +0.66%  WIN     trailing_stop_ma20
  2022-06-27   A1    2     PLTR   BULLISH    0.60     9.66    9.66  +$0.00  +0.00%  LOSS    hard_stop
                                  [BRU]               9.68    9.65  -$0.02  -0.21%  LOSS    hard_stop
  2022-06-27   A1    3     SHOP   BULLISH    0.49   372.19  372.37  +$0.18  +0.05%  WIN     hard_stop
                                  [BRU]             373.43  372.13  -$1.30  -0.35%  LOSS    hard_stop
  ································································································
  2022-06-27   A2    1     COIN   BEARISH    1.56    56.53   55.93  +$0.60  +1.06%  WIN     end_of_day
  2022-06-27   A2    2     SHOP   BEARISH    1.20   372.22  372.54  -$0.32  -0.09%  LOSS    fallback_20pct
                                  [REV]             374.48  373.03  -$1.45  -0.39%  LOSS    hard_stop
  2022-06-27   A2    3     APP    BEARISH    0.67    38.14   38.16  -$0.02  -0.05%  LOSS    hard_stop
                                  [REV]              38.32   38.32  +$0.00  +0.00%  LOSS    end_of_day
                                                                    -$1.67  +0.08%  5W/11L  │  cap: +$95.33 (+0.95%)  portfolio: $21784.84
  ────────────────────────────────────────────────────────────────────────────────────────────────
  2022-06-28   M1    1     EXPE   BULLISH    2.45   106.33  105.86  -$0.47  -0.44%  LOSS    fallback_20pct
  2022-06-28   M1    2     PLTR   BULLISH    2.26     9.81    9.77  -$0.04  -0.41%  LOSS    hard_stop
  2022-06-28   M1    3     ANAB   BEARISH    1.75    22.22   20.85  +$1.37  +6.17%  WIN     end_of_day
  ································································································
  2022-06-28   A1    1     CVNA   BEARISH    1.30    25.59   25.62  -$0.03  -0.12%  LOSS    fallback_20pct
                                  [REV]              25.79   25.68  -$0.11  -0.43%  LOSS    hard_stop
  2022-06-28   A1    2     APP    BEARISH    0.61    36.26   36.27  -$0.01  -0.03%  LOSS    hard_stop
                                  [REV]              36.36   36.28  -$0.09  -0.25%  LOSS    hard_stop
  2022-06-28   A1    3     SHOP   BEARISH    0.41   354.41  353.38  +$1.03  +0.29%  WIN     trailing_stop_ma20
  ································································································
  2022-06-28   A2    1     SHOP   BEARISH    1.29   349.66  350.00  -$0.34  -0.10%  LOSS    hard_stop
                                  [BRE]             349.43  350.80  -$1.37  -0.39%  LOSS    hard_stop
  2022-06-28   A2    2     AMD    BEARISH    0.47    80.59   80.62  -$0.03  -0.04%  LOSS    hard_stop
                                  [REV]              80.95   80.78  -$0.17  -0.21%  LOSS    end_of_day
  2022-06-28   A2    3     TSLA   BEARISH    0.41   700.42  700.37  +$0.05  +0.01%  WIN     hard_stop
                                  [BRE]             699.26  697.98  +$1.28  +0.18%  WIN     end_of_day
                                                                    +$1.07  +0.30%  4W/10L  │  cap: +$30.84 (+0.31%)  portfolio: $21815.69
  ────────────────────────────────────────────────────────────────────────────────────────────────
  2022-06-29   M1    1     CVNA   BEARISH    2.54    23.13   23.29  -$0.16  -0.69%  LOSS    fallback_20pct
                                  [REV]              24.30   23.64  -$0.66  -2.72%  LOSS    hard_stop
  2022-06-29   M1    2     NVDA   BEARISH    2.46   152.17  153.22  -$1.05  -0.69%  LOSS    fallback_20pct
  2022-06-29   M1    3     SHOP   BEARISH    2.34    33.09   33.23  -$0.14  -0.42%  LOSS    fallback_20pct
                                  [REV]              34.47   33.67  -$0.80  -2.32%  LOSS    hard_stop
  ································································································
  2022-06-29   A1    1     ANAB   BEARISH    0.44    20.80   20.81  -$0.01  -0.05%  LOSS    fallback_20pct
                                  [BRE]              20.76   20.83  -$0.07  -0.34%  LOSS    hard_stop
  ································································································
  2022-06-29   A2    1     RH     BEARISH    0.34   236.80  236.82  -$0.02  -0.01%  LOSS    fallback_20pct
                                  [REV]             237.54  236.91  -$0.63  -0.27%  LOSS    trailing_stop_ma20
  2022-06-29   A2    2     TSLA   BEARISH    0.27   678.46  678.52  -$0.06  -0.01%  LOSS    fallback_20pct
                                  [REV]             683.55  685.20  +$1.65  +0.24%  WIN     end_of_day
                                                                    -$1.95  -0.66%  1W/10L  │  cap: -$271.29 (-2.71%)  portfolio: $21544.40
  ────────────────────────────────────────────────────────────────────────────────────────────────
  2022-06-30   M1    1     APP    BEARISH    2.94    33.70   33.93  -$0.23  -0.68%  LOSS    fallback_20pct
                                  [BRE]              33.41   34.39  -$0.98  -2.93%  LOSS    hard_stop
  2022-06-30   M1    2     ANAB   BEARISH    2.56    19.62   19.74  -$0.12  -0.61%  LOSS    fallback_20pct
                                  [REV]              20.52   19.93  -$0.59  -2.88%  LOSS    hard_stop
  2022-06-30   M1    3     SHOP   BEARISH    2.05    32.19   31.71  +$0.48  +1.49%  WIN     trailing_stop_ma20
  ································································································
  2022-06-30   A1    1     CVNA   BEARISH    1.27    22.72   22.74  -$0.02  -0.09%  LOSS    fallback_20pct
                                  [REV]              23.02   23.08  +$0.06  +0.26%  WIN     trailing_stop_ma20
  2022-06-30   A1    2     PLTR   BEARISH    0.59     9.04    9.05  -$0.01  -0.11%  LOSS    fallback_20pct
                                  [REV]               9.09    9.10  +$0.01  +0.11%  WIN     trailing_stop_ma20
  2022-06-30   A1    3     COIN   BEARISH    0.46    47.07   47.10  -$0.03  -0.06%  LOSS    fallback_20pct
                                  [REV]              47.27   47.52  +$0.25  +0.53%  WIN     trailing_stop_ma20
  ································································································
  2022-06-30   A2    1     CVNA   BEARISH    0.77    22.73   22.75  -$0.02  -0.09%  LOSS    hard_stop
                                  [REV]              22.93   22.80  -$0.13  -0.57%  LOSS    hard_stop
  2022-06-30   A2    2     MU     BEARISH    0.29    55.78   51.83  +$3.94  +7.06%  WIN     end_of_day
  2022-06-30   A2    3     ANAB   BEARISH    0.22    20.10   20.10  +$0.00  +0.00%  LOSS    hard_stop
                                                                    +$2.61  +0.10%  5W/10L  │  cap: -$63.22 (-0.63%)  portfolio: $21481.18
  ────────────────────────────────────────────────────────────────────────────────────────────────
  2022-07-01   M1    1     META   BEARISH    1.76   156.23  156.52  -$0.29  -0.19%  LOSS    fallback_20pct
                                  [BRE]             155.30  158.06  -$2.75  -1.77%  LOSS    hard_stop
  2022-07-01   M1    2     MU     BEARISH    1.17    52.90   52.92  -$0.02  -0.04%  LOSS    hard_stop
                                  [BRE]              52.10   53.34  -$1.24  -2.38%  LOSS    hard_stop
  2022-07-01   M1    3     FN     BEARISH    1.02    80.32   80.17  +$0.16  +0.20%  WIN     trailing_stop_ma20
  ································································································
  2022-07-01   A1    1     APP    BEARISH    0.68    34.49   34.50  -$0.01  -0.03%  LOSS    fallback_20pct
                                  [REV]              34.67   34.66  -$0.01  -0.03%  LOSS    trailing_stop_ma20
  2022-07-01   A1    2     PLTR   BEARISH    0.60     9.14    9.14  +$0.00  +0.00%  LOSS    fallback_20pct
                                  [REV]               9.20    9.17  -$0.03  -0.33%  LOSS    trailing_stop_ma20
  2022-07-01   A1    3     EXPE   BEARISH    0.26    95.62   95.66  -$0.04  -0.04%  LOSS    fallback_20pct
                                  [REV]              95.89   96.12  +$0.23  +0.24%  WIN     trailing_stop_ma20
  ································································································
  2022-07-01   A2    1     APP    BEARISH    0.68    34.68   34.71  -$0.02  -0.06%  LOSS    fallback_20pct
                                  [REV]              34.92   34.96  +$0.04  +0.11%  WIN     end_of_day
  2022-07-01   A2    2     RH     BEARISH    0.33   219.00  219.02  -$0.01  -0.00%  LOSS    hard_stop
                                                                    -$3.99  -0.31%  3W/11L  │  cap: -$172.28 (-1.72%)  portfolio: $21308.90
  ────────────────────────────────────────────────────────────────────────────────────────────────
  2022-07-05   M1    1     SHOP   BEARISH    1.94    29.91   29.97  -$0.06  -0.20%  LOSS    fallback_20pct
                                  [REV]              31.04   31.82  +$0.78  +2.51%  WIN     trailing_stop_ma20
  2022-07-05   M1    2     META   BEARISH    0.94   157.37  157.45  -$0.08  -0.05%  LOSS    fallback_20pct
                                  [REV]             159.11  164.95  +$5.84  +3.67%  WIN     trailing_stop_ma20
  2022-07-05   M1    3     RH     BEARISH    0.91   215.79  215.85  -$0.06  -0.03%  LOSS    fallback_20pct
                                  [REV]             219.38  240.26 +$20.88  +9.52%  WIN     trailing_stop_ma20
  ································································································
  2022-07-05   A1    1     CVNA   BULLISH    1.59    25.86   27.58  +$1.72  +6.65%  WIN     end_of_day
  2022-07-05   A1    2     PLTR   BULLISH    0.78     9.69   10.07  +$0.38  +3.92%  WIN     end_of_day
  2022-07-05   A1    3     APP    BULLISH    0.69    34.81   35.33  +$0.52  +1.49%  WIN     end_of_day
  ································································································
  2022-07-05   A2    1     COIN   BULLISH    0.87    53.58   55.40  +$1.82  +3.40%  WIN     end_of_day
  2022-07-05   A2    2     CVNA   BULLISH    0.85    27.14   27.58  +$0.43  +1.58%  WIN     end_of_day
  2022-07-05   A2    3     APP    BULLISH    0.59    35.06   35.33  +$0.27  +0.77%  WIN     end_of_day
                                                                   +$32.44  +2.77%  9W/3L  │  cap: +$1168.01 (+11.68%)  portfolio: $22476.90
  ────────────────────────────────────────────────────────────────────────────────────────────────
  2022-07-06   M1    1     ANAB   BEARISH    3.23    21.49   20.98  +$0.51  +2.37%  WIN     end_of_day
  2022-07-06   M1    2     APP    BULLISH    1.79    35.50   34.87  -$0.63  -1.77%  LOSS    fallback_20pct
                                  [BRU]              36.21   35.88  -$0.33  -0.91%  LOSS    end_of_day
  2022-07-06   M1    3     MU     BULLISH    1.37    57.86   57.81  -$0.05  -0.09%  LOSS    fallback_20pct
                                  [BRU]              58.11   57.39  -$0.72  -1.24%  LOSS    hard_stop
  ································································································
  2022-07-06   A1    1     COIN   BEARISH    0.96    52.58   52.63  -$0.05  -0.10%  LOSS    fallback_20pct
                                  [REV]              52.83   52.70  -$0.13  -0.25%  LOSS    hard_stop
  2022-07-06   A1    2     PLTR   BULLISH    0.75     9.91    9.91  +$0.00  +0.00%  LOSS    hard_stop
  2022-07-06   A1    3     APP    BULLISH    0.71    35.68   35.74  +$0.06  +0.17%  WIN     trailing_stop_ma20
  ································································································
  2022-07-06   A2    1     MU     BULLISH    0.76    57.65   57.66  +$0.01  +0.02%  WIN     hard_stop
  2022-07-06   A2    2     ANAB   BEARISH    0.23    21.30   20.98  +$0.32  +1.50%  WIN     end_of_day
  2022-07-06   A2    3     META   BULLISH    0.12   170.36  170.45  +$0.09  +0.05%  WIN     hard_stop
                                                                    -$0.92  -0.02%  5W/7L  │  cap: +$44.84 (+0.45%)  portfolio: $22521.75
  ────────────────────────────────────────────────────────────────────────────────────────────────
  2022-07-07   M1    1     PLTR   BULLISH    2.57    10.15   10.10  -$0.05  -0.49%  LOSS    hard_stop
                                  [BRU]              10.18   10.18  +$0.00  +0.00%  LOSS    end_of_day
  2022-07-07   M1    2     APP    BULLISH    2.38    37.30   37.14  -$0.16  -0.43%  LOSS    hard_stop
                                  [BRU]              37.44   37.63  +$0.20  +0.53%  WIN     end_of_day
  2022-07-07   M1    3     SHOP   BULLISH    2.03    33.42   34.87  +$1.45  +4.34%  WIN     trailing_stop_ma20
  ································································································
  2022-07-07   A1    1     APP    BULLISH    0.56    37.47   37.45  -$0.02  -0.05%  LOSS    fallback_20pct
                                  [BRU]              37.50   37.62  +$0.12  +0.32%  WIN     trailing_stop_ma20
  2022-07-07   A1    2     SHOP   BEARISH    0.39    34.80   34.80  +$0.00  +0.00%  LOSS    fallback_20pct
                                  [REV]              34.95   35.06  +$0.11  +0.31%  WIN     trailing_stop_ma20
  2022-07-07   A1    3     ANAB   BEARISH    0.35    20.50   20.50  +$0.00  +0.00%  LOSS    hard_stop
                                  [BRE]              20.22   19.96  +$0.26  +1.29%  WIN     end_of_day
  ································································································
  2022-07-07   A2    1     COIN   BULLISH    0.77    57.34   57.44  +$0.10  +0.17%  WIN     hard_stop
  2022-07-07   A2    2     MU     BULLISH    0.68    59.01   58.99  -$0.02  -0.03%  LOSS    hard_stop
                                  [BRU]              59.02   58.94  -$0.08  -0.14%  LOSS    hard_stop
  2022-07-07   A2    3     APP    BULLISH    0.48    37.74   37.74  -$0.01  -0.03%  LOSS    fallback_20pct
                                                                    +$1.90  +0.39%  6W/9L  │  cap: +$117.25 (+1.17%)  portfolio: $22639.00
  ────────────────────────────────────────────────────────────────────────────────────────────────
  2022-07-08   M1    1     RH     BULLISH    2.21   262.54  258.82  -$3.72  -1.42%  LOSS    fallback_20pct
                                  [BRU]             264.09  258.38  -$5.71  -2.16%  LOSS    hard_stop
  2022-07-08   M1    2     SHOP   BULLISH    1.92    35.19   35.10  -$0.09  -0.26%  LOSS    fallback_20pct
                                  [BRU]              35.50   35.98  +$0.48  +1.35%  WIN     trailing_stop_ma20
  2022-07-08   M1    3     MU     BULLISH    1.23    59.15   59.01  -$0.14  -0.24%  LOSS    fallback_20pct
                                  [BRU]              59.22   59.66  +$0.43  +0.73%  WIN     trailing_stop_ma20
  ································································································
  2022-07-08   A1    1     CVNA   BEARISH    1.75    26.02   26.01  +$0.01  +0.04%  WIN     hard_stop
                                  [BRE]              25.83   25.06  +$0.77  +2.98%  WIN     end_of_day
  2022-07-08   A1    2     FANG   BEARISH    0.33   115.36  115.38  -$0.02  -0.02%  LOSS    hard_stop
                                  [REV]             115.98  115.88  -$0.09  -0.08%  LOSS    trailing_stop_ma20
  2022-07-08   A1    3     META   BEARISH    0.28   169.82  169.87  -$0.05  -0.03%  LOSS    fallback_20pct
                                  [REV]             170.57  170.92  +$0.34  +0.20%  WIN     trailing_stop_ma20
  ································································································
  2022-07-08   A2    1     COIN   BULLISH    0.70    61.20   61.16  -$0.04  -0.07%  LOSS    fallback_20pct
  2022-07-08   A2    2     APP    BULLISH    0.50    37.61   37.34  -$0.27  -0.72%  LOSS    fallback_20pct
  2022-07-08   A2    3     RH     BULLISH    0.41   263.77  263.45  -$0.32  -0.12%  LOSS    fallback_20pct
                                                                    -$8.42  +0.01%  5W/10L  │  cap: -$14.08 (-0.14%)  portfolio: $22624.91
  ────────────────────────────────────────────────────────────────────────────────────────────────
  2022-07-11   M1    1     SHOP   BEARISH    3.21    33.06   32.87  +$0.19  +0.57%  WIN     trailing_stop_ma20
  2022-07-11   M1    2     APP    BEARISH    2.60    35.66   35.41  +$0.25  +0.70%  WIN     trailing_stop_ma20
  2022-07-11   M1    3     PLTR   BEARISH    2.21     9.68    9.69  -$0.01  -0.10%  LOSS    hard_stop
  ································································································
  2022-07-11   A1    1     COIN   BEARISH    0.95    54.58   54.63  -$0.05  -0.09%  LOSS    fallback_20pct
                                  [REV]              55.02   54.70  -$0.33  -0.60%  LOSS    hard_stop
  2022-07-11   A1    2     APP    BEARISH    0.60    34.58   34.59  -$0.01  -0.03%  LOSS    fallback_20pct
                                  [REV]              34.94   34.94  +$0.00  +0.00%  LOSS    trailing_stop_ma20
  2022-07-11   A1    3     SHOP   BEARISH    0.46    32.52   32.54  -$0.02  -0.06%  LOSS    hard_stop
                                  [REV]              32.64   32.57  -$0.07  -0.21%  LOSS    hard_stop
  ································································································
  2022-07-11   A2    1     COIN   BEARISH    0.81    53.33   53.37  -$0.04  -0.08%  LOSS    fallback_20pct
                                  [REV]              53.75   53.48  -$0.27  -0.50%  LOSS    hard_stop
  2022-07-11   A2    2     MU     BEARISH    0.65    57.94   57.95  -$0.02  -0.03%  LOSS    hard_stop
                                  [REV]              58.06   57.99  -$0.07  -0.12%  LOSS    hard_stop
  2022-07-11   A2    3     CVNA   BEARISH    0.59    22.12   22.12  +$0.00  +0.00%  LOSS    hard_stop
                                  [BRE]              22.08   22.06  +$0.03  +0.14%  WIN     end_of_day
                                                                    -$0.42  -0.03%  3W/12L  │  cap: -$24.27 (-0.24%)  portfolio: $22600.64
  ────────────────────────────────────────────────────────────────────────────────────────────────
  2022-07-12   M1    1     ANAB   BEARISH    3.86    18.35   18.52  -$0.17  -0.93%  LOSS    hard_stop
                                  [REV]              19.49   19.67  +$0.18  +0.92%  WIN     end_of_day
  2022-07-12   M1    2     AMD    BEARISH    1.62    75.90   75.84  +$0.06  +0.08%  WIN     trailing_stop_ma20
  ································································································
  2022-07-12   A1    1     FANG   BEARISH    0.29   110.61  110.62  -$0.01  -0.01%  LOSS    fallback_20pct
                                  [REV]             110.98  111.08  +$0.10  +0.09%  WIN     trailing_stop_ma20
  2022-07-12   A1    2     MU     BEARISH    0.23    59.31   59.34  -$0.03  -0.05%  LOSS    hard_stop
                                  [REV]              59.59   59.47  -$0.12  -0.20%  LOSS    trailing_stop_ma20
  2022-07-12   A1    3     EXPE   BEARISH    0.17    92.84   92.86  -$0.02  -0.02%  LOSS    hard_stop
  ································································································
  2022-07-12   A2    1     COIN   BEARISH    0.90    54.01   54.08  -$0.07  -0.13%  LOSS    hard_stop
                                  [BRE]              53.85   54.23  -$0.38  -0.71%  LOSS    hard_stop
  2022-07-12   A2    2     MU     BEARISH    0.79    58.95   58.98  -$0.03  -0.05%  LOSS    fallback_20pct
                                  [BRE]              58.75   59.08  -$0.33  -0.56%  LOSS    hard_stop
  2022-07-12   A2    3     CVNA   BEARISH    0.69    21.86   21.88  -$0.02  -0.09%  LOSS    hard_stop
                                                                    -$0.84  -0.13%  3W/10L  │  cap: -$63.67 (-0.64%)  portfolio: $22536.97
  ────────────────────────────────────────────────────────────────────────────────────────────────
  2022-07-13   A1    1     CVNA   BEARISH    1.32    21.06   21.09  -$0.03  -0.14%  LOSS    fallback_20pct
                                  [REV]              21.26   21.13  -$0.13  -0.61%  LOSS    hard_stop
  2022-07-13   A1    2     SHOP   BEARISH    0.38    32.42   32.43  -$0.01  -0.03%  LOSS    fallback_20pct
                                  [BRE]              32.26   32.48  -$0.23  -0.71%  LOSS    hard_stop
  ································································································
  2022-07-13   A2    1     FN     BEARISH    0.29    82.21   81.47  +$0.73  +0.89%  WIN     end_of_day
                                                                    +$0.33  -0.12%  1W/4L  │  cap: -$15.88 (-0.16%)  portfolio: $22521.09
  ────────────────────────────────────────────────────────────────────────────────────────────────
  2022-07-14   M1    1     ANAB   BEARISH    2.32    19.38   19.46  -$0.08  -0.41%  LOSS    hard_stop
                                  [REV]              19.99   20.00  +$0.01  +0.05%  WIN     end_of_day
  2022-07-14   M1    2     SHOP   BEARISH    1.91    31.33   31.49  -$0.16  -0.51%  LOSS    fallback_20pct
                                  [BRE]              31.24   30.68  +$0.56  +1.79%  WIN     end_of_day
  2022-07-14   M1    3     APP    BEARISH    1.84    32.01   31.58  +$0.42  +1.31%  WIN     trailing_stop_ma20
  ································································································
  2022-07-14   A1    1     FN     BEARISH    0.27    79.14   79.15  -$0.01  -0.01%  LOSS    hard_stop
                                  [REV]              80.48   81.70  +$1.22  +1.52%  WIN     end_of_day
                                                                    +$1.96  +0.53%  4W/3L  │  cap: +$122.07 (+1.22%)  portfolio: $22643.17
  ────────────────────────────────────────────────────────────────────────────────────────────────
  2022-07-15   M1    1     ANAB   BULLISH    2.04    20.32   20.17  -$0.15  -0.74%  LOSS    fallback_20pct
                                  [BRU]              20.73   20.37  -$0.36  -1.74%  LOSS    end_of_day
  2022-07-15   M1    2     CVNA   BULLISH    1.46    21.17   20.66  -$0.52  -2.46%  LOSS    fallback_20pct
                                  [BRU]              21.41   21.27  -$0.14  -0.65%  LOSS    end_of_day
  2022-07-15   M1    3     RH     BULLISH    1.44   263.39  259.43  -$3.96  -1.50%  LOSS    fallback_20pct
                                  [BRU]             263.79  268.40  +$4.61  +1.75%  WIN     trailing_stop_ma20
  ································································································
  2022-07-15   A1    1     CVNA   BULLISH    1.18    21.34   21.49  +$0.15  +0.70%  WIN     trailing_stop_ma20
  2022-07-15   A1    2     APP    BULLISH    0.66    32.18   32.59  +$0.41  +1.27%  WIN     trailing_stop_ma20
  2022-07-15   A1    3     RH     BULLISH    0.22   269.45  269.44  -$0.01  -0.00%  LOSS    hard_stop
  ································································································
  2022-07-15   A2    1     MU     BULLISH    0.64    61.41   61.41  +$0.00  +0.00%  LOSS    hard_stop
                                  [BRU]              61.52   61.52  +$0.00  +0.00%  LOSS    end_of_day
  2022-07-15   A2    2     RH     BEARISH    0.34   268.55  268.59  -$0.04  -0.01%  LOSS    hard_stop
                                  [BRE]             268.38  267.40  +$0.98  +0.37%  WIN     end_of_day
  2022-07-15   A2    3     ANAB   BULLISH    0.26    20.36   20.23  -$0.13  -0.64%  LOSS    fallback_20pct
                                  [BRU]              20.37   20.37  +$0.00  +0.00%  LOSS    end_of_day
                                                                    +$0.84  -0.24%  4W/11L  │  cap: -$142.66 (-1.43%)  portfolio: $22500.51
  ────────────────────────────────────────────────────────────────────────────────────────────────
  2022-07-18   M1    1     RH     BEARISH    1.32   266.82  264.86  +$1.96  +0.73%  WIN     trailing_stop_ma20
  ································································································
  2022-07-18   A1    1     COIN   BEARISH    1.27    61.83   58.64  +$3.19  +5.16%  WIN     end_of_day
  2022-07-18   A1    2     PLTR   BEARISH    0.85     9.26    9.27  -$0.01  -0.11%  LOSS    fallback_20pct
                                  [BRE]               9.26    9.02  +$0.23  +2.48%  WIN     end_of_day
  2022-07-18   A1    3     APP    BEARISH    0.69    34.95   34.34  +$0.61  +1.75%  WIN     trailing_stop_ma20
  ································································································
  2022-07-18   A2    1     COIN   BEARISH    0.94    58.61   58.69  -$0.08  -0.14%  LOSS    fallback_20pct
                                  [BRE]              58.54   58.64  -$0.10  -0.17%  LOSS    end_of_day
  2022-07-18   A2    2     APP    BEARISH    0.37    34.02   34.03  -$0.01  -0.03%  LOSS    hard_stop
  2022-07-18   A2    3     RH     BEARISH    0.35   257.80  257.83  -$0.03  -0.01%  LOSS    fallback_20pct
                                  [REV]             258.64  257.98  -$0.66  -0.26%  LOSS    trailing_stop_ma20
                                                                    +$5.10  +0.94%  4W/6L  │  cap: +$379.76 (+3.80%)  portfolio: $22880.27
  ────────────────────────────────────────────────────────────────────────────────────────────────
  2022-07-19   M1    1     CVNA   BEARISH    3.39    21.22   21.44  -$0.22  -1.04%  LOSS    hard_stop
  2022-07-19   M1    2     EXPE   BULLISH    1.57    98.11   97.76  -$0.35  -0.36%  LOSS    fallback_20pct
                                  [BRU]              98.28   99.76  +$1.48  +1.51%  WIN     trailing_stop_ma20
  2022-07-19   M1    3     FN     BULLISH    1.45    86.38   86.35  -$0.03  -0.03%  LOSS    end_of_day
  ································································································
  2022-07-19   A1    1     COIN   BEARISH    1.23    63.55   63.58  -$0.03  -0.05%  LOSS    fallback_20pct
                                  [REV]              64.48   64.94  +$0.46  +0.71%  WIN     trailing_stop_ma20
  2022-07-19   A1    2     CVNA   BULLISH    1.02    22.45   22.48  +$0.03  +0.13%  WIN     trailing_stop_ma20
  2022-07-19   A1    3     PLTR   BEARISH    0.83     9.16    9.17  -$0.01  -0.11%  LOSS    fallback_20pct
                                  [REV]               9.22    9.34  +$0.12  +1.30%  WIN     end_of_day
  ································································································
  2022-07-19   A2    1     MU     BULLISH    0.64    62.54   62.54  -$0.01  -0.02%  LOSS    hard_stop
                                  [BRU]              62.62   62.50  -$0.12  -0.19%  LOSS    hard_stop
  2022-07-19   A2    2     APP    BEARISH    0.29    34.91   34.92  -$0.01  -0.03%  LOSS    fallback_20pct
                                  [REV]              34.94   35.17  +$0.23  +0.66%  WIN     end_of_day
                                                                    +$1.54  +0.19%  5W/8L  │  cap: +$51.54 (+0.52%)  portfolio: $22931.81
  ────────────────────────────────────────────────────────────────────────────────────────────────
  2022-07-20   M1    1     SHOP   BULLISH    2.71    35.86   35.68  -$0.18  -0.50%  LOSS    hard_stop
                                  [BRU]              36.22   38.40  +$2.18  +6.02%  WIN     trailing_stop_ma20
  2022-07-20   M1    2     PLTR   BULLISH    2.21     9.78    9.75  -$0.03  -0.31%  LOSS    hard_stop
                                  [BRU]               9.86   10.02  +$0.17  +1.72%  WIN     trailing_stop_ma20
  2022-07-20   M1    3     APP    BULLISH    2.04    37.03   36.87  -$0.16  -0.43%  LOSS    fallback_20pct
                                  [BRU]              37.30   37.97  +$0.67  +1.80%  WIN     trailing_stop_ma20
  ································································································
  2022-07-20   A1    1     FANG   BULLISH    0.52   118.06  117.70  -$0.36  -0.30%  LOSS    fallback_20pct
                                  [BRU]             118.32  118.77  +$0.45  +0.38%  WIN     end_of_day
  2022-07-20   A1    2     ANAB   BEARISH    0.37    21.44   21.44  +$0.00  +0.00%  LOSS    hard_stop
                                  [REV]              21.54   21.55  +$0.01  +0.05%  WIN     trailing_stop_ma20
  2022-07-20   A1    3     RH     BEARISH    0.23   266.89  266.94  -$0.05  -0.02%  LOSS    hard_stop
                                  [REV]             266.92  273.43  +$6.51  +2.44%  WIN     end_of_day
  ································································································
  2022-07-20   A2    1     MU     BULLISH    0.64    63.01   63.01  +$0.00  +0.00%  LOSS    fallback_20pct
                                  [BRU]              63.18   63.30  +$0.12  +0.19%  WIN     end_of_day
  2022-07-20   A2    2     COIN   BULLISH    0.62    75.26   75.36  +$0.10  +0.13%  WIN     fallback_20pct
                                  [BRU]              75.53   75.26  -$0.27  -0.36%  LOSS    hard_stop
  2022-07-20   A2    3     APP    BULLISH    0.42    37.88   37.86  -$0.02  -0.05%  LOSS    fallback_20pct
                                  [BRU]              37.92   37.82  -$0.10  -0.26%  LOSS    hard_stop
                                                                    +$9.04  +0.58%  8W/10L  │  cap: +$397.35 (+3.97%)  portfolio: $23329.16
  ────────────────────────────────────────────────────────────────────────────────────────────────
  2022-07-21   M1    1     SHOP   BULLISH    2.38    39.49   39.56  +$0.07  +0.18%  WIN     hard_stop
  2022-07-21   M1    2     EXPE   BEARISH    1.80    99.20   99.59  -$0.39  -0.39%  LOSS    fallback_20pct
                                  [REV]             101.76  102.30  +$0.54  +0.53%  WIN     end_of_day
  2022-07-21   M1    3     APP    BULLISH    1.55    37.89   37.96  +$0.07  +0.18%  WIN     hard_stop
  ································································································
  2022-07-21   A1    1     CVNA   BEARISH    1.12    27.52   27.56  -$0.04  -0.15%  LOSS    hard_stop
                                  [REV]              27.78   28.21  +$0.43  +1.55%  WIN     end_of_day
  2022-07-21   A1    2     PLTR   BULLISH    0.97    10.48   10.47  -$0.01  -0.10%  LOSS    hard_stop
                                  [BRU]              10.49   10.45  -$0.04  -0.38%  LOSS    hard_stop
  2022-07-21   A1    3     APP    BEARISH    0.55    37.95   37.96  -$0.01  -0.03%  LOSS    fallback_20pct
                                  [REV]              37.98   37.95  -$0.03  -0.08%  LOSS    hard_stop
  ································································································
  2022-07-21   A2    1     COIN   BULLISH    0.62    72.33   72.34  +$0.01  +0.01%  WIN     hard_stop
                                  [BRU]              72.40   73.93  +$1.53  +2.11%  WIN     end_of_day
  2022-07-21   A2    2     MU     BULLISH    0.59    63.00   63.63  +$0.64  +1.02%  WIN     end_of_day
  2022-07-21   A2    3     CVNA   BEARISH    0.58    27.27   27.28  -$0.01  -0.04%  LOSS    fallback_20pct
                                  [REV]              27.32   27.38  +$0.05  +0.18%  WIN     trailing_stop_ma20
                                                                    +$2.81  +0.31%  8W/7L  │  cap: +$211.23 (+2.11%)  portfolio: $23540.40
  ────────────────────────────────────────────────────────────────────────────────────────────────
  2022-07-22   M1    1     CVNA   BULLISH    2.85    28.50   28.27  -$0.23  -0.81%  LOSS    hard_stop
  2022-07-22   M1    2     PLTR   BULLISH    1.78    10.47   10.44  -$0.03  -0.29%  LOSS    hard_stop
  2022-07-22   M1    3     TSLA   BULLISH    1.30   836.60  835.60  -$1.00  -0.12%  LOSS    hard_stop
                                  [BRU]             841.29  828.52 -$12.77  -1.52%  LOSS    hard_stop
  ································································································
  2022-07-22   A1    1     COIN   BEARISH    1.17    69.50   69.55  -$0.05  -0.07%  LOSS    hard_stop
                                  [REV]              69.90   69.69  -$0.20  -0.29%  LOSS    hard_stop
  2022-07-22   A1    2     CVNA   BEARISH    1.05    24.84   24.86  -$0.03  -0.12%  LOSS    hard_stop
                                  [REV]              25.05   24.93  -$0.12  -0.48%  LOSS    hard_stop
  2022-07-22   A1    3     PLTR   BEARISH    0.84     9.75    9.76  -$0.01  -0.10%  LOSS    fallback_20pct
                                  [REV]               9.79    9.76  -$0.02  -0.20%  LOSS    hard_stop
  ································································································
  2022-07-22   A2    1     MU     BEARISH    0.55    61.19   61.21  -$0.02  -0.03%  LOSS    hard_stop
                                  [BRE]              61.18   61.26  -$0.07  -0.11%  LOSS    hard_stop
  2022-07-22   A2    2     ANAB   BEARISH    0.22    21.06   21.06  +$0.00  +0.00%  LOSS    fallback_20pct
                                  [BRE]              21.02   21.02  +$0.00  +0.00%  LOSS    end_of_day
  2022-07-22   A2    3     FN     BEARISH    0.19    87.92   87.93  -$0.01  -0.01%  LOSS    fallback_20pct
                                  [REV]              88.40   88.48  +$0.08  +0.09%  WIN     trailing_stop_ma20
                                                                   -$14.48  -0.25%  1W/15L  │  cap: -$129.09 (-1.29%)  portfolio: $23411.31
  ────────────────────────────────────────────────────────────────────────────────────────────────
  2022-07-25   M1    1     ANAB   BEARISH    2.55    20.38   20.52  -$0.14  -0.69%  LOSS    fallback_20pct
                                  [REV]              21.13   21.49  +$0.36  +1.70%  WIN     end_of_day
  2022-07-25   M1    2     FANG   BULLISH    1.13   116.45  116.30  -$0.15  -0.13%  LOSS    fallback_20pct
                                  [BRU]             116.97  119.88  +$2.91  +2.49%  WIN     trailing_stop_ma20
  ································································································
  2022-07-25   A1    1     PLTR   BEARISH    0.87     9.66    9.67  +$0.00  +0.00%  LOSS    hard_stop
                                  [BRE]               9.64    9.65  -$0.01  -0.10%  LOSS    trailing_stop_ma20
  2022-07-25   A1    2     ANAB   BEARISH    0.36    21.03   21.02  +$0.02  +0.10%  WIN     trailing_stop_ma20
  2022-07-25   A1    3     EXPE   BEARISH    0.16    99.56   99.54  +$0.02  +0.02%  WIN     trailing_stop_ma20
  ································································································
  2022-07-25   A2    1     CVNA   BEARISH    0.74    25.34   25.36  -$0.02  -0.08%  LOSS    hard_stop
                                  [REV]              25.52   25.41  -$0.11  -0.43%  LOSS    hard_stop
  2022-07-25   A2    2     COIN   BEARISH    0.73    66.61   66.68  -$0.08  -0.12%  LOSS    hard_stop
                                  [BRE]              66.51   66.86  -$0.35  -0.53%  LOSS    hard_stop
  2022-07-25   A2    3     MU     BEARISH    0.63    59.73   59.78  -$0.05  -0.08%  LOSS    fallback_20pct
                                  [REV]              60.12   60.16  +$0.03  +0.05%  WIN     end_of_day
                                                                    +$2.43  +0.16%  5W/9L  │  cap: +$73.54 (+0.74%)  portfolio: $23484.85
  ────────────────────────────────────────────────────────────────────────────────────────────────
  2022-07-26   M1    1     APP    BEARISH    1.93    33.36   33.29  +$0.07  +0.21%  WIN     trailing_stop_ma20
  2022-07-26   M1    2     PLTR   BEARISH    1.50     9.50    9.49  +$0.01  +0.11%  WIN     trailing_stop_ma20
  2022-07-26   M1    3     NVDA   BEARISH    0.91   167.22  167.30  -$0.07  -0.04%  LOSS    fallback_20pct
                                  [BRE]             166.76  165.37  +$1.39  +0.83%  WIN     end_of_day
  ································································································
  2022-07-26   A1    1     PLTR   BEARISH    0.76     9.42    9.42  +$0.00  +0.00%  LOSS    fallback_20pct
                                  [REV]               9.45    9.42  -$0.03  -0.32%  LOSS    hard_stop
  2022-07-26   A1    2     META   BEARISH    0.21   160.59  159.21  +$1.38  +0.86%  WIN     trailing_stop_ma20
  2022-07-26   A1    3     RH     BEARISH    0.11   251.40  251.41  -$0.01  -0.00%  LOSS    hard_stop
                                  [REV]             251.80  251.40  -$0.40  -0.16%  LOSS    hard_stop
  ································································································
  2022-07-26   A2    1     CVNA   BEARISH    0.79    23.71   23.74  -$0.03  -0.13%  LOSS    fallback_20pct
                                  [REV]              23.89   23.79  -$0.10  -0.42%  LOSS    hard_stop
  2022-07-26   A2    2     MU     BEARISH    0.53    59.70   59.71  -$0.02  -0.03%  LOSS    hard_stop
                                  [BRE]              59.65   59.66  -$0.01  -0.02%  LOSS    end_of_day
  2022-07-26   A2    3     RH     BEARISH    0.32   250.85  250.87  -$0.02  -0.01%  LOSS    hard_stop
                                  [REV]             251.10  250.85  -$0.25  -0.10%  LOSS    hard_stop
                                                                    +$1.91  +0.05%  4W/11L  │  cap: +$5.13 (+0.05%)  portfolio: $23489.98
  ────────────────────────────────────────────────────────────────────────────────────────────────
  2022-07-27   M1    1     EXPE   BULLISH    1.21   101.70  101.77  +$0.07  +0.07%  WIN     hard_stop
                                  [BRU]             102.72  103.77  +$1.05  +1.02%  WIN     end_of_day
  2022-07-27   M1    2     NVDA   BULLISH    1.18   171.97  173.61  +$1.64  +0.95%  WIN     trailing_stop_ma20
  2022-07-27   M1    3     AMD    BULLISH    1.04    87.52   88.39  +$0.87  +0.99%  WIN     trailing_stop_ma20
  ································································································
  2022-07-27   A1    1     CVNA   BEARISH    0.94    25.44   25.44  +$0.00  +0.00%  LOSS    hard_stop
  2022-07-27   A1    2     PLTR   BEARISH    0.82     9.64    9.65  +$0.00  +0.00%  LOSS    hard_stop
  2022-07-27   A1    3     SHOP   BEARISH    0.55    33.67   33.69  -$0.02  -0.06%  LOSS    hard_stop
                                  [REV]              33.83   35.24  +$1.41  +4.17%  WIN     end_of_day
  ································································································
  2022-07-27   A2    1     CVNA   BULLISH    0.80    25.95   25.91  -$0.04  -0.15%  LOSS    fallback_20pct
                                  [BRU]              26.07   26.36  +$0.29  +1.11%  WIN     end_of_day
  2022-07-27   A2    2     MU     BULLISH    0.66    61.65   61.61  -$0.04  -0.06%  LOSS    hard_stop
                                  [BRU]              61.76   61.88  +$0.12  +0.19%  WIN     end_of_day
  2022-07-27   A2    3     APP    BULLISH    0.45    35.38   35.36  -$0.02  -0.06%  LOSS    fallback_20pct
                                                                    +$5.33  +0.63%  7W/6L  │  cap: +$237.67 (+2.38%)  portfolio: $23727.64
  ────────────────────────────────────────────────────────────────────────────────────────────────
  2022-07-28   M1    1     COIN   BEARISH    4.51    57.97   58.30  -$0.33  -0.57%  LOSS    trailing_stop_ma20
  2022-07-28   M1    2     SHOP   BEARISH    2.42    33.99   34.16  -$0.17  -0.50%  LOSS    hard_stop
                                  [REV]              35.57   35.93  +$0.36  +1.01%  WIN     end_of_day
  2022-07-28   M1    3     ANAB   BULLISH    2.39    21.74   21.64  -$0.10  -0.46%  LOSS    hard_stop
                                  [BRU]              21.82   21.60  -$0.22  -1.01%  LOSS    end_of_day
  ································································································
  2022-07-28   A1    1     PLTR   BEARISH    0.79    10.01   10.01  -$0.01  -0.10%  LOSS    fallback_20pct
                                  [REV]              10.06   10.01  -$0.05  -0.50%  LOSS    hard_stop
  2022-07-28   A1    2     FANG   BEARISH    0.31   122.99  123.00  -$0.02  -0.02%  LOSS    hard_stop
                                  [REV]             123.56  123.36  -$0.20  -0.16%  LOSS    trailing_stop_ma20
  2022-07-28   A1    3     EXPE   BEARISH    0.12   104.40  104.40  +$0.00  +0.00%  LOSS    fallback_20pct
                                  [REV]             104.50  104.42  -$0.08  -0.08%  LOSS    hard_stop
  ································································································
  2022-07-28   A2    1     CVNA   BULLISH    0.62    26.80   26.78  -$0.02  -0.07%  LOSS    fallback_20pct
                                  [BRU]              26.91   27.18  +$0.27  +1.00%  WIN     end_of_day
  2022-07-28   A2    2     MU     BULLISH    0.57    62.02   62.00  -$0.02  -0.03%  LOSS    hard_stop
                                  [BRU]              62.10   62.08  -$0.02  -0.03%  LOSS    end_of_day
  2022-07-28   A2    3     APP    BULLISH    0.36    35.44   35.41  -$0.03  -0.08%  LOSS    fallback_20pct
                                  [BRU]              35.47   35.42  -$0.05  -0.14%  LOSS    hard_stop
                                                                    -$0.69  -0.10%  2W/15L  │  cap: -$39.36 (-0.39%)  portfolio: $23688.28
  ────────────────────────────────────────────────────────────────────────────────────────────────
  2022-07-29   M1    1     SHOP   BULLISH    1.98    36.22   36.25  +$0.03  +0.08%  WIN     fallback_20pct
  2022-07-29   M1    2     AMD    BULLISH    1.67    93.14   92.76  -$0.38  -0.41%  LOSS    hard_stop
                                  [BRU]              93.32   94.52  +$1.20  +1.29%  WIN     end_of_day
  2022-07-29   M1    3     TSLA   BULLISH    1.10   852.28  858.86  +$6.58  +0.77%  WIN     trailing_stop_ma20
  ································································································
  2022-07-29   A1    1     CVNA   BULLISH    0.82    28.23   28.17  -$0.06  -0.21%  LOSS    fallback_20pct
                                  [BRU]              28.24   28.88  +$0.64  +2.27%  WIN     trailing_stop_ma20
  2022-07-29   A1    2     PLTR   BULLISH    0.76    10.06   10.34  +$0.28  +2.78%  WIN     end_of_day
  2022-07-29   A1    3     SHOP   BEARISH    0.47    34.22   34.22  +$0.00  +0.00%  LOSS    hard_stop
  ································································································
  2022-07-29   A2    1     MU     BULLISH    0.58    61.89   61.85  -$0.04  -0.06%  LOSS    fallback_20pct
                                  [BRU]              61.98   61.85  -$0.12  -0.19%  LOSS    end_of_day
  2022-07-29   A2    2     COIN   BULLISH    0.42    62.79   62.93  +$0.14  +0.22%  WIN     end_of_day
  2022-07-29   A2    3     ANAB   BEARISH    0.20    20.70   20.70  +$0.00  +0.00%  LOSS    fallback_20pct
                                  [REV]              20.93   20.93  +$0.00  +0.00%  LOSS    end_of_day
                                                                    +$8.27  +0.50%  6W/7L  │  cap: +$226.59 (+2.27%)  portfolio: $23914.88
  ────────────────────────────────────────────────────────────────────────────────────────────────
  2022-08-01   M1    1     CVNA   BULLISH    1.89    29.26   30.48  +$1.21  +4.14%  WIN     trailing_stop_ma20
  2022-08-01   M1    2     SHOP   BULLISH    1.80    35.08   36.81  +$1.73  +4.93%  WIN     trailing_stop_ma20
  2022-08-01   M1    3     EXPE   BEARISH    1.65   101.14  101.44  -$0.30  -0.30%  LOSS    fallback_20pct
  ································································································
  2022-08-01   A1    1     COIN   BEARISH    1.38    61.62   61.56  +$0.06  +0.10%  WIN     trailing_stop_ma20
  2022-08-01   A1    2     CVNA   BEARISH    1.05    30.09   30.12  -$0.03  -0.10%  LOSS    hard_stop
  2022-08-01   A1    3     PLTR   BEARISH    0.94    10.47   10.46  +$0.02  +0.19%  WIN     trailing_stop_ma20
  ································································································
  2022-08-01   A2    1     MU     BEARISH    0.53    62.60   62.62  -$0.02  -0.03%  LOSS    fallback_20pct
                                  [BRE]              62.52   62.54  -$0.02  -0.03%  LOSS    end_of_day
  2022-08-01   A2    2     RH     BEARISH    0.28   282.98  283.03  -$0.05  -0.02%  LOSS    fallback_20pct
                                  [REV]             284.00  283.20  -$0.80  -0.28%  LOSS    trailing_stop_ma20
                                                                    +$1.80  +0.86%  4W/6L  │  cap: +$342.07 (+3.42%)  portfolio: $24256.95
  ────────────────────────────────────────────────────────────────────────────────────────────────
  2022-08-02   M1    1     COIN   BULLISH    3.36    62.88   63.30  +$0.42  +0.67%  WIN     hard_stop
                                  [BRU]              64.04   68.31  +$4.27  +6.67%  WIN     trailing_stop_ma20
  2022-08-02   M1    2     PLTR   BULLISH    2.12    10.68   10.74  +$0.06  +0.56%  WIN     hard_stop
                                  [BRU]              10.83   10.92  +$0.10  +0.92%  WIN     end_of_day
  2022-08-02   M1    3     SHOP   BULLISH    1.83    36.77   37.12  +$0.35  +0.95%  WIN     hard_stop
                                  [BRU]              37.42   37.75  +$0.33  +0.88%  WIN     end_of_day
  ································································································
  2022-08-02   A1    1     CVNA   BULLISH    1.03    34.36   34.37  +$0.01  +0.03%  WIN     fallback_20pct
                                  [BRU]              34.52   34.28  -$0.25  -0.72%  LOSS    hard_stop
  2022-08-02   A1    2     COIN   BULLISH    1.01    69.43   69.40  -$0.03  -0.04%  LOSS    hard_stop
  2022-08-02   A1    3     PLTR   BEARISH    0.81    11.15   11.06  +$0.09  +0.81%  WIN     trailing_stop_ma20
  ································································································
  2022-08-02   A2    1     APP    BULLISH    0.47    34.78   34.66  -$0.12  -0.35%  LOSS    fallback_20pct
  2022-08-02   A2    2     RH     BEARISH    0.29   281.11  281.19  -$0.08  -0.03%  LOSS    fallback_20pct
                                  [REV]             281.24  281.11  -$0.13  -0.05%  LOSS    hard_stop
  2022-08-02   A2    3     ANAB   BEARISH    0.26    20.10   20.11  -$0.01  -0.05%  LOSS    hard_stop
                                  [REV]              20.22   20.21  -$0.01  -0.05%  LOSS    end_of_day
                                                                    +$5.00  +0.68%  8W/7L  │  cap: +$404.82 (+4.05%)  portfolio: $24661.76
  ────────────────────────────────────────────────────────────────────────────────────────────────
  2022-08-03   M1    1     COIN   BULLISH    2.39    69.73   78.94  +$9.21 +13.21%  WIN     trailing_stop_ma20
  2022-08-03   M1    2     ANAB   BULLISH    1.90    21.26   20.92  -$0.34  -1.60%  LOSS    fallback_20pct
                                  [BRU]              21.33   21.04  -$0.29  -1.36%  LOSS    hard_stop
  2022-08-03   M1    3     SHOP   BULLISH    1.59    39.24   41.16  +$1.92  +4.89%  WIN     trailing_stop_ma20
  ································································································
  2022-08-03   A1    1     COIN   BULLISH    1.38    81.54   81.63  +$0.09  +0.11%  WIN     fallback_20pct
  2022-08-03   A1    2     CVNA   BEARISH    0.79    34.85   34.74  +$0.11  +0.32%  WIN     trailing_stop_ma20
  2022-08-03   A1    3     PLTR   BEARISH    0.67    11.26   11.14  +$0.12  +1.07%  WIN     trailing_stop_ma20
  ································································································
  2022-08-03   A2    1     MU     BULLISH    0.53    64.45   64.44  -$0.01  -0.02%  LOSS    hard_stop
  2022-08-03   A2    2     COIN   BULLISH    0.49    79.80   79.81  +$0.01  +0.01%  WIN     fallback_20pct
                                  [BRU]              79.91   80.81  +$0.90  +1.13%  WIN     end_of_day
  2022-08-03   A2    3     PLTR   BULLISH    0.41    11.19   11.18  -$0.01  -0.09%  LOSS    fallback_20pct
                                  [BRU]              11.20   11.18  -$0.03  -0.27%  LOSS    end_of_day
                                                                   +$11.68  +1.45%  7W/5L  │  cap: +$736.33 (+7.36%)  portfolio: $25398.10
  ────────────────────────────────────────────────────────────────────────────────────────────────
  2022-08-04   M1    1     CVNA   BULLISH    3.06    37.07   37.10  +$0.03  +0.08%  WIN     fallback_20pct
                                  [BRU]              37.95   36.31  -$1.64  -4.32%  LOSS    hard_stop
  2022-08-04   M1    2     AMD    BULLISH    1.63   100.46   99.87  -$0.59  -0.59%  LOSS    fallback_20pct
                                  [BRU]             100.59  102.83  +$2.24  +2.23%  WIN     trailing_stop_ma20
  2022-08-04   M1    3     SHOP   BULLISH    1.32    42.10   42.18  +$0.08  +0.19%  WIN     fallback_20pct
  ································································································
  2022-08-04   A1    1     AMD    BULLISH    0.49   103.89  103.84  -$0.05  -0.05%  LOSS    fallback_20pct
                                  [BRU]             103.94  103.77  -$0.17  -0.16%  LOSS    hard_stop
  2022-08-04   A1    2     SHOP   BEARISH    0.45    40.60   40.61  -$0.01  -0.02%  LOSS    fallback_20pct
                                  [REV]              40.78   40.65  -$0.14  -0.34%  LOSS    hard_stop
  2022-08-04   A1    3     NVDA   BULLISH    0.37   191.40  191.31  -$0.09  -0.05%  LOSS    hard_stop
                                  [BRU]             191.46  191.10  -$0.35  -0.18%  LOSS    hard_stop
  ································································································
  2022-08-04   A2    1     MU     BULLISH    0.52    64.72   64.71  -$0.01  -0.02%  LOSS    hard_stop
                                  [BRU]              64.76   64.87  +$0.12  +0.19%  WIN     end_of_day
  2022-08-04   A2    2     RH     BEARISH    0.30   283.22  283.27  -$0.05  -0.02%  LOSS    fallback_20pct
                                  [REV]             283.98  284.25  +$0.27  +0.10%  WIN     trailing_stop_ma20
  2022-08-04   A2    3     PLTR   BEARISH    0.21    11.33   11.33  +$0.00  +0.00%  LOSS    hard_stop
                                  [REV]              11.37   11.33  -$0.04  -0.35%  LOSS    hard_stop
                                                                    -$0.40  -0.20%  5W/12L  │  cap: -$181.13 (-1.81%)  portfolio: $25216.97
  ────────────────────────────────────────────────────────────────────────────────────────────────
  2022-08-05   M1    1     CVNA   BULLISH    5.05    38.59   44.54  +$5.95 +15.42%  WIN     trailing_stop_ma20
  2022-08-05   M1    2     ANAB   BULLISH    3.00    23.62   23.45  -$0.17  -0.72%  LOSS    fallback_20pct
                                  [BRU]              23.92   24.65  +$0.73  +3.05%  WIN     end_of_day
  ································································································
  2022-08-05   A1    1     RH     BEARISH    0.17   284.48  284.56  -$0.08  -0.03%  LOSS    fallback_20pct
                                  [REV]             285.54  286.80  +$1.26  +0.44%  WIN     end_of_day
  ································································································
  2022-08-05   A2    1     CVNA   BULLISH    1.14    47.95   47.89  -$0.06  -0.13%  LOSS    fallback_20pct
  2022-08-05   A2    2     ANAB   BULLISH    0.56    24.53   24.32  -$0.21  -0.86%  LOSS    fallback_20pct
                                  [BRU]              24.61   24.65  +$0.04  +0.16%  WIN     end_of_day
  2022-08-05   A2    3     MU     BEARISH    0.52    62.09   62.10  -$0.01  -0.02%  LOSS    fallback_20pct
                                  [REV]              62.22   62.46  +$0.24  +0.39%  WIN     end_of_day
                                                                    +$7.69  +1.77%  5W/5L  │  cap: +$841.91 (+8.42%)  portfolio: $26058.88
  ────────────────────────────────────────────────────────────────────────────────────────────────
  2022-08-08   M1    1     COIN   BULLISH    4.44   102.01  101.86  -$0.15  -0.15%  LOSS    fallback_20pct
  2022-08-08   M1    2     CVNA   BULLISH    3.80    49.30   49.06  -$0.24  -0.49%  LOSS    hard_stop
                                  [BRU]              49.57   47.94  -$1.62  -3.27%  LOSS    hard_stop
  2022-08-08   M1    3     APP    BULLISH    2.77    38.73   39.79  +$1.06  +2.74%  WIN     trailing_stop_ma20
  ································································································
  2022-08-08   A1    1     APP    BULLISH    0.56    39.84   39.83  -$0.01  -0.03%  LOSS    fallback_20pct
                                  [BRU]              40.03   40.14  +$0.11  +0.27%  WIN     trailing_stop_ma20
  2022-08-08   A1    2     META   BULLISH    0.23   172.00  171.93  -$0.07  -0.04%  LOSS    fallback_20pct
                                  [BRU]             172.10  171.82  -$0.28  -0.16%  LOSS    hard_stop
  2022-08-08   A1    3     ANAB   BEARISH    0.23    23.47   23.47  +$0.00  +0.00%  LOSS    fallback_20pct
                                  [REV]              24.47   24.50  +$0.03  +0.12%  WIN     end_of_day
  ································································································
  2022-08-08   A2    1     COIN   BULLISH    0.50    97.38   97.10  -$0.28  -0.29%  LOSS    fallback_20pct
                                  [BRU]              97.50   98.02  +$0.52  +0.53%  WIN     end_of_day
  2022-08-08   A2    2     RH     BEARISH    0.28   296.08  296.12  -$0.04  -0.01%  LOSS    hard_stop
                                  [REV]             297.25  297.86  +$0.61  +0.21%  WIN     end_of_day
  2022-08-08   A2    3     FANG   BULLISH    0.26   123.80  123.75  -$0.05  -0.04%  LOSS    hard_stop
                                                                    -$0.41  -0.04%  5W/10L  │  cap: -$39.35 (-0.39%)  portfolio: $26019.53
  ────────────────────────────────────────────────────────────────────────────────────────────────
  2022-08-09   M1    1     ANAB   BEARISH    2.52    23.61   23.72  -$0.11  -0.47%  LOSS    hard_stop
  2022-08-09   M1    2     RH     BEARISH    1.23   288.70  278.12 +$10.58  +3.66%  WIN     trailing_stop_ma20
  2022-08-09   M1    3     EXPE   BEARISH    1.15   102.87  103.16  -$0.29  -0.28%  LOSS    fallback_20pct
                                  [BRE]             102.81  103.66  -$0.85  -0.83%  LOSS    hard_stop
  ································································································
  2022-08-09   A1    1     APP    BEARISH    0.50    35.41   35.25  +$0.16  +0.45%  WIN     trailing_stop_ma20
  2022-08-09   A1    2     AMD    BEARISH    0.46    94.38   94.41  -$0.03  -0.03%  LOSS    fallback_20pct
                                  [REV]              94.75   94.46  -$0.29  -0.31%  LOSS    hard_stop
  2022-08-09   A1    3     ANAB   BEARISH    0.23    23.58   23.58  +$0.00  +0.00%  LOSS    hard_stop
  ································································································
  2022-08-09   A2    1     COIN   BEARISH    0.69    87.34   87.51  -$0.17  -0.19%  LOSS    fallback_20pct
                                  [REV]              88.25   87.76  -$0.49  -0.56%  LOSS    hard_stop
  2022-08-09   A2    2     FANG   BEARISH    0.22   123.83  123.84  -$0.01  -0.01%  LOSS    hard_stop
                                  [REV]             124.18  123.93  -$0.25  -0.20%  LOSS    hard_stop
  2022-08-09   A2    3     FN     BEARISH    0.19    94.16   94.06  +$0.10  +0.11%  WIN     end_of_day
                                                                    +$8.35  +0.10%  3W/10L  │  cap: +$35.04 (+0.35%)  portfolio: $26054.57
  ────────────────────────────────────────────────────────────────────────────────────────────────
  2022-08-10   M1    1     COIN   BULLISH    4.79    93.65   92.88  -$0.77  -0.82%  LOSS    hard_stop
                                  [BRU]              93.80   94.25  +$0.45  +0.48%  WIN     end_of_day
  2022-08-10   M1    2     APP    BULLISH    1.89    38.64   38.39  -$0.24  -0.62%  LOSS    fallback_20pct
                                  [BRU]              38.65   39.55  +$0.90  +2.33%  WIN     trailing_stop_ma20
  2022-08-10   M1    3     ANAB   BULLISH    1.49    24.01   24.02  +$0.01  +0.04%  WIN     hard_stop
                                  [BRU]              24.26   23.88  -$0.38  -1.57%  LOSS    hard_stop
  ································································································
  2022-08-10   A1    1     PLTR   BULLISH    0.67     9.61    9.61  +$0.00  +0.00%  LOSS    fallback_20pct
                                  [BRU]               9.62    9.60  -$0.02  -0.21%  LOSS    hard_stop
  2022-08-10   A1    2     APP    BEARISH    0.47    39.41   39.44  -$0.03  -0.08%  LOSS    fallback_20pct
                                  [REV]              39.67   39.74  +$0.06  +0.15%  WIN     trailing_stop_ma20
  2022-08-10   A1    3     AMD    BULLISH    0.43    98.34   98.33  -$0.01  -0.01%  LOSS    hard_stop
                                  [BRU]              98.35   98.39  +$0.04  +0.04%  WIN     trailing_stop_ma20
  ································································································
  2022-08-10   A2    1     CVNA   BULLISH    0.83    46.91   46.86  -$0.05  -0.11%  LOSS    fallback_20pct
                                  [BRU]              47.08   47.23  +$0.15  +0.32%  WIN     end_of_day
  2022-08-10   A2    2     SHOP   BULLISH    0.25    40.37   40.34  -$0.03  -0.07%  LOSS    fallback_20pct
                                  [BRU]              40.47   40.59  +$0.12  +0.30%  WIN     end_of_day
  2022-08-10   A2    3     EXPE   BULLISH    0.24   109.15  109.11  -$0.04  -0.04%  LOSS    fallback_20pct
                                  [BRU]             109.22  109.22  +$0.00  +0.00%  LOSS    end_of_day
                                                                    +$0.16  +0.01%  7W/11L  │  cap: +$12.60 (+0.13%)  portfolio: $26067.17
  ────────────────────────────────────────────────────────────────────────────────────────────────
  2022-08-11   M1    1     ANAB   BULLISH    2.70    25.34   25.10  -$0.24  -0.95%  LOSS    fallback_20pct
                                  [BRU]              25.44   25.01  -$0.43  -1.69%  LOSS    end_of_day
  2022-08-11   M1    2     CVNA   BULLISH    2.49    51.61   52.50  +$0.89  +1.72%  WIN     fallback_20pct
                                  [BRU]              54.09   51.50  -$2.59  -4.79%  LOSS    hard_stop
  2022-08-11   M1    3     SHOP   BULLISH    2.10    43.84   43.85  +$0.01  +0.02%  WIN     hard_stop
  ································································································
  2022-08-11   A1    1     FANG   BULLISH    0.59   132.35  132.76  +$0.41  +0.31%  WIN     trailing_stop_ma20
  2022-08-11   A1    2     AMD    BULLISH    0.53    99.87   99.85  -$0.02  -0.02%  LOSS    fallback_20pct
  2022-08-11   A1    3     SHOP   BULLISH    0.47    41.73   41.71  -$0.02  -0.05%  LOSS    hard_stop
  ································································································
  2022-08-11   A2    1     FANG   BEARISH    0.16   132.39  132.40  -$0.01  -0.01%  LOSS    hard_stop
                                  [REV]             132.49  132.39  -$0.10  -0.08%  LOSS    hard_stop
                                                                    -$2.10  -0.55%  3W/7L  │  cap: -$213.77 (-2.14%)  portfolio: $25853.39
  ────────────────────────────────────────────────────────────────────────────────────────────────
  2022-08-12   M1    1     ANAB   BULLISH    1.75    25.48   25.16  -$0.32  -1.26%  LOSS    fallback_20pct
                                  [BRU]              25.52   26.19  +$0.67  +2.63%  WIN     trailing_stop_ma20
  2022-08-12   M1    2     PLTR   BULLISH    1.31     9.64    9.60  -$0.04  -0.41%  LOSS    fallback_20pct
                                  [BRU]               9.70    9.93  +$0.23  +2.37%  WIN     trailing_stop_ma20
  2022-08-12   M1    3     AMD    BULLISH    1.03   100.35   99.99  -$0.36  -0.36%  LOSS    fallback_20pct
                                  [BRU]             100.63  100.82  +$0.19  +0.19%  WIN     end_of_day
  ································································································
  2022-08-12   A1    1     ANAB   BULLISH    0.57    26.16   26.19  +$0.03  +0.11%  WIN     trailing_stop_ma20
  2022-08-12   A1    2     AMD    BULLISH    0.46   101.04  101.06  +$0.02  +0.02%  WIN     fallback_20pct
                                  [BRU]             101.13  100.98  -$0.15  -0.15%  LOSS    hard_stop
  2022-08-12   A1    3     NVDA   BULLISH    0.34   185.60  185.56  -$0.04  -0.02%  LOSS    fallback_20pct
                                  [BRU]             185.75  187.07  +$1.32  +0.71%  WIN     end_of_day
  ································································································
  2022-08-12   A2    1     CVNA   BULLISH    0.72    51.33   52.11  +$0.78  +1.52%  WIN     end_of_day
  2022-08-12   A2    2     MU     BEARISH    0.56    65.02   65.04  -$0.02  -0.03%  LOSS    fallback_20pct
                                  [REV]              65.18   65.07  -$0.10  -0.15%  LOSS    hard_stop
  2022-08-12   A2    3     COIN   BULLISH    0.39    91.39   91.51  +$0.12  +0.13%  WIN     hard_stop
                                  [BRU]              91.72   91.34  -$0.38  -0.41%  LOSS    hard_stop
                                                                    +$1.95  +0.31%  8W/8L  │  cap: +$205.31 (+2.05%)  portfolio: $26058.71
  ────────────────────────────────────────────────────────────────────────────────────────────────
  2022-08-15   M1    1     CVNA   BEARISH    3.27    49.53   49.75  -$0.22  -0.44%  LOSS    hard_stop
                                  [BRE]              49.33   50.70  -$1.37  -2.78%  LOSS    hard_stop
  2022-08-15   M1    2     APP    BEARISH    1.98    34.96   34.93  +$0.03  +0.09%  WIN     hard_stop
                                  [BRE]              34.58   33.53  +$1.05  +3.04%  WIN     end_of_day
  2022-08-15   M1    3     SHOP   BEARISH    1.63    40.06   40.02  +$0.04  +0.10%  WIN     hard_stop
                                  [BRE]              39.75   39.83  -$0.08  -0.20%  LOSS    end_of_day
  ································································································
  2022-08-15   A1    1     COIN   BEARISH    1.14    91.08   90.83  +$0.25  +0.27%  WIN     trailing_stop_ma20
  2022-08-15   A1    2     CVNA   BEARISH    0.64    51.05   51.06  -$0.01  -0.02%  LOSS    hard_stop
                                  [REV]              51.20   51.10  -$0.10  -0.20%  LOSS    hard_stop
  2022-08-15   A1    3     ANAB   BEARISH    0.22    25.07   24.92  +$0.14  +0.56%  WIN     trailing_stop_ma20
  ································································································
  2022-08-15   A2    1     MU     BULLISH    0.64    64.67   64.67  +$0.00  +0.00%  LOSS    trailing_stop_ma20
  2022-08-15   A2    2     PLTR   BULLISH    0.27     9.96    9.96  +$0.00  +0.00%  LOSS    hard_stop
  2022-08-15   A2    3     EXPE   BEARISH    0.25   112.90  112.95  -$0.05  -0.04%  LOSS    fallback_20pct
                                  [REV]             113.28  113.50  +$0.22  +0.19%  WIN     trailing_stop_ma20
                                                                    -$0.10  +0.04%  6W/8L  │  cap: -$48.13 (-0.48%)  portfolio: $26010.58
  ────────────────────────────────────────────────────────────────────────────────────────────────
  2022-08-16   M1    1     CVNA   BULLISH    3.70    53.89   52.66  -$1.23  -2.28%  LOSS    fallback_20pct
                                  [BRU]              54.49   54.64  +$0.15  +0.28%  WIN     end_of_day
  2022-08-16   M1    2     ANAB   BULLISH    1.31    25.25   25.62  +$0.37  +1.47%  WIN     trailing_stop_ma20
  2022-08-16   M1    3     RH     BULLISH    1.06   315.45  314.93  -$0.52  -0.16%  LOSS    hard_stop
                                  [BRU]             316.16  333.48 +$17.32  +5.48%  WIN     trailing_stop_ma20
  ································································································
  2022-08-16   A1    1     COIN   BULLISH    0.80    90.82   90.87  +$0.05  +0.06%  WIN     fallback_20pct
                                  [BRU]              91.20   91.92  +$0.72  +0.79%  WIN     trailing_stop_ma20
  2022-08-16   A1    2     PLTR   BEARISH    0.69     9.59    9.59  +$0.00  +0.00%  LOSS    fallback_20pct
                                  [REV]               9.66    9.68  +$0.03  +0.31%  WIN     trailing_stop_ma20
  ································································································
  2022-08-16   A2    1     CVNA   BEARISH    1.23    55.26   55.44  -$0.18  -0.33%  LOSS    fallback_20pct
                                  [BRE]              54.80   54.64  +$0.16  +0.29%  WIN     end_of_day
  2022-08-16   A2    2     MU     BEARISH    0.69    63.49   63.51  -$0.02  -0.03%  LOSS    fallback_20pct
                                  [REV]              63.61   63.74  +$0.13  +0.20%  WIN     trailing_stop_ma20
  2022-08-16   A2    3     PLTR   BEARISH    0.43     9.64    9.64  +$0.00  +0.00%  LOSS    fallback_20pct
                                  [REV]               9.72    9.74  +$0.03  +0.31%  WIN     end_of_day
                                                                   +$17.01  +0.42%  9W/6L  │  cap: +$111.44 (+1.11%)  portfolio: $26122.02
  ────────────────────────────────────────────────────────────────────────────────────────────────
  2022-08-17   M1    1     CVNA   BEARISH    3.67    51.31   51.55  -$0.24  -0.47%  LOSS    hard_stop
                                  [BRE]              51.04   49.64  +$1.40  +2.74%  WIN     end_of_day
  2022-08-17   M1    2     COIN   BEARISH    3.35    85.85   86.11  -$0.26  -0.30%  LOSS    hard_stop
                                  [REV]              88.41   87.04  -$1.37  -1.55%  LOSS    hard_stop
  2022-08-17   M1    3     APP    BEARISH    1.80    31.00   31.15  -$0.15  -0.48%  LOSS    hard_stop
                                  [BRE]              30.93   30.20  +$0.73  +2.36%  WIN     end_of_day
  ································································································
  2022-08-17   A1    1     COIN   BEARISH    0.91    84.87   84.94  -$0.08  -0.09%  LOSS    hard_stop
                                  [REV]              85.44   86.56  +$1.12  +1.31%  WIN     trailing_stop_ma20
  2022-08-17   A1    2     CVNA   BEARISH    0.67    49.59   49.59  +$0.00  +0.00%  LOSS    fallback_20pct
                                  [REV]              49.79   49.64  -$0.15  -0.30%  LOSS    hard_stop
  2022-08-17   A1    3     APP    BEARISH    0.43    30.46   30.48  -$0.02  -0.07%  LOSS    fallback_20pct
                                  [REV]              30.56   30.50  -$0.06  -0.20%  LOSS    hard_stop
                                                                    +$0.92  +0.25%  3W/9L  │  cap: +$142.71 (+1.43%)  portfolio: $26264.73
  ────────────────────────────────────────────────────────────────────────────────────────────────
  2022-08-18   M1    1     RH     BEARISH    0.92   307.95  308.30  -$0.35  -0.11%  LOSS    hard_stop
                                  [REV]             311.63  309.13  -$2.50  -0.80%  LOSS    hard_stop
  ································································································
  2022-08-18   A1    1     NVDA   BULLISH    0.38   187.75  187.70  -$0.05  -0.03%  LOSS    hard_stop
  2022-08-18   A1    2     AMD    BULLISH    0.37   100.75  100.67  -$0.08  -0.08%  LOSS    fallback_20pct
                                  [BRU]             100.87  100.56  -$0.31  -0.31%  LOSS    hard_stop
  2022-08-18   A1    3     MU     BULLISH    0.25    63.14   63.12  -$0.02  -0.03%  LOSS    hard_stop
  ································································································
  2022-08-18   A2    1     MU     BEARISH    0.63    63.01   63.01  +$0.00  +0.00%  LOSS    fallback_20pct
                                  [REV]              63.12   63.02  -$0.09  -0.14%  LOSS    hard_stop
  2022-08-18   A2    2     RH     BEARISH    0.32   309.30  309.35  -$0.04  -0.01%  LOSS    fallback_20pct
                                  [REV]             310.32  311.02  +$0.70  +0.23%  WIN     end_of_day
  2022-08-18   A2    3     ANAB   BEARISH    0.22    25.05   25.05  +$0.00  +0.00%  LOSS    fallback_20pct
                                  [REV]              25.19   25.05  -$0.14  -0.56%  LOSS    hard_stop
                                                                    -$2.88  -0.15%  1W/11L  │  cap: -$71.09 (-0.71%)  portfolio: $26193.64
  ────────────────────────────────────────────────────────────────────────────────────────────────
  2022-08-19   M1    1     CVNA   BEARISH    2.81    44.47   44.73  -$0.26  -0.58%  LOSS    hard_stop
                                  [BRE]              44.31   43.40  +$0.91  +2.05%  WIN     trailing_stop_ma20
  2022-08-19   M1    2     SHOP   BEARISH    1.68    35.47   34.40  +$1.07  +3.02%  WIN     trailing_stop_ma20
  2022-08-19   M1    3     RH     BEARISH    1.40   301.94  298.30  +$3.63  +1.20%  WIN     trailing_stop_ma20
  ································································································
  2022-08-19   A1    1     PLTR   BEARISH    0.70     8.52    8.52  +$0.00  +0.00%  LOSS    hard_stop
  2022-08-19   A1    2     NVDA   BEARISH    0.34   178.82  178.86  -$0.05  -0.03%  LOSS    hard_stop
  2022-08-19   A1    3     AMD    BEARISH    0.29    95.24   95.26  -$0.02  -0.02%  LOSS    hard_stop
  ································································································
  2022-08-19   A2    1     CVNA   BEARISH    0.77    41.94   42.00  -$0.05  -0.12%  LOSS    fallback_20pct
                                  [REV]              42.30   42.08  -$0.23  -0.54%  LOSS    hard_stop
  2022-08-19   A2    2     MU     BEARISH    0.71    60.36   60.38  -$0.02  -0.03%  LOSS    hard_stop
                                  [REV]              60.52   60.51  -$0.01  -0.02%  LOSS    end_of_day
  2022-08-19   A2    3     COIN   BEARISH    0.36    74.17   74.18  -$0.01  -0.01%  LOSS    hard_stop
                                  [REV]              74.54   74.26  -$0.29  -0.39%  LOSS    hard_stop
                                                                    +$4.67  +0.35%  3W/10L  │  cap: +$143.23 (+1.43%)  portfolio: $26336.86
  ────────────────────────────────────────────────────────────────────────────────────────────────
  2022-08-22   M1    1     ANAB   BEARISH    1.49    24.80   22.99  +$1.81  +7.30%  WIN     end_of_day
  2022-08-22   M1    2     TSLA   BEARISH    0.81   866.53  865.00  +$1.53  +0.18%  WIN     trailing_stop_ma20
  2022-08-22   M1    3     FN     BEARISH    0.46   111.79  111.91  -$0.12  -0.11%  LOSS    fallback_20pct
                                  [REV]             112.52  112.09  -$0.42  -0.37%  LOSS    hard_stop
  ································································································
  2022-08-22   A1    1     PLTR   BEARISH    0.82     8.14    8.15  -$0.01  -0.12%  LOSS    hard_stop
  2022-08-22   A1    2     FANG   BEARISH    0.48   129.72  129.76  -$0.04  -0.03%  LOSS    fallback_20pct
                                  [REV]             130.06  129.82  -$0.25  -0.19%  LOSS    hard_stop
  2022-08-22   A1    3     ANAB   BEARISH    0.18    24.03   24.03  +$0.00  +0.00%  LOSS    fallback_20pct
                                  [BRE]              23.84   22.99  +$0.85  +3.57%  WIN     end_of_day
  ································································································
  2022-08-22   A2    1     RH     BEARISH    0.31   292.13  292.13  +$0.00  +0.00%  LOSS    fallback_20pct
                                  [REV]             292.84  292.96  +$0.12  +0.04%  WIN     trailing_stop_ma20
  2022-08-22   A2    2     EXPE   BEARISH    0.24   105.89  105.89  +$0.00  +0.00%  LOSS    trailing_stop_ma20
  2022-08-22   A2    3     FN     BEARISH    0.15   111.85  111.86  -$0.01  -0.01%  LOSS    fallback_20pct
                                  [REV]             112.14  112.55  +$0.41  +0.37%  WIN     end_of_day
                                                                    +$3.87  +0.76%  5W/9L  │  cap: +$430.76 (+4.31%)  portfolio: $26767.62
  ────────────────────────────────────────────────────────────────────────────────────────────────
  2022-08-23   M1    1     CVNA   BEARISH    3.14    34.65   34.89  -$0.24  -0.69%  LOSS    hard_stop
                                  [BRE]              34.37   34.68  -$0.32  -0.93%  LOSS    end_of_day
  2022-08-23   M1    2     SHOP   BEARISH    1.83    32.45   32.64  -$0.19  -0.59%  LOSS    fallback_20pct
                                  [REV]              33.72   32.93  -$0.79  -2.34%  LOSS    hard_stop
  2022-08-23   M1    3     APP    BEARISH    1.28    25.53   25.64  -$0.11  -0.43%  LOSS    fallback_20pct
                                  [REV]              26.15   26.07  -$0.08  -0.31%  LOSS    end_of_day
  ································································································
  2022-08-23   A1    1     FANG   BEARISH    0.57   136.28  135.68  +$0.60  +0.44%  WIN     trailing_stop_ma20
  2022-08-23   A1    2     APP    BEARISH    0.41    26.04   26.05  -$0.01  -0.04%  LOSS    fallback_20pct
                                  [REV]              26.18   26.07  -$0.11  -0.42%  LOSS    hard_stop
  2022-08-23   A1    3     NVDA   BEARISH    0.39   172.06  172.14  -$0.07  -0.04%  LOSS    hard_stop
                                  [REV]             172.67  172.31  -$0.36  -0.21%  LOSS    hard_stop
  ································································································
  2022-08-23   A2    1     PLTR   BEARISH    0.21     8.09    8.09  +$0.00  +0.00%  LOSS    hard_stop
                                  [BRE]               8.06    8.01  +$0.05  +0.62%  WIN     end_of_day
  2022-08-23   A2    2     FN     BEARISH    0.18   108.56  108.58  -$0.02  -0.02%  LOSS    fallback_20pct
                                  [REV]             108.74  108.60  -$0.15  -0.14%  LOSS    hard_stop
  2022-08-23   A2    3     EXPE   BEARISH    0.17   106.10  106.11  -$0.01  -0.01%  LOSS    hard_stop
                                  [BRE]             106.05  106.01  +$0.04  +0.04%  WIN     end_of_day
                                                                    -$1.77  -0.30%  3W/14L  │  cap: -$154.15 (-1.54%)  portfolio: $26613.47
  ────────────────────────────────────────────────────────────────────────────────────────────────
  2022-08-24   A1    1     PLTR   BEARISH    0.58     8.16    8.17  +$0.00  +0.00%  LOSS    hard_stop
  2022-08-24   A1    2     CVNA   BEARISH    0.53    36.63   36.36  +$0.27  +0.74%  WIN     trailing_stop_ma20
  2022-08-24   A1    3     SHOP   BEARISH    0.45    33.64   33.46  +$0.18  +0.54%  WIN     trailing_stop_ma20
  ································································································
  2022-08-24   A2    1     RH     BEARISH    0.32   293.37  292.05  +$1.32  +0.45%  WIN     end_of_day
  2022-08-24   A2    2     COIN   BEARISH    0.27    71.16   71.18  -$0.02  -0.03%  LOSS    fallback_20pct
                                  [REV]              71.83   71.52  -$0.31  -0.43%  LOSS    end_of_day
  2022-08-24   A2    3     FN     BEARISH    0.16   108.01  108.01  +$0.00  +0.00%  LOSS    hard_stop
                                                                    +$1.44  +0.18%  3W/4L  │  cap: +$41.55 (+0.42%)  portfolio: $26655.02
  ────────────────────────────────────────────────────────────────────────────────────────────────
  2022-08-25   M1    1     COIN   BEARISH    3.19    70.44   70.71  -$0.27  -0.38%  LOSS    hard_stop
                                  [BRE]              70.43   71.34  -$0.91  -1.29%  LOSS    hard_stop
  2022-08-25   M1    2     TSLA   BEARISH    1.58   294.24  294.67  -$0.43  -0.15%  LOSS    hard_stop
                                  [BRE]             292.88  296.11  -$3.23  -1.10%  LOSS    end_of_day
  2022-08-25   M1    3     APP    BEARISH    1.54    26.11   26.22  -$0.11  -0.42%  LOSS    hard_stop
                                  [REV]              26.91   26.48  -$0.43  -1.60%  LOSS    hard_stop
  ································································································
  2022-08-25   A2    1     COIN   BEARISH    0.32    69.68   69.72  -$0.04  -0.06%  LOSS    fallback_20pct
                                  [REV]              70.21   71.47  +$1.26  +1.79%  WIN     end_of_day
                                                                    -$4.16  -0.40%  1W/7L  │  cap: -$76.17 (-0.76%)  portfolio: $26578.85
  ────────────────────────────────────────────────────────────────────────────────────────────────
  2022-08-26   M1    1     SHOP   BEARISH    1.48    33.85   32.35  +$1.50  +4.43%  WIN     trailing_stop_ma20
  2022-08-26   M1    2     RH     BEARISH    1.39   289.59  267.08 +$22.51  +7.77%  WIN     trailing_stop_ma20
  2022-08-26   M1    3     PLTR   BEARISH    0.97     8.27    8.29  -$0.02  -0.24%  LOSS    hard_stop
                                  [BRE]               8.20    8.34  -$0.14  -1.71%  LOSS    hard_stop
  ································································································
  2022-08-26   A1    1     APP    BEARISH    0.38    25.98   25.81  +$0.17  +0.65%  WIN     trailing_stop_ma20
  2022-08-26   A1    2     AMD    BEARISH    0.32    92.90   91.17  +$1.72  +1.85%  WIN     end_of_day
  2022-08-26   A1    3     NVDA   BEARISH    0.30   166.04  166.08  -$0.04  -0.02%  LOSS    fallback_20pct
                                  [BRE]             165.72  165.02  +$0.70  +0.42%  WIN     trailing_stop_ma20
  ································································································
  2022-08-26   A2    1     RH     BEARISH    0.41   266.01  266.13  -$0.12  -0.05%  LOSS    hard_stop
                                  [REV]             267.03  267.51  +$0.48  +0.18%  WIN     end_of_day
  2022-08-26   A2    2     FANG   BEARISH    0.26   134.28  134.33  -$0.05  -0.04%  LOSS    hard_stop
                                  [REV]             134.69  134.45  -$0.24  -0.18%  LOSS    hard_stop
  2022-08-26   A2    3     EXPE   BEARISH    0.16   104.28  103.41  +$0.87  +0.83%  WIN     end_of_day
                                                                   +$27.34  +1.07%  7W/6L  │  cap: +$533.83 (+5.34%)  portfolio: $27112.69
  ────────────────────────────────────────────────────────────────────────────────────────────────
  2022-08-29   M1    1     ANAB   BEARISH    1.01    23.72   23.74  -$0.02  -0.08%  LOSS    fallback_20pct
                                  [BRE]              23.43   23.35  +$0.08  +0.34%  WIN     end_of_day
  ································································································
  2022-08-29   A1    1     PLTR   BEARISH    0.70     7.86    7.87  +$0.00  +0.00%  LOSS    hard_stop
                                  [REV]               7.90    7.88  -$0.03  -0.38%  LOSS    hard_stop
  2022-08-29   A1    2     COIN   BEARISH    0.65    68.28   68.29  -$0.01  -0.01%  LOSS    fallback_20pct
                                  [REV]              68.37   68.61  +$0.24  +0.35%  WIN     trailing_stop_ma20
  2022-08-29   A1    3     META   BEARISH    0.25   160.37  160.42  -$0.05  -0.03%  LOSS    hard_stop
                                  [REV]             161.10  160.55  -$0.55  -0.34%  LOSS    hard_stop
  ································································································
  2022-08-29   A2    1     COIN   BEARISH    0.33    67.96   66.27  +$1.69  +2.49%  WIN     end_of_day
  2022-08-29   A2    2     ANAB   BEARISH    0.27    23.32   23.32  +$0.00  +0.00%  LOSS    fallback_20pct
                                  [REV]              23.46   23.35  -$0.10  -0.43%  LOSS    end_of_day
  2022-08-29   A2    3     FN     BEARISH    0.27   106.28  105.30  +$0.98  +0.92%  WIN     end_of_day
                                                                    +$2.23  +0.24%  4W/8L  │  cap: +$126.43 (+1.26%)  portfolio: $27239.12
  ────────────────────────────────────────────────────────────────────────────────────────────────
  2022-08-30   M1    1     CVNA   BEARISH    4.30    34.02   34.37  -$0.35  -1.03%  LOSS    hard_stop
                                  [BRE]              33.91   33.14  +$0.77  +2.27%  WIN     end_of_day
  2022-08-30   M1    2     RH     BEARISH    1.52   267.05  267.66  -$0.61  -0.23%  LOSS    hard_stop
  2022-08-30   M1    3     ANAB   BEARISH    1.12    23.26   23.30  -$0.04  -0.17%  LOSS    fallback_20pct
                                  [REV]              23.49   23.35  -$0.14  -0.60%  LOSS    hard_stop
  ································································································
  2022-08-30   A1    1     FN     BEARISH    0.88   103.65  103.77  -$0.12  -0.12%  LOSS    fallback_20pct
                                  [BRE]             103.58  103.58  +$0.00  +0.00%  LOSS    end_of_day
  2022-08-30   A1    2     PLTR   BEARISH    0.62     7.71    7.71  +$0.00  +0.00%  LOSS    hard_stop
  2022-08-30   A1    3     CVNA   BEARISH    0.49    32.04   32.06  -$0.02  -0.06%  LOSS    hard_stop
                                  [REV]              32.33   32.85  +$0.52  +1.61%  WIN     trailing_stop_ma20
  ································································································
  2022-08-30   A2    1     FN     BEARISH    0.19   103.96  103.58  +$0.38  +0.37%  WIN     end_of_day
                                                                    +$0.39  +0.19%  3W/8L  │  cap: +$83.51 (+0.84%)  portfolio: $27322.63
  ────────────────────────────────────────────────────────────────────────────────────────────────
  2022-08-31   A1    1     COIN   BEARISH    0.78    67.42   67.45  -$0.03  -0.04%  LOSS    hard_stop
                                  [REV]              67.84   67.52  -$0.32  -0.47%  LOSS    hard_stop
  2022-08-31   A1    2     SHOP   BEARISH    0.65    31.46   31.48  -$0.02  -0.06%  LOSS    hard_stop
                                  [REV]              31.69   31.54  -$0.14  -0.44%  LOSS    hard_stop
  2022-08-31   A1    3     FN     BEARISH    0.62   102.90  102.90  +$0.00  +0.00%  LOSS    fallback_20pct
                                  [REV]             103.10  103.18  +$0.08  +0.08%  WIN     trailing_stop_ma20
  ································································································
  2022-08-31   A2    1     ANAB   BEARISH    0.35    23.00   23.02  -$0.01  -0.04%  LOSS    fallback_20pct
                                  [REV]              23.32   23.28  -$0.04  -0.17%  LOSS    trailing_stop_ma20
  2022-08-31   A2    2     EXPE   BEARISH    0.18   102.59  102.61  -$0.02  -0.02%  LOSS    fallback_20pct
                                  [REV]             102.79  102.59  -$0.20  -0.19%  LOSS    hard_stop
  2022-08-31   A2    3     FN     BEARISH    0.17   103.18  102.82  +$0.37  +0.36%  WIN     end_of_day
                                                                    -$0.33  -0.09%  2W/9L  │  cap: -$49.38 (-0.49%)  portfolio: $27273.25
  ────────────────────────────────────────────────────────────────────────────────────────────────
  2022-09-01   M1    1     RH     BEARISH    1.14   251.64  249.14  +$2.50  +0.99%  WIN     trailing_stop_ma20
  2022-09-01   M1    2     NVDA   BEARISH    1.08   141.24  134.13  +$7.11  +5.03%  WIN     trailing_stop_ma20
  2022-09-01   M1    3     AMD    BEARISH    0.88    81.69   79.35  +$2.34  +2.86%  WIN     trailing_stop_ma20
  ································································································
  2022-09-01   A1    1     FN     BEARISH    0.71    98.34   98.38  -$0.04  -0.04%  LOSS    fallback_20pct
                                  [REV]              98.54   98.44  -$0.11  -0.11%  LOSS    hard_stop
  ································································································
  2022-09-01   A2    1     FN     BEARISH    0.17    98.61   98.62  +$0.00  +0.00%  LOSS    hard_stop
                                                                   +$11.80  +1.46%  3W/3L  │  cap: +$250.17 (+2.50%)  portfolio: $27523.42
  ────────────────────────────────────────────────────────────────────────────────────────────────
  2022-09-02   M1    1     CVNA   BEARISH    4.80    30.97   31.20  -$0.23  -0.74%  LOSS    hard_stop
                                  [BRE]              30.64   32.14  -$1.50  -4.90%  LOSS    hard_stop
  2022-09-02   M1    2     SHOP   BEARISH    2.19    30.82   30.86  -$0.04  -0.13%  LOSS    fallback_20pct
                                  [BRE]              30.48   31.27  -$0.79  -2.59%  LOSS    hard_stop
  2022-09-02   M1    3     NVDA   BEARISH    1.89   137.20  137.81  -$0.61  -0.44%  LOSS    fallback_20pct
                                  [BRE]             136.73  139.25  -$2.52  -1.84%  LOSS    hard_stop
  ································································································
  2022-09-02   A1    1     APP    BEARISH    0.66    24.17   24.21  -$0.04  -0.17%  LOSS    fallback_20pct
                                  [BRE]              24.08   24.07  +$0.01  +0.04%  WIN     end_of_day
  2022-09-02   A1    2     FN     BEARISH    0.65    98.86   97.75  +$1.11  +1.12%  WIN     end_of_day
  2022-09-02   A1    3     RH     BEARISH    0.26   251.00  251.00  +$0.00  +0.00%  LOSS    hard_stop
  ································································································
  2022-09-02   A2    1     FN     BEARISH    0.16    98.20   97.75  +$0.45  +0.46%  WIN     end_of_day
                                                                    -$4.16  -0.84%  3W/8L  │  cap: -$360.92 (-3.61%)  portfolio: $27162.51
  ────────────────────────────────────────────────────────────────────────────────────────────────
  2022-09-06   M1    1     COIN   BEARISH    2.83    64.60   64.68  -$0.08  -0.12%  LOSS    fallback_20pct
                                  [REV]              66.24   65.08  -$1.16  -1.75%  LOSS    hard_stop
  2022-09-06   M1    2     RH     BEARISH    1.79   249.92  246.17  +$3.75  +1.50%  WIN     trailing_stop_ma20
  2022-09-06   M1    3     EXPE   BEARISH    0.87   101.51  100.47  +$1.04  +1.02%  WIN     trailing_stop_ma20
  ································································································
  2022-09-06   A1    1     FN     BEARISH    0.48    97.69   97.69  +$0.00  +0.00%  LOSS    fallback_20pct
                                  [REV]              97.85   97.86  +$0.01  +0.01%  WIN     trailing_stop_ma20
  2022-09-06   A1    2     RH     BEARISH    0.28   244.40  243.36  +$1.04  +0.43%  WIN     trailing_stop_ma20
  ································································································
  2022-09-06   A2    1     CVNA   BEARISH    0.98    31.80   31.86  -$0.07  -0.22%  LOSS    fallback_20pct
                                  [BRE]              31.68   31.51  +$0.17  +0.54%  WIN     end_of_day
  2022-09-06   A2    2     EXPE   BEARISH    0.34   100.24  100.31  -$0.07  -0.07%  LOSS    fallback_20pct
                                  [REV]             100.76  100.86  +$0.10  +0.10%  WIN     end_of_day
  2022-09-06   A2    3     PLTR   BEARISH    0.31     7.29    7.29  +$0.00  +0.00%  LOSS    fallback_20pct
                                  [REV]               7.32    7.30  -$0.02  -0.27%  LOSS    hard_stop
                                                                    +$4.71  +0.09%  6W/7L  │  cap: -$3.78 (-0.04%)  portfolio: $27158.72
  ────────────────────────────────────────────────────────────────────────────────────────────────
  2022-09-07   M1    1     NVDA   BEARISH    1.06   135.27  135.37  -$0.10  -0.07%  LOSS    fallback_20pct
                                  [REV]             137.22  137.15  -$0.07  -0.05%  LOSS    end_of_day
  2022-09-07   M1    2     FN     BEARISH    0.79    97.78   97.87  -$0.08  -0.08%  LOSS    hard_stop
                                  [REV]              98.98   99.28  +$0.30  +0.30%  WIN     end_of_day
  2022-09-07   M1    3     MU     BEARISH    0.67    55.03   54.80  +$0.23  +0.42%  WIN     trailing_stop_ma20
  ································································································
  2022-09-07   A1    1     PLTR   BEARISH    0.39     7.23    7.23  +$0.00  +0.00%  LOSS    fallback_20pct
                                  [REV]               7.24    7.38  +$0.14  +1.93%  WIN     end_of_day
  ································································································
  2022-09-07   A2    1     FANG   BEARISH    0.15   131.48  131.48  +$0.00  +0.00%  LOSS    fallback_20pct
                                  [REV]             132.08  131.60  -$0.48  -0.36%  LOSS    trailing_stop_ma20
                                                                    -$0.06  +0.23%  3W/6L  │  cap: +$87.16 (+0.87%)  portfolio: $27245.88
  ────────────────────────────────────────────────────────────────────────────────────────────────
  2022-09-08   M1    1     APP    BULLISH    1.46    25.41   25.89  +$0.48  +1.89%  WIN     trailing_stop_ma20
  2022-09-08   M1    2     AMD    BULLISH    1.17    80.66   82.54  +$1.88  +2.33%  WIN     trailing_stop_ma20
  2022-09-08   M1    3     TSLA   BULLISH    1.11   284.76  284.12  -$0.64  -0.22%  LOSS    hard_stop
                                  [BRU]             284.91  289.28  +$4.37  +1.53%  WIN     end_of_day
  ································································································
  2022-09-08   A1    1     COIN   BULLISH    0.47    69.99   73.06  +$3.07  +4.39%  WIN     end_of_day
  2022-09-08   A1    2     NVDA   BULLISH    0.32   138.27  138.27  +$0.00  +0.00%  LOSS    hard_stop
  2022-09-08   A1    3     MU     BULLISH    0.21    55.55   55.56  +$0.01  +0.02%  WIN     hard_stop
                                  [BRU]              55.62   55.54  -$0.08  -0.14%  LOSS    hard_stop
  ································································································
  2022-09-08   A2    1     COIN   BULLISH    0.33    70.79   70.68  -$0.11  -0.16%  LOSS    fallback_20pct
                                  [BRU]              71.15   73.06  +$1.91  +2.68%  WIN     end_of_day
  2022-09-08   A2    2     EXPE   BEARISH    0.24   104.67  104.71  -$0.04  -0.04%  LOSS    fallback_20pct
                                  [REV]             104.88  104.76  -$0.11  -0.10%  LOSS    hard_stop
  2022-09-08   A2    3     FANG   BEARISH    0.19   131.50  131.52  -$0.02  -0.02%  LOSS    hard_stop
                                  [REV]             131.75  131.56  -$0.19  -0.14%  LOSS    hard_stop
                                                                   +$10.53  +0.86%  6W/8L  │  cap: +$535.36 (+5.35%)  portfolio: $27781.24
  ────────────────────────────────────────────────────────────────────────────────────────────────
  2022-09-09   M1    1     CVNA   BULLISH    3.02    35.71   35.69  -$0.02  -0.06%  LOSS    hard_stop
                                  [BRU]              36.06   36.63  +$0.57  +1.58%  WIN     end_of_day
  2022-09-09   M1    2     SHOP   BULLISH    2.46    33.90   34.18  +$0.29  +0.86%  WIN     trailing_stop_ma20
  2022-09-09   M1    3     RH     BULLISH    1.94   271.60  270.73  -$0.87  -0.32%  LOSS    hard_stop
                                  [BRU]             273.04  273.62  +$0.58  +0.21%  WIN     end_of_day
  ································································································
  2022-09-09   A1    1     COIN   BULLISH    0.68    79.56   79.58  +$0.02  +0.03%  WIN     hard_stop
                                  [BRU]              79.80   79.44  -$0.36  -0.45%  LOSS    hard_stop
  2022-09-09   A1    2     APP    BULLISH    0.38    27.36   27.35  -$0.01  -0.04%  LOSS    hard_stop
  2022-09-09   A1    3     META   BULLISH    0.17   168.95  168.95  +$0.00  +0.00%  LOSS    fallback_20pct
                                  [BRU]             168.99  168.90  -$0.10  -0.06%  LOSS    hard_stop
  ································································································
  2022-09-09   A2    1     COIN   BULLISH    0.41    79.73   79.64  -$0.09  -0.11%  LOSS    fallback_20pct
                                  [BRU]              79.88   80.83  +$0.95  +1.19%  WIN     end_of_day
  2022-09-09   A2    2     RH     BULLISH    0.38   277.29  277.19  -$0.10  -0.04%  LOSS    hard_stop
  2022-09-09   A2    3     MU     BULLISH    0.30    57.36   57.46  +$0.10  +0.17%  WIN     end_of_day
                                                                    +$0.96  +0.21%  6W/8L  │  cap: +$132.58 (+1.33%)  portfolio: $27913.81
  ────────────────────────────────────────────────────────────────────────────────────────────────
  2022-09-12   M1    1     CVNA   BULLISH    2.81    40.38   40.66  +$0.28  +0.69%  WIN     fallback_20pct
                                  [BRU]              41.92   40.00  -$1.92  -4.58%  LOSS    hard_stop
  2022-09-12   M1    2     RH     BULLISH    1.86   283.40  282.30  -$1.10  -0.39%  LOSS    hard_stop
  2022-09-12   M1    3     SHOP   BULLISH    1.26    35.42   35.36  -$0.06  -0.17%  LOSS    hard_stop
  ································································································
  2022-09-12   A1    1     COIN   BULLISH    0.49    83.12   83.14  +$0.02  +0.02%  WIN     fallback_20pct
                                  [BRU]              83.45   83.09  -$0.36  -0.43%  LOSS    hard_stop
  2022-09-12   A1    2     PLTR   BULLISH    0.39     7.91    7.90  +$0.00  +0.00%  LOSS    fallback_20pct
                                  [BRU]               7.92    8.01  +$0.09  +1.14%  WIN     end_of_day
  2022-09-12   A1    3     NVDA   BULLISH    0.29   143.72  143.34  -$0.38  -0.26%  LOSS    fallback_20pct
                                  [BRU]             144.21  143.71  -$0.50  -0.35%  LOSS    hard_stop
  ································································································
  2022-09-12   A2    1     COIN   BULLISH    0.28    82.86   82.90  +$0.04  +0.05%  WIN     hard_stop
                                  [BRU]              83.11   82.78  -$0.33  -0.40%  LOSS    hard_stop
  2022-09-12   A2    2     MU     BULLISH    0.22    57.72   57.70  -$0.02  -0.03%  LOSS    hard_stop
                                  [BRU]              57.86   57.97  +$0.11  +0.19%  WIN     end_of_day
  2022-09-12   A2    3     NVDA   BULLISH    0.17   144.02  145.05  +$1.03  +0.72%  WIN     end_of_day
                                                                    -$3.10  -0.25%  6W/9L  │  cap: -$206.40 (-2.06%)  portfolio: $27707.41
  ────────────────────────────────────────────────────────────────────────────────────────────────
  2022-09-13   M1    1     AMD    BEARISH    1.15    80.15   78.78  +$1.38  +1.72%  WIN     trailing_stop_ma20
  2022-09-13   M1    2     NVDA   BEARISH    1.12   137.32  137.36  -$0.04  -0.03%  LOSS    hard_stop
                                  [BRE]             136.60  134.86  +$1.73  +1.27%  WIN     trailing_stop_ma20
  2022-09-13   M1    3     META   BEARISH    0.92   158.92  156.21  +$2.71  +1.71%  WIN     trailing_stop_ma20
  ································································································
  2022-09-13   A1    1     FN     BEARISH    0.48   101.70  100.69  +$1.01  +0.99%  WIN     end_of_day
  2022-09-13   A1    2     RH     BEARISH    0.29   263.02  263.10  -$0.09  -0.03%  LOSS    fallback_20pct
                                  [REV]             263.99  263.23  -$0.76  -0.29%  LOSS    hard_stop
  2022-09-13   A1    3     FANG   BEARISH    0.23   135.57  135.60  -$0.03  -0.02%  LOSS    hard_stop
                                  [REV]             137.00  136.34  -$0.66  -0.48%  LOSS    trailing_stop_ma20
  ································································································
  2022-09-13   A2    1     RH     BEARISH    0.38   259.85  259.94  -$0.09  -0.03%  LOSS    hard_stop
                                  [REV]             260.57  262.33  +$1.76  +0.68%  WIN     end_of_day
  2022-09-13   A2    2     PLTR   BEARISH    0.31     7.52    7.52  +$0.00  +0.00%  LOSS    hard_stop
                                  [REV]               7.53    7.52  -$0.01  -0.13%  LOSS    hard_stop
  2022-09-13   A2    3     MU     BEARISH    0.25    53.66   53.68  -$0.02  -0.04%  LOSS    hard_stop
                                                                    +$6.89  +0.38%  5W/9L  │  cap: +$215.52 (+2.16%)  portfolio: $27922.93
  ────────────────────────────────────────────────────────────────────────────────────────────────
  2022-09-14   M1    1     APP    BEARISH    2.76    25.22   25.02  +$0.20  +0.79%  WIN     trailing_stop_ma20
  2022-09-14   M1    2     ANAB   BEARISH    1.28    23.44   23.51  -$0.07  -0.30%  LOSS    fallback_20pct
                                  [BRE]              23.28   23.61  -$0.34  -1.46%  LOSS    hard_stop
  ································································································
  2022-09-14   A1    1     ANAB   BEARISH    0.23    23.43   23.43  +$0.00  +0.00%  LOSS    hard_stop
  2022-09-14   A1    2     RH     BEARISH    0.22   261.97  261.34  +$0.63  +0.24%  WIN     trailing_stop_ma20
  ································································································
  2022-09-14   A2    1     COIN   BEARISH    0.46    76.74   76.78  -$0.04  -0.05%  LOSS    fallback_20pct
                                  [REV]              77.44   78.73  +$1.29  +1.67%  WIN     end_of_day
  2022-09-14   A2    2     RH     BEARISH    0.36   260.04  260.14  -$0.10  -0.04%  LOSS    fallback_20pct
                                  [REV]             260.74  262.84  +$2.10  +0.81%  WIN     end_of_day
  2022-09-14   A2    3     FANG   BEARISH    0.20   139.40  139.42  -$0.02  -0.01%  LOSS    fallback_20pct
                                  [REV]             139.83  139.40  -$0.43  -0.31%  LOSS    hard_stop
                                                                    +$3.22  +0.12%  4W/7L  │  cap: +$91.28 (+0.91%)  portfolio: $28014.21
  ────────────────────────────────────────────────────────────────────────────────────────────────
  2022-09-15   A2    1     RH     BEARISH    0.34   257.85  257.91  -$0.06  -0.02%  LOSS    hard_stop
  2022-09-15   A2    2     EXPE   BEARISH    0.25   108.19  108.23  -$0.04  -0.04%  LOSS    fallback_20pct
                                  [BRE]             107.84  107.75  +$0.09  +0.08%  WIN     end_of_day
  2022-09-15   A2    3     FANG   BEARISH    0.21   135.23  134.65  +$0.58  +0.43%  WIN     end_of_day
                                                                    +$0.57  +0.11%  2W/2L  │  cap: +$8.81 (+0.09%)  portfolio: $28023.02
  ────────────────────────────────────────────────────────────────────────────────────────────────
  2022-09-16   M1    1     COIN   BEARISH    2.75    73.80   73.91  -$0.11  -0.15%  LOSS    fallback_20pct
                                  [REV]              75.43   74.31  -$1.12  -1.48%  LOSS    hard_stop
  2022-09-16   M1    2     CVNA   BEARISH    2.65    34.21   34.35  -$0.14  -0.41%  LOSS    hard_stop
  2022-09-16   M1    3     SHOP   BEARISH    1.75    31.92   31.97  -$0.05  -0.16%  LOSS    hard_stop
  ································································································
  2022-09-16   A1    1     COIN   BEARISH    0.45    74.37   74.37  +$0.00  +0.00%  LOSS    hard_stop
                                  [REV]              74.78   74.45  -$0.33  -0.44%  LOSS    trailing_stop_ma20
  2022-09-16   A1    2     APP    BEARISH    0.33    22.91   22.91  +$0.00  +0.00%  LOSS    hard_stop
                                  [REV]              22.98   22.92  -$0.06  -0.26%  LOSS    hard_stop
                                                                    -$1.81  -0.36%  0W/8L  │  cap: -$126.71 (-1.27%)  portfolio: $27896.31
  ────────────────────────────────────────────────────────────────────────────────────────────────
  2022-09-19   M1    1     ANAB   BEARISH    1.00    24.44   24.48  -$0.04  -0.16%  LOSS    hard_stop
                                  [REV]              24.73   24.70  -$0.03  -0.12%  LOSS    trailing_stop_ma20
  2022-09-19   M1    2     FN     BEARISH    0.70    97.55   97.70  -$0.15  -0.15%  LOSS    hard_stop
                                  [REV]              99.37   99.00  -$0.38  -0.38%  LOSS    end_of_day
  ································································································
  2022-09-19   A1    1     FANG   BEARISH    0.18   131.32  131.34  -$0.02  -0.02%  LOSS    fallback_20pct
                                  [REV]             131.33  131.32  -$0.01  -0.01%  LOSS    hard_stop
                                                                    -$0.63  -0.14%  0W/6L  │  cap: -$31.47 (-0.31%)  portfolio: $27864.84
  ────────────────────────────────────────────────────────────────────────────────────────────────
  2022-09-20   M1    1     COIN   BEARISH    3.55    66.36   66.66  -$0.30  -0.45%  LOSS    fallback_20pct
                                  [REV]              68.70   67.40  -$1.30  -1.89%  LOSS    hard_stop
  2022-09-20   M1    2     CVNA   BEARISH    3.25    31.73   31.97  -$0.24  -0.76%  LOSS    fallback_20pct
                                  [BRE]              31.65   30.96  +$0.69  +2.18%  WIN     end_of_day
  2022-09-20   M1    3     RH     BEARISH    2.03   255.02  256.47  -$1.45  -0.57%  LOSS    fallback_20pct
                                  [BRE]             254.58  258.64  -$4.05  -1.59%  LOSS    hard_stop
  ································································································
  2022-09-20   A1    1     AMD    BEARISH    0.43    75.29   75.32  -$0.03  -0.04%  LOSS    fallback_20pct
                                  [REV]              75.54   75.38  -$0.17  -0.23%  LOSS    hard_stop
  2022-09-20   A1    2     FN     BEARISH    0.42    96.66   96.66  +$0.00  +0.00%  LOSS    fallback_20pct
                                  [REV]              97.02   97.23  +$0.20  +0.21%  WIN     trailing_stop_ma20
  2022-09-20   A1    3     RH     BEARISH    0.31   254.24  254.34  -$0.10  -0.04%  LOSS    hard_stop
                                  [REV]             255.30  254.58  -$0.72  -0.28%  LOSS    hard_stop
  ································································································
  2022-09-20   A2    1     RH     BEARISH    0.29   253.83  253.89  -$0.06  -0.02%  LOSS    fallback_20pct
                                  [REV]             254.74  254.52  -$0.22  -0.09%  LOSS    end_of_day
  2022-09-20   A2    2     ANAB   BEARISH    0.20    24.84   24.84  +$0.00  +0.00%  LOSS    hard_stop
                                  [REV]              25.12   25.12  +$0.00  +0.00%  LOSS    end_of_day
  2022-09-20   A2    3     FN     BEARISH    0.13    97.02   97.03  +$0.00  +0.00%  LOSS    fallback_20pct
                                  [REV]              97.59   97.31  -$0.28  -0.29%  LOSS    end_of_day
                                                                    -$8.03  -0.21%  2W/16L  │  cap: -$142.12 (-1.42%)  portfolio: $27722.72
  ────────────────────────────────────────────────────────────────────────────────────────────────
  2022-09-21   M1    1     APP    BEARISH    1.11    21.70   21.70  +$0.00  +0.00%  LOSS    fallback_20pct
                                  [REV]              22.15   21.83  -$0.32  -1.44%  LOSS    hard_stop
  2022-09-21   M1    2     META   BEARISH    0.81   144.67  144.88  -$0.21  -0.15%  LOSS    fallback_20pct
                                  [REV]             147.16  145.48  -$1.69  -1.15%  LOSS    hard_stop
  ································································································
  2022-09-21   A1    1     PLTR   BEARISH    0.45     7.92    7.93  +$0.00  +0.00%  LOSS    hard_stop
                                  [REV]               7.94    7.93  -$0.01  -0.13%  LOSS    hard_stop
  2022-09-21   A1    2     COIN   BEARISH    0.32    70.91   70.93  -$0.02  -0.03%  LOSS    fallback_20pct
                                  [REV]              71.26   71.53  +$0.27  +0.38%  WIN     trailing_stop_ma20
  2022-09-21   A1    3     APP    BEARISH    0.20    21.76   21.77  -$0.01  -0.05%  LOSS    fallback_20pct
                                  [REV]              21.82   21.82  +$0.00  +0.00%  LOSS    trailing_stop_ma20
                                                                    -$1.99  -0.26%  1W/9L  │  cap: -$107.77 (-1.08%)  portfolio: $27614.95
  ────────────────────────────────────────────────────────────────────────────────────────────────
  2022-09-22   M1    1     APP    BEARISH    1.54    20.74   20.42  +$0.32  +1.54%  WIN     trailing_stop_ma20
  2022-09-22   M1    2     NVDA   BEARISH    1.48   128.68  126.63  +$2.05  +1.59%  WIN     trailing_stop_ma20
  2022-09-22   M1    3     AMD    BEARISH    1.46    72.56   70.73  +$1.83  +2.52%  WIN     trailing_stop_ma20
  ································································································
  2022-09-22   A1    1     FN     BEARISH    0.42    94.27   94.27  +$0.00  +0.00%  LOSS    fallback_20pct
                                  [REV]              94.53   94.27  -$0.26  -0.28%  LOSS    hard_stop
  2022-09-22   A1    2     ANAB   BEARISH    0.24    24.88   24.88  +$0.00  +0.00%  LOSS    hard_stop
                                  [REV]              25.16   25.55  +$0.39  +1.55%  WIN     end_of_day
  2022-09-22   A1    3     SHOP   BEARISH    0.20    28.63   28.63  +$0.00  +0.00%  LOSS    hard_stop
                                  [REV]              28.83   28.65  -$0.18  -0.62%  LOSS    hard_stop
  ································································································
  2022-09-22   A2    1     FN     BEARISH    0.13    94.34   94.34  +$0.00  +0.00%  LOSS    hard_stop
                                  [REV]              94.56   94.34  -$0.23  -0.24%  LOSS    hard_stop
                                                                    +$3.92  +0.55%  4W/7L  │  cap: +$183.60 (+1.84%)  portfolio: $27798.55
  ────────────────────────────────────────────────────────────────────────────────────────────────
  2022-09-23   M1    1     COIN   BEARISH    3.11    61.53   60.87  +$0.66  +1.07%  WIN     trailing_stop_ma20
  2022-09-23   M1    2     SHOP   BEARISH    1.57    28.24   28.24  +$0.00  +0.00%  LOSS    hard_stop
  2022-09-23   M1    3     TSLA   BEARISH    1.34   277.87  277.80  +$0.07  +0.03%  WIN     trailing_stop_ma20
  ································································································
  2022-09-23   A1    1     FN     BEARISH    0.42    91.52   91.52  +$0.00  +0.00%  LOSS    hard_stop
  2022-09-23   A1    2     ANAB   BEARISH    0.25    24.72   24.73  -$0.01  -0.04%  LOSS    fallback_20pct
                                  [REV]              24.86   24.72  -$0.14  -0.56%  LOSS    hard_stop
  2022-09-23   A1    3     RH     BEARISH    0.21   247.00  245.86  +$1.14  +0.46%  WIN     trailing_stop_ma20
  ································································································
  2022-09-23   A2    1     ANAB   BEARISH    0.19    24.68   24.68  +$0.00  +0.00%  LOSS    fallback_20pct
                                  [REV]              25.15   25.47  +$0.32  +1.27%  WIN     end_of_day
                                                                    +$2.04  +0.25%  4W/5L  │  cap: +$109.12 (+1.09%)  portfolio: $27907.67
  ────────────────────────────────────────────────────────────────────────────────────────────────
  2022-09-26   A1    1     FN     BEARISH    0.42    90.93   90.93  +$0.00  +0.00%  LOSS    hard_stop
                                  [REV]              90.97   90.93  -$0.04  -0.04%  LOSS    hard_stop
  2022-09-26   A1    2     ANAB   BEARISH    0.25    24.91   24.91  +$0.00  +0.00%  LOSS    fallback_20pct
                                  [REV]              24.99   25.09  +$0.10  +0.40%  WIN     trailing_stop_ma20
  2022-09-26   A1    3     FANG   BEARISH    0.20   111.57  111.60  -$0.03  -0.03%  LOSS    hard_stop
                                  [REV]             111.99  111.68  -$0.30  -0.27%  LOSS    hard_stop
  ································································································
  2022-09-26   A2    1     ANAB   BEARISH    0.25    25.18   24.52  +$0.66  +2.62%  WIN     end_of_day
                                                                    +$0.39  +0.38%  2W/5L  │  cap: +$135.02 (+1.35%)  portfolio: $28042.68
  ────────────────────────────────────────────────────────────────────────────────────────────────
  2022-09-27   A1    1     AMD    BEARISH    0.40    66.39   66.38  +$0.01  +0.02%  WIN     hard_stop
                                  [REV]              66.55   67.02  +$0.47  +0.71%  WIN     trailing_stop_ma20
  2022-09-27   A1    2     COIN   BEARISH    0.35    62.28   62.31  -$0.03  -0.05%  LOSS    hard_stop
                                  [REV]              62.80   62.39  -$0.41  -0.65%  LOSS    hard_stop
  2022-09-27   A1    3     APP    BEARISH    0.21    20.38   20.39  -$0.01  -0.05%  LOSS    fallback_20pct
                                  [REV]              20.42   20.38  -$0.04  -0.20%  LOSS    hard_stop
                                                                    -$0.01  -0.04%  2W/4L  │  cap: +$10.13 (+0.10%)  portfolio: $28052.82
  ────────────────────────────────────────────────────────────────────────────────────────────────
  2022-09-28   M1    1     RH     BEARISH    1.10   249.03  249.07  -$0.04  -0.02%  LOSS    fallback_20pct
                                  [REV]             251.16  255.80  +$4.65  +1.85%  WIN     trailing_stop_ma20
  ································································································
  2022-09-28   A1    1     COIN   BEARISH    0.30    65.84   65.84  +$0.00  +0.00%  LOSS    fallback_20pct
                                  [REV]              66.05   67.35  +$1.30  +1.97%  WIN     end_of_day
                                                                    +$5.91  +0.95%  2W/2L  │  cap: +$191.08 (+1.91%)  portfolio: $28243.90
  ────────────────────────────────────────────────────────────────────────────────────────────────
  2022-09-29   M1    1     CVNA   BEARISH    4.54    22.48   21.37  +$1.11  +4.94%  WIN     trailing_stop_ma20
  2022-09-29   M1    2     COIN   BEARISH    3.31    62.34   61.36  +$0.99  +1.59%  WIN     trailing_stop_ma20
  2022-09-29   M1    3     SHOP   BEARISH    2.59    27.40   27.26  +$0.15  +0.55%  WIN     trailing_stop_ma20
  ································································································
  2022-09-29   A1    1     FN     BEARISH    0.43    94.30   94.31  -$0.01  -0.01%  LOSS    hard_stop
                                  [REV]              94.58   95.08  +$0.50  +0.53%  WIN     end_of_day
  2022-09-29   A1    2     PLTR   BEARISH    0.34     8.01    7.98  +$0.02  +0.25%  WIN     trailing_stop_ma20
  2022-09-29   A1    3     ANAB   BEARISH    0.30    25.66   25.66  +$0.00  +0.00%  LOSS    hard_stop
  ································································································
  2022-09-29   A2    1     ANAB   BEARISH    0.39    25.84   25.84  +$0.00  +0.00%  LOSS    fallback_20pct
                                  [REV]              26.12   26.13  +$0.01  +0.04%  WIN     end_of_day
  2022-09-29   A2    2     APP    BEARISH    0.17    19.54   19.54  +$0.00  +0.00%  LOSS    hard_stop
                                  [REV]              19.58   19.55  -$0.03  -0.15%  LOSS    hard_stop
                                                                    +$2.74  +0.70%  6W/5L  │  cap: +$337.12 (+3.37%)  portfolio: $28581.02
  ────────────────────────────────────────────────────────────────────────────────────────────────
  2022-09-30   M1    1     FANG   BEARISH    0.73   118.40  118.55  -$0.15  -0.13%  LOSS    fallback_20pct
                                  [REV]             120.21  120.46  +$0.25  +0.21%  WIN     end_of_day
  ································································································
  2022-09-30   A1    1     FN     BEARISH    0.43    96.95   96.70  +$0.26  +0.27%  WIN     trailing_stop_ma20
  2022-09-30   A1    2     AMD    BEARISH    0.29    64.51   64.53  -$0.02  -0.03%  LOSS    hard_stop
                                  [BRE]              64.23   64.38  -$0.15  -0.23%  LOSS    trailing_stop_ma20
  2022-09-30   A1    3     NVDA   BEARISH    0.21   123.90  123.89  +$0.01  +0.01%  WIN     hard_stop
                                  [BRE]             123.29  121.49  +$1.80  +1.46%  WIN     end_of_day
  ································································································
  2022-09-30   A2    1     PLTR   BEARISH    0.43     8.27    8.27  +$0.00  +0.00%  LOSS    hard_stop
                                  [BRE]               8.26    8.14  +$0.12  +1.45%  WIN     end_of_day
  2022-09-30   A2    2     ANAB   BEARISH    0.39    26.06   26.06  +$0.00  +0.00%  LOSS    fallback_20pct
                                  [REV]              26.33   26.06  -$0.27  -1.03%  LOSS    hard_stop
  2022-09-30   A2    3     RH     BEARISH    0.32   248.22  248.25  -$0.03  -0.01%  LOSS    hard_stop
                                  [REV]             250.15  248.22  -$1.94  -0.78%  LOSS    hard_stop
                                                                    -$0.12  +0.09%  5W/8L  │  cap: +$65.14 (+0.65%)  portfolio: $28646.15
  ────────────────────────────────────────────────────────────────────────────────────────────────
  2022-10-03   M1    1     EXPE   BEARISH    1.75    92.39   92.95  -$0.56  -0.61%  LOSS    fallback_20pct
                                  [REV]              95.36   94.40  -$0.96  -1.01%  LOSS    end_of_day
  ································································································
  2022-10-03   A1    1     TSLA   BEARISH    0.32   241.64  241.80  -$0.16  -0.07%  LOSS    fallback_20pct
                                  [REV]             243.03  242.04  -$0.98  -0.40%  LOSS    hard_stop
  2022-10-03   A1    2     ANAB   BEARISH    0.29    25.48   25.48  +$0.00  +0.00%  LOSS    fallback_20pct
                                  [REV]              25.69   25.69  +$0.00  +0.00%  LOSS    trailing_stop_ma20
  2022-10-03   A1    3     NVDA   BEARISH    0.14   124.56  124.60  -$0.04  -0.03%  LOSS    fallback_20pct
                                  [REV]             125.33  125.84  +$0.51  +0.41%  WIN     trailing_stop_ma20
  ································································································
  2022-10-03   A2    1     CVNA   BEARISH    0.76    21.55   21.58  -$0.03  -0.14%  LOSS    fallback_20pct
                                  [BRE]              21.53   21.46  +$0.07  +0.33%  WIN     end_of_day
                                                                    -$2.15  -0.15%  2W/8L  │  cap: -$87.28 (-0.87%)  portfolio: $28558.87
  ────────────────────────────────────────────────────────────────────────────────────────────────
  2022-10-04   M1    1     CVNA   BULLISH    2.72    23.38   23.18  -$0.20  -0.86%  LOSS    fallback_20pct
  2022-10-04   M1    2     SHOP   BULLISH    1.80    29.92   31.44  +$1.52  +5.08%  WIN     trailing_stop_ma20
  2022-10-04   M1    3     COIN   BULLISH    1.34    71.08   71.41  +$0.33  +0.46%  WIN     hard_stop
                                  [BRU]              72.65   74.51  +$1.86  +2.56%  WIN     end_of_day
  ································································································
  2022-10-04   A1    1     FN     BEARISH    0.45   100.20  100.25  -$0.05  -0.05%  LOSS    fallback_20pct
                                  [REV]             100.80  101.39  +$0.59  +0.59%  WIN     end_of_day
  2022-10-04   A1    2     CVNA   BEARISH    0.45    22.68   22.71  -$0.02  -0.09%  LOSS    fallback_20pct
                                  [REV]              22.99   22.96  -$0.03  -0.13%  LOSS    trailing_stop_ma20
  2022-10-04   A1    3     COIN   BEARISH    0.44    70.68   70.73  -$0.05  -0.07%  LOSS    fallback_20pct
                                  [REV]              71.40   74.51  +$3.11  +4.36%  WIN     end_of_day
  ································································································
  2022-10-04   A2    1     META   BEARISH    0.24   140.33  140.36  -$0.03  -0.02%  LOSS    trailing_stop_ma20
  2022-10-04   A2    2     FN     BULLISH    0.16   101.00  100.84  -$0.16  -0.16%  LOSS    fallback_20pct
                                  [BRU]             101.39  101.39  +$0.00  +0.00%  LOSS    end_of_day
                                                                    +$6.87  +0.90%  5W/8L  │  cap: +$271.85 (+2.72%)  portfolio: $28830.72
  ────────────────────────────────────────────────────────────────────────────────────────────────
  2022-10-05   M1    1     COIN   BEARISH    1.69    71.10   71.29  -$0.19  -0.27%  LOSS    hard_stop
                                  [REV]              73.45   72.98  -$0.47  -0.64%  LOSS    end_of_day
  2022-10-05   M1    2     NVDA   BEARISH    1.33   127.30  127.72  -$0.42  -0.33%  LOSS    fallback_20pct
                                  [REV]             129.89  131.90  +$2.01  +1.55%  WIN     trailing_stop_ma20
  2022-10-05   M1    3     TSLA   BEARISH    1.32   240.68  235.74  +$4.94  +2.05%  WIN     trailing_stop_ma20
  ································································································
  2022-10-05   A1    1     COIN   BULLISH    0.36    72.67   72.80  +$0.13  +0.18%  WIN     hard_stop
                                  [BRU]              73.09   72.98  -$0.11  -0.15%  LOSS    end_of_day
  2022-10-05   A1    2     AMD    BULLISH    0.29    67.58   67.58  +$0.00  +0.00%  LOSS    hard_stop
                                  [BRU]              67.62   67.52  -$0.10  -0.15%  LOSS    hard_stop
  2022-10-05   A1    3     FANG   BULLISH    0.22   140.19  140.12  -$0.07  -0.05%  LOSS    fallback_20pct
                                  [BRU]             140.37  140.02  -$0.35  -0.25%  LOSS    hard_stop
  ································································································
  2022-10-05   A2    1     COIN   BULLISH    0.40    72.49   72.51  +$0.02  +0.03%  WIN     fallback_20pct
                                  [BRU]              72.75   72.98  +$0.23  +0.32%  WIN     end_of_day
  2022-10-05   A2    2     NVDA   BULLISH    0.34   132.50  132.49  -$0.01  -0.01%  LOSS    hard_stop
                                  [BRU]             132.63  132.32  -$0.31  -0.23%  LOSS    hard_stop
  2022-10-05   A2    3     RH     BULLISH    0.33   265.27  265.24  -$0.03  -0.01%  LOSS    hard_stop
                                                                    +$5.27  +0.13%  5W/11L  │  cap: +$32.93 (+0.33%)  portfolio: $28863.66
  ────────────────────────────────────────────────────────────────────────────────────────────────
  2022-10-06   M1    1     AMD    BULLISH    1.93    70.12   69.79  -$0.33  -0.47%  LOSS    fallback_20pct
  2022-10-06   M1    2     NVDA   BULLISH    1.90   136.14  135.58  -$0.56  -0.41%  LOSS    hard_stop
  2022-10-06   M1    3     COIN   BULLISH    1.89    75.87   75.61  -$0.26  -0.34%  LOSS    fallback_20pct
  ································································································
  2022-10-06   A1    1     FANG   BULLISH    0.13   142.17  142.08  -$0.09  -0.06%  LOSS    fallback_20pct
                                  [BRU]             142.33  142.27  -$0.06  -0.04%  LOSS    trailing_stop_ma20
  2022-10-06   A1    2     NVDA   BULLISH    0.12   133.13  133.11  -$0.02  -0.02%  LOSS    hard_stop
                                  [BRU]             133.35  133.03  -$0.32  -0.24%  LOSS    hard_stop
  ································································································
  2022-10-06   A2    1     RH     BEARISH    0.37   264.86  264.55  +$0.31  +0.12%  WIN     end_of_day
  2022-10-06   A2    2     MU     BULLISH    0.17    54.70   54.68  -$0.03  -0.05%  LOSS    fallback_20pct
                                  [BRU]              54.72   54.63  -$0.10  -0.18%  LOSS    hard_stop
  2022-10-06   A2    3     APP    BEARISH    0.15    20.58   20.59  -$0.01  -0.05%  LOSS    hard_stop
                                  [REV]              20.59   20.62  +$0.03  +0.15%  WIN     trailing_stop_ma20
                                                                    -$1.44  -0.13%  2W/10L  │  cap: -$54.93 (-0.55%)  portfolio: $28808.73
  ────────────────────────────────────────────────────────────────────────────────────────────────
  2022-10-07   M1    1     SHOP   BEARISH    1.37    28.61   27.24  +$1.37  +4.79%  WIN     trailing_stop_ma20
  2022-10-07   M1    2     COIN   BEARISH    1.33    69.44   69.58  -$0.14  -0.20%  LOSS    fallback_20pct
                                  [BRE]              69.19   70.13  -$0.94  -1.36%  LOSS    hard_stop
  2022-10-07   M1    3     AMD    BEARISH    1.23    62.91   60.57  +$2.34  +3.72%  WIN     trailing_stop_ma20
  ································································································
  2022-10-07   A1    1     FN     BEARISH    0.36   104.40  104.42  -$0.02  -0.02%  LOSS    hard_stop
                                  [REV]             104.54  104.54  +$0.00  +0.00%  LOSS    trailing_stop_ma20
  2022-10-07   A1    2     ANAB   BEARISH    0.31    26.34   26.08  +$0.26  +0.99%  WIN     end_of_day
  2022-10-07   A1    3     APP    BEARISH    0.19    18.70   18.70  +$0.00  +0.00%  LOSS    fallback_20pct
                                  [REV]              18.70   18.70  +$0.00  +0.00%  LOSS    hard_stop
  ································································································
  2022-10-07   A2    1     ANAB   BEARISH    0.41    26.34   26.08  +$0.26  +0.99%  WIN     end_of_day
  2022-10-07   A2    2     FANG   BEARISH    0.25   142.72  142.41  +$0.31  +0.22%  WIN     end_of_day
  2022-10-07   A2    3     RH     BEARISH    0.24   255.90  255.95  -$0.05  -0.02%  LOSS    hard_stop
                                                                    +$3.39  +0.76%  5W/7L  │  cap: +$353.56 (+3.54%)  portfolio: $29162.28
  ────────────────────────────────────────────────────────────────────────────────────────────────
  2022-10-10   M1    1     NVDA   BEARISH    2.16   116.76  116.08  +$0.68  +0.58%  WIN     trailing_stop_ma20
  2022-10-10   M1    2     AMD    BEARISH    1.71    56.54   56.63  -$0.09  -0.16%  LOSS    hard_stop
                                  [REV]              58.62   57.80  -$0.82  -1.40%  LOSS    end_of_day
  2022-10-10   M1    3     RH     BEARISH    1.10   254.57  254.83  -$0.26  -0.10%  LOSS    fallback_20pct
                                  [REV]             256.38  255.25  -$1.13  -0.44%  LOSS    hard_stop
  ································································································
  2022-10-10   A1    1     FN     BEARISH    0.35   102.60  102.62  -$0.02  -0.02%  LOSS    fallback_20pct
                                  [REV]             103.01  103.04  +$0.03  +0.03%  WIN     trailing_stop_ma20
  2022-10-10   A1    2     ANAB   BEARISH    0.29    26.09   25.74  +$0.35  +1.34%  WIN     end_of_day
  2022-10-10   A1    3     SHOP   BEARISH    0.19    26.12   26.13  -$0.02  -0.08%  LOSS    fallback_20pct
                                  [REV]              26.28   26.28  +$0.00  +0.00%  LOSS    trailing_stop_ma20
  ································································································
  2022-10-10   A2    1     CVNA   BEARISH    0.65    17.91   17.92  -$0.01  -0.06%  LOSS    hard_stop
                                  [REV]              18.14   18.19  +$0.05  +0.28%  WIN     end_of_day
  2022-10-10   A2    2     AMD    BEARISH    0.39    57.74   57.77  -$0.02  -0.03%  LOSS    fallback_20pct
                                  [REV]              58.15   57.86  -$0.29  -0.50%  LOSS    hard_stop
  2022-10-10   A2    3     ANAB   BEARISH    0.37    25.96   25.74  +$0.22  +0.85%  WIN     end_of_day
                                                                    -$1.33  +0.02%  5W/10L  │  cap: +$22.56 (+0.23%)  portfolio: $29184.84
  ────────────────────────────────────────────────────────────────────────────────────────────────
  2022-10-11   M1    1     SHOP   BEARISH    2.27    25.63   25.73  -$0.10  -0.39%  LOSS    hard_stop
  2022-10-11   M1    2     EXPE   BEARISH    2.10    89.74   90.17  -$0.43  -0.48%  LOSS    hard_stop
  2022-10-11   M1    3     META   BEARISH    1.74   128.52  128.98  -$0.46  -0.36%  LOSS    hard_stop
  ································································································
  2022-10-11   A1    1     CVNA   BEARISH    0.49    19.00   18.89  +$0.11  +0.58%  WIN     trailing_stop_ma20
  2022-10-11   A1    2     EXPE   BEARISH    0.20    92.76   92.78  -$0.02  -0.02%  LOSS    fallback_20pct
                                  [BRE]              92.40   92.48  -$0.09  -0.10%  LOSS    trailing_stop_ma20
  ································································································
  2022-10-11   A2    1     CVNA   BEARISH    0.96    18.20   18.23  -$0.03  -0.16%  LOSS    fallback_20pct
                                  [REV]              18.41   18.53  +$0.12  +0.65%  WIN     end_of_day
  2022-10-11   A2    2     COIN   BEARISH    0.60    68.97   69.00  -$0.03  -0.04%  LOSS    fallback_20pct
                                  [REV]              69.64   70.15  +$0.51  +0.73%  WIN     end_of_day
  2022-10-11   A2    3     ANAB   BEARISH    0.34    25.42   25.42  +$0.00  +0.00%  LOSS    fallback_20pct
                                  [REV]              25.99   26.26  +$0.27  +1.04%  WIN     end_of_day
                                                                    -$0.15  +0.12%  4W/8L  │  cap: +$49.92 (+0.50%)  portfolio: $29234.76
  ────────────────────────────────────────────────────────────────────────────────────────────────
  2022-10-12   M1    1     RH     BEARISH    1.42   249.00  249.46  -$0.47  -0.19%  LOSS    hard_stop
                                  [REV]             252.56  250.55  -$2.01  -0.80%  LOSS    hard_stop
  2022-10-12   M1    2     FANG   BEARISH    0.85   138.00  138.04  -$0.03  -0.02%  LOSS    fallback_20pct
                                  [REV]             139.98  142.08  +$2.10  +1.50%  WIN     trailing_stop_ma20
  2022-10-12   M1    3     FN     BEARISH    0.50   100.13  100.24  -$0.11  -0.11%  LOSS    hard_stop
  ································································································
  2022-10-12   A1    1     PLTR   BEARISH    0.19     8.00    8.00  +$0.00  +0.00%  LOSS    hard_stop
                                  [REV]               8.07    8.08  +$0.01  +0.12%  WIN     end_of_day
  2022-10-12   A1    2     META   BEARISH    0.13   127.08  127.11  -$0.03  -0.02%  LOSS    hard_stop
                                  [REV]             127.40  127.18  -$0.23  -0.18%  LOSS    hard_stop
  2022-10-12   A1    3     EXPE   BEARISH    0.12    92.90   92.91  -$0.01  -0.01%  LOSS    hard_stop
                                  [REV]              93.00   92.92  -$0.08  -0.09%  LOSS    hard_stop
  ································································································
  2022-10-12   A2    1     META   BEARISH    0.37   127.03  127.11  -$0.08  -0.06%  LOSS    hard_stop
                                  [REV]             127.74  127.48  -$0.26  -0.20%  LOSS    end_of_day
  2022-10-12   A2    2     COIN   BEARISH    0.35    69.81   69.84  -$0.03  -0.04%  LOSS    fallback_20pct
                                  [REV]              70.02   69.88  -$0.14  -0.20%  LOSS    hard_stop
  2022-10-12   A2    3     NVDA   BEARISH    0.34   114.98  115.03  -$0.05  -0.04%  LOSS    hard_stop
                                  [REV]             115.47  115.16  -$0.31  -0.27%  LOSS    hard_stop
                                                                    -$1.73  -0.04%  2W/15L  │  cap: -$35.76 (-0.36%)  portfolio: $29199.00
  ────────────────────────────────────────────────────────────────────────────────────────────────
  2022-10-13   M1    1     COIN   BEARISH    1.63    61.97   62.08  -$0.11  -0.18%  LOSS    fallback_20pct
                                  [REV]              64.07   68.45  +$4.38  +6.84%  WIN     trailing_stop_ma20
  2022-10-13   M1    2     FANG   BEARISH    0.83   139.22  139.45  -$0.23  -0.17%  LOSS    fallback_20pct
                                  [REV]             141.24  139.96  -$1.28  -0.91%  LOSS    hard_stop
  ································································································
  2022-10-13   A2    1     RH     BEARISH    0.25   243.09  243.12  -$0.03  -0.01%  LOSS    hard_stop
                                                                    +$2.73  +1.11%  1W/4L  │  cap: +$300.16 (+3.00%)  portfolio: $29499.16
  ────────────────────────────────────────────────────────────────────────────────────────────────
  2022-10-14   M1    1     AMD    BEARISH    2.11    57.90   57.50  +$0.40  +0.69%  WIN     trailing_stop_ma20
  2022-10-14   M1    2     NVDA   BEARISH    1.85   117.34  115.55  +$1.78  +1.52%  WIN     trailing_stop_ma20
  2022-10-14   M1    3     RH     BEARISH    1.48   241.81  236.95  +$4.86  +2.01%  WIN     trailing_stop_ma20
  ································································································
  2022-10-14   A1    1     ANAB   BEARISH    0.39    27.06   26.48  +$0.58  +2.14%  WIN     end_of_day
  2022-10-14   A1    2     FN     BEARISH    0.35    98.20   97.36  +$0.84  +0.86%  WIN     end_of_day
  ································································································
  2022-10-14   A2    1     COIN   BEARISH    0.55    64.17   63.61  +$0.56  +0.87%  WIN     end_of_day
  2022-10-14   A2    2     ANAB   BEARISH    0.34    26.79   26.79  +$0.00  +0.00%  LOSS    fallback_20pct
                                  [BRE]              26.76   26.48  +$0.28  +1.05%  WIN     end_of_day
  2022-10-14   A2    3     FANG   BEARISH    0.23   140.57  140.58  -$0.01  -0.01%  LOSS    hard_stop
                                                                    +$9.29  +1.01%  7W/2L  │  cap: +$331.47 (+3.31%)  portfolio: $29830.62
  ────────────────────────────────────────────────────────────────────────────────────────────────
  2022-10-17   M1    1     APP    BULLISH    1.94    19.05   18.95  -$0.10  -0.52%  LOSS    fallback_20pct
                                  [BRU]              19.10   18.77  -$0.33  -1.73%  LOSS    hard_stop
  2022-10-17   M1    2     AMD    BULLISH    1.18    58.04   58.18  +$0.15  +0.26%  WIN     hard_stop
                                  [BRU]              58.42   57.79  -$0.63  -1.08%  LOSS    hard_stop
  2022-10-17   M1    3     NVDA   BULLISH    1.17   117.29  118.08  +$0.79  +0.67%  WIN     fallback_20pct
                                  [BRU]             118.94  118.89  -$0.05  -0.04%  LOSS    end_of_day
  ································································································
  2022-10-17   A1    1     COIN   BEARISH    0.42    69.53   69.55  -$0.02  -0.03%  LOSS    fallback_20pct
                                  [REV]              69.79   69.62  -$0.17  -0.24%  LOSS    hard_stop
  2022-10-17   A1    2     CVNA   BEARISH    0.34    18.48   18.49  -$0.01  -0.05%  LOSS    hard_stop
  2022-10-17   A1    3     AMD    BEARISH    0.32    58.00   58.02  -$0.02  -0.03%  LOSS    fallback_20pct
                                  [REV]              58.25   58.08  -$0.17  -0.29%  LOSS    hard_stop
  ································································································
  2022-10-17   A2    1     CVNA   BEARISH    0.57    18.47   18.20  +$0.27  +1.46%  WIN     end_of_day
  2022-10-17   A2    2     COIN   BEARISH    0.47    69.20   69.21  -$0.01  -0.01%  LOSS    fallback_20pct
                                  [REV]              69.61   69.33  -$0.28  -0.40%  LOSS    hard_stop
  2022-10-17   A2    3     RH     BEARISH    0.11   242.12  242.14  -$0.02  -0.01%  LOSS    hard_stop
                                                                    -$0.60  -0.14%  3W/12L  │  cap: -$86.56 (-0.87%)  portfolio: $29744.07
  ────────────────────────────────────────────────────────────────────────────────────────────────
  2022-10-18   M1    1     PLTR   BULLISH    0.86     8.26    8.20  -$0.05  -0.61%  LOSS    fallback_20pct
                                  [BRU]               8.30    8.24  -$0.06  -0.72%  LOSS    hard_stop
  2022-10-18   M1    2     EXPE   BULLISH    0.82    99.12   98.39  -$0.72  -0.73%  LOSS    fallback_20pct
  ································································································
  2022-10-18   A1    1     COIN   BEARISH    0.39    66.90   66.92  -$0.02  -0.03%  LOSS    hard_stop
                                  [REV]              67.25   66.97  -$0.28  -0.42%  LOSS    hard_stop
  2022-10-18   A1    2     AMD    BULLISH    0.30    57.52   57.66  +$0.13  +0.23%  WIN     trailing_stop_ma20
  2022-10-18   A1    3     MU     BEARISH    0.16    52.36   52.39  -$0.03  -0.06%  LOSS    fallback_20pct
                                  [REV]              52.53   52.55  +$0.02  +0.04%  WIN     trailing_stop_ma20
  ································································································
  2022-10-18   A2    1     CVNA   BEARISH    0.62    18.18   18.20  -$0.02  -0.11%  LOSS    fallback_20pct
                                  [REV]              18.30   18.23  -$0.07  -0.38%  LOSS    hard_stop
  2022-10-18   A2    2     EXPE   BEARISH    0.31    97.04   97.04  +$0.00  +0.00%  LOSS    fallback_20pct
                                  [REV]              97.18   97.09  -$0.09  -0.09%  LOSS    hard_stop
  2022-10-18   A2    3     RH     BEARISH    0.10   244.43  244.45  -$0.02  -0.01%  LOSS    hard_stop
                                  [REV]             245.24  246.24  +$1.00  +0.41%  WIN     end_of_day
                                                                    -$0.21  -0.18%  3W/11L  │  cap: -$123.19 (-1.23%)  portfolio: $29620.88
  ────────────────────────────────────────────────────────────────────────────────────────────────
  2022-10-19   M1    1     APP    BEARISH    1.73    17.81   17.84  -$0.03  -0.17%  LOSS    hard_stop
  2022-10-19   M1    2     SHOP   BEARISH    1.67    28.08   28.06  +$0.02  +0.07%  WIN     hard_stop
                                  [BRE]              27.92   28.26  -$0.34  -1.22%  LOSS    hard_stop
  2022-10-19   M1    3     TSLA   BEARISH    1.03   218.96  219.01  -$0.05  -0.02%  LOSS    fallback_20pct
                                  [REV]             222.31  220.18  -$2.13  -0.96%  LOSS    hard_stop
  ································································································
  2022-10-19   A1    1     ANAB   BEARISH    0.46    26.44   26.44  +$0.00  +0.00%  LOSS    fallback_20pct
                                  [REV]              26.48   26.56  +$0.07  +0.26%  WIN     trailing_stop_ma20
  2022-10-19   A1    2     CVNA   BEARISH    0.43    15.36   15.32  +$0.04  +0.26%  WIN     trailing_stop_ma20
  2022-10-19   A1    3     RH     BEARISH    0.22   234.50  234.56  -$0.06  -0.03%  LOSS    fallback_20pct
                                  [REV]             235.95  235.12  -$0.83  -0.35%  LOSS    trailing_stop_ma20
  ································································································
  2022-10-19   A2    1     COIN   BEARISH    0.40    62.80   62.82  -$0.02  -0.03%  LOSS    fallback_20pct
                                  [REV]              63.17   62.89  -$0.28  -0.44%  LOSS    hard_stop
  2022-10-19   A2    2     AMD    BEARISH    0.38    56.98   57.00  -$0.02  -0.04%  LOSS    fallback_20pct
                                  [REV]              57.24   57.24  +$0.00  +0.00%  LOSS    end_of_day
  2022-10-19   A2    3     NVDA   BEARISH    0.37   119.62  119.65  -$0.03  -0.03%  LOSS    fallback_20pct
                                  [REV]             120.18  120.51  +$0.33  +0.27%  WIN     end_of_day
                                                                    -$3.33  -0.15%  4W/12L  │  cap: -$68.76 (-0.69%)  portfolio: $29552.12
  ────────────────────────────────────────────────────────────────────────────────────────────────
  2022-10-20   M1    1     SHOP   BULLISH    3.00    29.91   29.65  -$0.26  -0.87%  LOSS    fallback_20pct
                                  [BRU]              30.00   29.72  -$0.28  -0.93%  LOSS    end_of_day
  2022-10-20   M1    2     NVDA   BULLISH    1.28   123.46  126.04  +$2.59  +2.10%  WIN     trailing_stop_ma20
  2022-10-20   M1    3     AMD    BULLISH    1.24    58.32   59.39  +$1.07  +1.83%  WIN     trailing_stop_ma20
  ································································································
  2022-10-20   A1    1     ANAB   BEARISH    0.47    26.57   26.46  +$0.11  +0.41%  WIN     trailing_stop_ma20
  2022-10-20   A1    2     FANG   BEARISH    0.28   146.36  146.45  -$0.09  -0.06%  LOSS    fallback_20pct
                                  [REV]             147.23  146.62  -$0.61  -0.41%  LOSS    end_of_day
  2022-10-20   A1    3     RH     BEARISH    0.24   234.06  232.94  +$1.12  +0.48%  WIN     trailing_stop_ma20
  ································································································
  2022-10-20   A2    1     CVNA   BEARISH    0.62    14.37   14.38  -$0.02  -0.14%  LOSS    fallback_20pct
                                  [REV]              14.54   14.41  -$0.14  -0.96%  LOSS    hard_stop
  2022-10-20   A2    2     META   BEARISH    0.41   131.96  132.05  -$0.09  -0.07%  LOSS    fallback_20pct
                                  [BRE]             131.78  131.55  +$0.23  +0.17%  WIN     end_of_day
  2022-10-20   A2    3     ANAB   BEARISH    0.34    26.06   26.06  +$0.00  +0.00%  LOSS    hard_stop
                                  [REV]              26.49   26.49  +$0.00  +0.00%  LOSS    end_of_day
                                                                    +$3.63  +0.11%  5W/9L  │  cap: -$26.53 (-0.27%)  portfolio: $29525.58
  ────────────────────────────────────────────────────────────────────────────────────────────────
  2022-10-21   M1    1     APP    BEARISH    3.12    16.49   16.68  -$0.19  -1.15%  LOSS    fallback_20pct
                                  [REV]              17.46   17.52  +$0.05  +0.29%  WIN     end_of_day
  2022-10-21   M1    2     ANAB   BULLISH    1.78    27.00   26.90  -$0.10  -0.37%  LOSS    hard_stop
                                  [BRU]              27.08   27.65  +$0.57  +2.10%  WIN     end_of_day
  2022-10-21   M1    3     MU     BULLISH    0.92    54.34   54.75  +$0.41  +0.75%  WIN     trailing_stop_ma20
  ································································································
  2022-10-21   A1    1     AMD    BULLISH    0.26    57.88   57.86  -$0.02  -0.03%  LOSS    hard_stop
                                  [BRU]              57.94   58.80  +$0.86  +1.48%  WIN     end_of_day
  2022-10-21   A1    2     PLTR   BULLISH    0.20     8.24    8.23  +$0.00  +0.00%  LOSS    fallback_20pct
                                  [BRU]               8.24    8.22  -$0.02  -0.24%  LOSS    hard_stop
  ································································································
  2022-10-21   A2    1     CVNA   BEARISH    0.49    14.33   14.33  +$0.00  +0.00%  LOSS    hard_stop
                                  [REV]              14.41   14.34  -$0.07  -0.49%  LOSS    hard_stop
  2022-10-21   A2    2     COIN   BULLISH    0.48    65.52   66.39  +$0.87  +1.33%  WIN     end_of_day
  2022-10-21   A2    3     AMD    BULLISH    0.44    58.42   58.80  +$0.38  +0.65%  WIN     end_of_day
                                                                    +$2.74  +0.33%  6W/7L  │  cap: +$118.00 (+1.18%)  portfolio: $29643.59
  ────────────────────────────────────────────────────────────────────────────────────────────────
  2022-10-24   M1    1     APP    BEARISH    2.29    16.86   16.96  -$0.10  -0.59%  LOSS    hard_stop
                                  [REV]              17.53   17.66  +$0.12  +0.68%  WIN     end_of_day
  2022-10-24   M1    2     COIN   BEARISH    2.12    64.89   65.18  -$0.29  -0.45%  LOSS    fallback_20pct
                                  [REV]              67.79   66.37  -$1.42  -2.09%  LOSS    end_of_day
  2022-10-24   M1    3     SHOP   BEARISH    1.99    28.52   28.63  -$0.11  -0.39%  LOSS    fallback_20pct
                                  [BRE]              28.27   28.88  -$0.61  -2.16%  LOSS    hard_stop
  ································································································
  2022-10-24   A1    1     ANAB   BEARISH    0.43    26.95   26.95  +$0.00  +0.00%  LOSS    hard_stop
  2022-10-24   A1    2     COIN   BEARISH    0.38    66.82   66.86  -$0.04  -0.06%  LOSS    hard_stop
  2022-10-24   A1    3     FN     BULLISH    0.35   107.28  107.18  -$0.09  -0.08%  LOSS    fallback_20pct
                                  [BRU]             107.38  107.24  -$0.13  -0.12%  LOSS    hard_stop
  ································································································
  2022-10-24   A2    1     META   BULLISH    0.45   130.66  130.61  -$0.05  -0.04%  LOSS    hard_stop
  2022-10-24   A2    2     ANAB   BEARISH    0.35    26.86   26.86  +$0.00  +0.00%  LOSS    fallback_20pct
                                  [REV]              27.12   27.10  -$0.02  -0.07%  LOSS    end_of_day
  2022-10-24   A2    3     AMD    BULLISH    0.34    58.98   58.95  -$0.03  -0.05%  LOSS    fallback_20pct
                                  [BRU]              58.99   58.91  -$0.08  -0.14%  LOSS    hard_stop
                                                                    -$2.85  -0.37%  1W/14L  │  cap: -$136.12 (-1.36%)  portfolio: $29507.46
  ────────────────────────────────────────────────────────────────────────────────────────────────
  2022-10-25   M1    1     CVNA   BULLISH    2.79    14.20   14.11  -$0.09  -0.63%  LOSS    hard_stop
                                  [BRU]              14.29   14.98  +$0.69  +4.83%  WIN     trailing_stop_ma20
  2022-10-25   M1    2     COIN   BULLISH    2.24    70.00   72.48  +$2.48  +3.54%  WIN     trailing_stop_ma20
  2022-10-25   M1    3     RH     BULLISH    2.01   242.71  251.92  +$9.21  +3.79%  WIN     trailing_stop_ma20
  ································································································
  2022-10-25   A1    1     FN     BEARISH    0.35   111.70  111.74  -$0.03  -0.03%  LOSS    fallback_20pct
                                  [REV]             112.02  113.30  +$1.28  +1.14%  WIN     end_of_day
  ································································································
  2022-10-25   A2    1     CVNA   BULLISH    0.51    15.12   15.27  +$0.15  +0.99%  WIN     end_of_day
  2022-10-25   A2    2     COIN   BULLISH    0.43    74.39   74.99  +$0.60  +0.81%  WIN     end_of_day
  2022-10-25   A2    3     EXPE   BULLISH    0.37    98.55   98.70  +$0.15  +0.15%  WIN     end_of_day
                                                                   +$14.44  +1.62%  7W/2L  │  cap: +$530.19 (+5.30%)  portfolio: $30037.66
  ────────────────────────────────────────────────────────────────────────────────────────────────
  2022-10-26   M1    1     TSLA   BULLISH    1.94   225.41  228.07  +$2.66  +1.18%  WIN     trailing_stop_ma20
  2022-10-26   M1    2     COIN   BULLISH    1.25    75.40   76.05  +$0.65  +0.86%  WIN     hard_stop
                                  [BRU]              76.53   75.22  -$1.31  -1.71%  LOSS    hard_stop
  2022-10-26   M1    3     ANAB   BEARISH    1.17    27.75   27.88  -$0.13  -0.47%  LOSS    fallback_20pct
                                  [REV]              28.47   28.15  -$0.32  -1.12%  LOSS    trailing_stop_ma20
  ································································································
  2022-10-26   A1    1     CVNA   BEARISH    0.36    15.28   15.26  +$0.03  +0.20%  WIN     trailing_stop_ma20
  2022-10-26   A1    2     FN     BEARISH    0.24   113.57  113.57  +$0.00  +0.00%  LOSS    fallback_20pct
                                  [REV]             113.72  113.99  +$0.27  +0.24%  WIN     trailing_stop_ma20
  2022-10-26   A1    3     RH     BEARISH    0.19   250.76  250.85  -$0.10  -0.04%  LOSS    fallback_20pct
                                  [REV]             250.78  250.83  +$0.05  +0.02%  WIN     trailing_stop_ma20
  ································································································
  2022-10-26   A2    1     COIN   BEARISH    0.72    73.58   73.72  -$0.14  -0.19%  LOSS    fallback_20pct
                                  [REV]              74.41   73.94  -$0.47  -0.63%  LOSS    hard_stop
  2022-10-26   A2    2     CVNA   BEARISH    0.62    15.08   15.10  -$0.02  -0.13%  LOSS    hard_stop
                                  [REV]              15.24   15.14  -$0.10  -0.66%  LOSS    hard_stop
  2022-10-26   A2    3     SHOP   BEARISH    0.49    29.20   29.21  -$0.01  -0.03%  LOSS    hard_stop
                                  [BRE]              29.18   29.25  -$0.08  -0.27%  LOSS    hard_stop
                                                                    +$0.98  -0.17%  5W/11L  │  cap: -$52.85 (-0.53%)  portfolio: $29984.81
  ────────────────────────────────────────────────────────────────────────────────────────────────
  2022-10-27   M1    1     MU     BEARISH    1.28    54.83   54.99  -$0.16  -0.29%  LOSS    hard_stop
  2022-10-27   M1    2     RH     BEARISH    1.25   251.23  251.85  -$0.62  -0.25%  LOSS    hard_stop
                                  [BRE]             251.07  245.38  +$5.69  +2.27%  WIN     end_of_day
  ································································································
  2022-10-27   A1    1     META   BEARISH    0.24   100.78   98.22  +$2.56  +2.54%  WIN     trailing_stop_ma20
  2022-10-27   A1    2     RH     BEARISH    0.18   250.98  251.01  -$0.03  -0.01%  LOSS    fallback_20pct
                                  [BRE]             249.66  245.38  +$4.28  +1.71%  WIN     end_of_day
  ································································································
  2022-10-27   A2    1     META   BEARISH    0.49    97.32   97.30  +$0.02  +0.02%  WIN     hard_stop
                                  [REV]              98.28   97.96  -$0.33  -0.34%  LOSS    end_of_day
  2022-10-27   A2    2     ANAB   BEARISH    0.34    28.28   28.06  +$0.21  +0.74%  WIN     end_of_day
  2022-10-27   A2    3     FANG   BEARISH    0.22   154.10  153.44  +$0.66  +0.43%  WIN     end_of_day
                                                                   +$12.28  +0.68%  6W/4L  │  cap: +$240.32 (+2.40%)  portfolio: $30225.12
  ────────────────────────────────────────────────────────────────────────────────────────────────
  2022-10-28   M1    1     AMD    BULLISH    2.22    61.32   60.98  -$0.34  -0.55%  LOSS    fallback_20pct
                                  [BRU]              61.56   62.00  +$0.44  +0.71%  WIN     end_of_day
  2022-10-28   M1    2     NVDA   BULLISH    1.87   134.93  134.35  -$0.58  -0.43%  LOSS    fallback_20pct
                                  [BRU]             135.54  138.34  +$2.80  +2.07%  WIN     end_of_day
  2022-10-28   M1    3     FANG   BEARISH    0.94   154.09  154.49  -$0.40  -0.26%  LOSS    fallback_20pct
                                  [BRE]             153.99  152.11  +$1.88  +1.22%  WIN     trailing_stop_ma20
  ································································································
  2022-10-28   A1    1     ANAB   BULLISH    0.43    28.91   28.82  -$0.09  -0.31%  LOSS    fallback_20pct
                                  [BRU]              28.98   28.97  -$0.01  -0.03%  LOSS    end_of_day
  2022-10-28   A1    2     TSLA   BEARISH    0.28   225.17  225.29  -$0.12  -0.05%  LOSS    fallback_20pct
                                  [REV]             226.10  228.44  +$2.34  +1.03%  WIN     end_of_day
  2022-10-28   A1    3     AMD    BEARISH    0.19    61.60   61.64  -$0.04  -0.06%  LOSS    fallback_20pct
                                  [REV]              61.84   61.71  -$0.13  -0.21%  LOSS    hard_stop
                                                                    +$5.75  +0.26%  4W/8L  │  cap: +$83.02 (+0.83%)  portfolio: $30308.15
  ────────────────────────────────────────────────────────────────────────────────────────────────
  2022-10-31   M1    1     SHOP   BULLISH    2.28    35.24   35.01  -$0.22  -0.62%  LOSS    fallback_20pct
                                  [BRU]              35.63   34.61  -$1.02  -2.86%  LOSS    hard_stop
  2022-10-31   M1    2     COIN   BULLISH    1.53    73.48   71.97  -$1.51  -2.05%  LOSS    fallback_20pct
  2022-10-31   M1    3     AMD    BEARISH    1.48    60.48   60.61  -$0.14  -0.23%  LOSS    hard_stop
                                  [BRE]              60.31   60.09  +$0.22  +0.36%  WIN     end_of_day
  ································································································
  2022-10-31   A1    1     ANAB   BEARISH    0.46    28.59   28.60  -$0.01  -0.03%  LOSS    fallback_20pct
                                  [REV]              28.84   28.82  -$0.02  -0.07%  LOSS    end_of_day
  2022-10-31   A1    2     TSLA   BULLISH    0.32   227.85  228.61  +$0.76  +0.33%  WIN     trailing_stop_ma20
  2022-10-31   A1    3     PLTR   BULLISH    0.07     8.80    8.80  +$0.00  +0.00%  LOSS    fallback_20pct
                                  [BRU]               8.82    8.80  -$0.03  -0.34%  LOSS    hard_stop
  ································································································
  2022-10-31   A2    1     SHOP   BEARISH    0.50    34.25   34.26  -$0.01  -0.03%  LOSS    fallback_20pct
                                  [REV]              34.44   34.31  -$0.12  -0.35%  LOSS    hard_stop
  2022-10-31   A2    2     AMD    BEARISH    0.46    60.00   60.04  -$0.05  -0.08%  LOSS    hard_stop
                                  [BRE]              59.97   60.15  -$0.18  -0.30%  LOSS    hard_stop
  2022-10-31   A2    3     COIN   BEARISH    0.44    66.65   66.64  +$0.01  +0.02%  WIN     hard_stop
                                  [REV]              67.12   66.81  -$0.31  -0.46%  LOSS    hard_stop
                                                                    -$2.63  -0.42%  3W/13L  │  cap: -$273.70 (-2.74%)  portfolio: $30034.45
  ────────────────────────────────────────────────────────────────────────────────────────────────
  2022-11-01   M1    1     FN     BEARISH    0.79   114.36  114.56  -$0.20  -0.17%  LOSS    fallback_20pct
                                  [REV]             115.76  116.23  +$0.47  +0.41%  WIN     end_of_day
  ································································································
  2022-11-01   A1    1     ANAB   BEARISH    0.37    29.64   29.64  +$0.00  +0.00%  LOSS    fallback_20pct
                                  [REV]              29.92   29.64  -$0.28  -0.94%  LOSS    hard_stop
  ································································································
  2022-11-01   A2    1     CVNA   BEARISH    0.59    15.29   15.25  +$0.04  +0.26%  WIN     end_of_day
  2022-11-01   A2    2     ANAB   BEARISH    0.32    29.64   29.64  +$0.00  +0.00%  LOSS    fallback_20pct
                                  [REV]              29.92   29.64  -$0.28  -0.94%  LOSS    hard_stop
  2022-11-01   A2    3     APP    BEARISH    0.28    17.33   17.09  +$0.24  +1.38%  WIN     end_of_day
                                                                    -$0.01  +0.00%  3W/5L  │  cap: -$22.63 (-0.23%)  portfolio: $30011.82
  ────────────────────────────────────────────────────────────────────────────────────────────────
  2022-11-02   M1    1     META   BEARISH    1.28    93.06   93.19  -$0.13  -0.14%  LOSS    hard_stop
                                  [BRE]              92.64   93.92  -$1.28  -1.38%  LOSS    hard_stop
  2022-11-02   M1    2     RH     BEARISH    0.89   244.56  240.70  +$3.87  +1.58%  WIN     trailing_stop_ma20
  2022-11-02   M1    3     FANG   BEARISH    0.77   156.33  156.62  -$0.29  -0.19%  LOSS    fallback_20pct
                                  [REV]             158.18  157.19  -$0.99  -0.63%  LOSS    hard_stop
  ································································································
  2022-11-02   A1    1     COIN   BEARISH    0.39    63.37   63.27  +$0.10  +0.16%  WIN     trailing_stop_ma20
  2022-11-02   A1    2     RH     BEARISH    0.13   239.62  239.64  -$0.02  -0.01%  LOSS    fallback_20pct
                                  [REV]             240.02  239.62  -$0.40  -0.17%  LOSS    hard_stop
  ································································································
  2022-11-02   A2    1     CVNA   BEARISH    0.69    14.19   14.25  -$0.06  -0.42%  LOSS    fallback_20pct
                                  [BRE]              14.13   13.47  +$0.66  +4.67%  WIN     end_of_day
  2022-11-02   A2    2     APP    BEARISH    0.47    16.65   16.67  -$0.02  -0.12%  LOSS    fallback_20pct
                                  [REV]              16.72   16.65  -$0.07  -0.42%  LOSS    hard_stop
  2022-11-02   A2    3     META   BEARISH    0.39    92.62   92.70  -$0.07  -0.08%  LOSS    fallback_20pct
                                  [BRE]              92.16   90.50  +$1.66  +1.80%  WIN     end_of_day
                                                                    +$2.96  +0.33%  4W/10L  │  cap: +$187.58 (+1.88%)  portfolio: $30199.40
  ────────────────────────────────────────────────────────────────────────────────────────────────
  2022-11-03   M1    1     NVDA   BEARISH    1.02   129.91  130.32  -$0.41  -0.32%  LOSS    fallback_20pct
                                  [REV]             132.05  134.40  +$2.35  +1.78%  WIN     trailing_stop_ma20
  2022-11-03   M1    2     APP    BEARISH    1.00    15.58   15.60  -$0.03  -0.19%  LOSS    hard_stop
  2022-11-03   M1    3     MU     BEARISH    0.60    52.51   52.50  +$0.01  +0.02%  WIN     hard_stop
  ································································································
  2022-11-03   A1    1     FN     BEARISH    0.23   113.38  113.40  -$0.02  -0.02%  LOSS    fallback_20pct
                                  [REV]             113.60  113.38  -$0.22  -0.19%  LOSS    hard_stop
  2022-11-03   A1    2     PLTR   BEARISH    0.22     8.12    8.13  +$0.00  +0.00%  LOSS    hard_stop
  ································································································
  2022-11-03   A2    1     COIN   BEARISH    0.52    56.92   56.91  +$0.01  +0.02%  WIN     hard_stop
                                  [BRE]              56.60   55.83  +$0.77  +1.36%  WIN     end_of_day
  2022-11-03   A2    2     APP    BEARISH    0.34    15.40   15.40  +$0.00  +0.00%  LOSS    hard_stop
                                  [REV]              15.42   15.40  -$0.02  -0.13%  LOSS    hard_stop
                                                                    +$2.44  +0.21%  4W/7L  │  cap: +$122.55 (+1.23%)  portfolio: $30321.95
  ────────────────────────────────────────────────────────────────────────────────────────────────
  2022-11-04   M1    1     CVNA   BEARISH    4.91    12.30   12.51  -$0.21  -1.71%  LOSS    fallback_20pct
                                  [BRE]              12.23    8.85  +$3.38 +27.64%  WIN     trailing_stop_ma20
  2022-11-04   M1    2     SHOP   BEARISH    2.96    33.20   33.47  -$0.27  -0.81%  LOSS    hard_stop
                                  [BRE]              33.19   31.90  +$1.28  +3.86%  WIN     trailing_stop_ma20
  2022-11-04   M1    3     AMD    BEARISH    2.13    60.70   61.02  -$0.32  -0.53%  LOSS    hard_stop
                                  [BRE]              60.64   61.83  -$1.19  -1.96%  LOSS    hard_stop
  ································································································
  2022-11-04   A1    1     CVNA   BEARISH    1.04     8.72    8.73  -$0.02  -0.23%  LOSS    fallback_20pct
                                  [REV]               9.08    8.80  -$0.29  -3.19%  LOSS    hard_stop
  2022-11-04   A1    2     COIN   BEARISH    0.44    57.40   57.41  -$0.01  -0.02%  LOSS    hard_stop
  2022-11-04   A1    3     TSLA   BEARISH    0.22   204.33  204.33  +$0.00  +0.00%  LOSS    fallback_20pct
                                  [REV]             204.79  204.49  -$0.30  -0.15%  LOSS    hard_stop
                                                                    +$2.05  +2.08%  2W/9L  │  cap: +$1140.02 (+11.40%)  portfolio: $31461.97
  ────────────────────────────────────────────────────────────────────────────────────────────────
  2022-11-07   M1    1     CVNA   BEARISH    9.26     7.38    7.60  -$0.22  -2.98%  LOSS    hard_stop
  2022-11-07   M1    2     PLTR   BEARISH    3.67     7.30    7.38  -$0.08  -1.10%  LOSS    hard_stop
                                  [BRE]               7.28    7.02  +$0.27  +3.71%  WIN     end_of_day
  2022-11-07   M1    3     SHOP   BEARISH    2.06    31.85   32.01  -$0.16  -0.50%  LOSS    hard_stop
                                  [BRE]              31.82   32.37  -$0.55  -1.73%  LOSS    hard_stop
  ································································································
  2022-11-07   A1    1     FN     BEARISH    0.22   111.42  111.43  -$0.01  -0.01%  LOSS    fallback_20pct
                                  [REV]             111.44  111.56  +$0.12  +0.11%  WIN     trailing_stop_ma20
                                                                    -$0.63  -0.36%  2W/5L  │  cap: -$110.40 (-1.10%)  portfolio: $31351.56
  ────────────────────────────────────────────────────────────────────────────────────────────────
  2022-11-08   M1    1     COIN   BEARISH    4.37    49.99   50.20  -$0.21  -0.42%  LOSS    fallback_20pct
                                  [REV]              54.79   51.82  -$2.98  -5.44%  LOSS    hard_stop
  2022-11-08   M1    2     TSLA   BEARISH    1.76   188.73  188.92  -$0.19  -0.10%  LOSS    hard_stop
                                  [REV]             194.06  191.02  -$3.04  -1.57%  LOSS    hard_stop
  2022-11-08   M1    3     SHOP   BEARISH    1.57    32.03   32.08  -$0.05  -0.16%  LOSS    hard_stop
                                  [REV]              32.78   32.35  -$0.44  -1.34%  LOSS    hard_stop
  ································································································
  2022-11-08   A1    1     COIN   BEARISH    1.12    51.17   49.84  +$1.33  +2.60%  WIN     trailing_stop_ma20
  2022-11-08   A1    2     CVNA   BEARISH    0.45     7.23    7.24  -$0.01  -0.14%  LOSS    hard_stop
                                  [REV]               7.35    7.36  +$0.01  +0.14%  WIN     end_of_day
  2022-11-08   A1    3     TSLA   BEARISH    0.40   193.60  193.61  -$0.01  -0.01%  LOSS    hard_stop
  ································································································
  2022-11-08   A2    1     ANAB   BEARISH    0.30    29.40   29.40  +$0.00  +0.00%  LOSS    fallback_20pct
                                  [REV]              29.56   29.56  +$0.00  +0.00%  LOSS    end_of_day
                                                                    -$5.59  -0.54%  2W/10L  │  cap: -$247.99 (-2.48%)  portfolio: $31103.58
  ────────────────────────────────────────────────────────────────────────────────────────────────
  2022-11-09   M1    1     FANG   BEARISH    0.83   159.56  159.78  -$0.22  -0.14%  LOSS    fallback_20pct
                                  [REV]             162.00  160.48  -$1.53  -0.94%  LOSS    hard_stop
  ································································································
  2022-11-09   A1    1     CVNA   BEARISH    0.49     7.55    7.56  +$0.00  +0.00%  LOSS    trailing_stop_ma20
  2022-11-09   A1    2     FANG   BEARISH    0.31   160.51  157.53  +$2.98  +1.86%  WIN     end_of_day
  2022-11-09   A1    3     RH     BEARISH    0.28   256.04  254.58  +$1.46  +0.57%  WIN     trailing_stop_ma20
  ································································································
  2022-11-09   A2    1     ANAB   BEARISH    0.34    29.51   29.51  +$0.00  +0.00%  LOSS    fallback_20pct
                                  [REV]              29.73   29.51  -$0.22  -0.74%  LOSS    hard_stop
  2022-11-09   A2    2     META   BEARISH    0.26   101.74  101.75  +$0.00  +0.00%  LOSS    fallback_20pct
                                  [REV]             102.03  101.82  -$0.20  -0.20%  LOSS    hard_stop
  2022-11-09   A2    3     FN     BEARISH    0.14   116.42  116.43  -$0.01  -0.01%  LOSS    fallback_20pct
                                  [REV]             116.53  116.42  -$0.11  -0.09%  LOSS    hard_stop
                                                                    +$2.15  +0.03%  2W/9L  │  cap: -$32.37 (-0.32%)  portfolio: $31071.20
  ────────────────────────────────────────────────────────────────────────────────────────────────
  2022-11-10   M1    1     AMD    BULLISH    0.93    64.34   67.08  +$2.73  +4.24%  WIN     trailing_stop_ma20
  2022-11-10   M1    2     EXPE   BULLISH    0.69    94.01   94.23  +$0.22  +0.23%  WIN     fallback_20pct
                                  [BRU]              95.39   96.93  +$1.54  +1.61%  WIN     trailing_stop_ma20
  2022-11-10   M1    3     MU     BULLISH    0.47    58.57   58.52  -$0.05  -0.09%  LOSS    fallback_20pct
                                  [BRU]              59.10   59.23  +$0.13  +0.22%  WIN     trailing_stop_ma20
  ································································································
  2022-11-10   A1    1     CVNA   BEARISH    0.47     9.80    9.81  -$0.01  -0.10%  LOSS    hard_stop
                                  [REV]               9.94    9.84  -$0.10  -1.01%  LOSS    hard_stop
  2022-11-10   A1    2     COIN   BEARISH    0.42    50.34   50.36  -$0.02  -0.04%  LOSS    fallback_20pct
                                  [REV]              51.37   50.45  -$0.92  -1.79%  LOSS    hard_stop
  2022-11-10   A1    3     EXPE   BULLISH    0.34    97.51   97.49  -$0.02  -0.02%  LOSS    fallback_20pct
                                  [BRU]              97.53   99.01  +$1.48  +1.52%  WIN     end_of_day
  ································································································
  2022-11-10   A2    1     APP    BEARISH    0.99    15.72   15.76  -$0.04  -0.25%  LOSS    fallback_20pct
                                  [REV]              15.94   16.27  +$0.33  +2.07%  WIN     end_of_day
  2022-11-10   A2    2     SHOP   BEARISH    0.43    36.13   36.14  +$0.00  +0.00%  LOSS    fallback_20pct
                                  [REV]              36.28   36.50  +$0.22  +0.61%  WIN     end_of_day
  2022-11-10   A2    3     TSLA   BEARISH    0.32   185.36  185.49  -$0.13  -0.07%  LOSS    fallback_20pct
                                  [REV]             187.34  190.60  +$3.26  +1.74%  WIN     end_of_day
                                                                    +$8.62  +0.52%  8W/9L  │  cap: +$332.80 (+3.33%)  portfolio: $31404.00
  ────────────────────────────────────────────────────────────────────────────────────────────────
  2022-11-11   M1    1     SHOP   BULLISH    2.59    37.78   40.37  +$2.59  +6.86%  WIN     trailing_stop_ma20
  2022-11-11   M1    2     AMD    BULLISH    1.21    69.42   70.77  +$1.35  +1.94%  WIN     trailing_stop_ma20
  2022-11-11   M1    3     NVDA   BULLISH    1.21   158.02  159.00  +$0.97  +0.61%  WIN     trailing_stop_ma20
  ································································································
  2022-11-11   A1    1     APP    BULLISH    0.75    17.09   17.08  -$0.01  -0.06%  LOSS    hard_stop
                                  [BRU]              17.11   17.06  -$0.05  -0.29%  LOSS    hard_stop
  2022-11-11   A1    2     FANG   BULLISH    0.53   164.43  164.42  -$0.01  -0.01%  LOSS    trailing_stop_ma20
  2022-11-11   A1    3     CVNA   BEARISH    0.51    11.02   11.04  -$0.02  -0.18%  LOSS    fallback_20pct
                                  [REV]              11.16   11.88  +$0.72  +6.45%  WIN     end_of_day
  ································································································
  2022-11-11   A2    1     SHOP   BEARISH    0.59    39.99   39.46  +$0.53  +1.33%  WIN     end_of_day
  2022-11-11   A2    2     AMD    BEARISH    0.44    72.92   72.41  +$0.51  +0.70%  WIN     end_of_day
  2022-11-11   A2    3     TSLA   BEARISH    0.33   195.38  195.33  +$0.05  +0.03%  WIN     hard_stop
                                                                    +$6.63  +1.58%  7W/4L  │  cap: +$617.90 (+6.18%)  portfolio: $32021.90
  ────────────────────────────────────────────────────────────────────────────────────────────────
  2022-11-14   M1    1     CVNA   BEARISH    4.42    10.96   10.11  +$0.86  +7.85%  WIN     trailing_stop_ma20
  2022-11-14   M1    2     TSLA   BEARISH    2.11   188.13  189.04  -$0.91  -0.48%  LOSS    hard_stop
                                  [REV]             195.56  191.40  -$4.16  -2.13%  LOSS    hard_stop
  2022-11-14   M1    3     SHOP   BEARISH    1.85    38.46   38.49  -$0.03  -0.08%  LOSS    hard_stop
                                  [BRE]              38.25   38.82  -$0.56  -1.46%  LOSS    hard_stop
  ································································································
  2022-11-14   A1    1     COIN   BULLISH    0.63    53.94   54.35  +$0.41  +0.76%  WIN     trailing_stop_ma20
  2022-11-14   A1    2     FANG   BEARISH    0.42   165.47  165.48  -$0.01  -0.01%  LOSS    fallback_20pct
                                  [REV]             165.81  165.69  -$0.12  -0.07%  LOSS    trailing_stop_ma20
  2022-11-14   A1    3     MU     BULLISH    0.40    62.51   62.54  +$0.04  +0.06%  WIN     trailing_stop_ma20
  ································································································
  2022-11-14   A2    1     APP    BEARISH    0.54    15.67   15.33  +$0.34  +2.17%  WIN     end_of_day
  2022-11-14   A2    2     ANAB   BEARISH    0.34    30.61   30.61  +$0.00  +0.00%  LOSS    fallback_20pct
                                  [REV]              30.64   30.61  -$0.03  -0.10%  LOSS    hard_stop
  2022-11-14   A2    3     MU     BEARISH    0.24    62.40   61.80  +$0.61  +0.98%  WIN     end_of_day
                                                                    -$3.56  +0.58%  5W/8L  │  cap: +$450.26 (+4.50%)  portfolio: $32472.16
  ────────────────────────────────────────────────────────────────────────────────────────────────
  2022-11-15   M1    1     SHOP   BULLISH    2.02    41.32   41.17  -$0.15  -0.36%  LOSS    fallback_20pct
                                  [BRU]              41.40   40.84  -$0.55  -1.33%  LOSS    hard_stop
  2022-11-15   M1    2     COIN   BULLISH    1.27    56.24   55.34  -$0.90  -1.60%  LOSS    fallback_20pct
                                  [BRU]              57.36   56.12  -$1.23  -2.14%  LOSS    hard_stop
  2022-11-15   M1    3     TSLA   BULLISH    1.11   197.15  196.65  -$0.50  -0.25%  LOSS    fallback_20pct
                                  [BRU]             199.44  196.70  -$2.75  -1.38%  LOSS    hard_stop
  ································································································
  2022-11-15   A1    1     COIN   BEARISH    0.99    55.68   55.83  -$0.15  -0.27%  LOSS    hard_stop
  2022-11-15   A1    2     CVNA   BEARISH    0.99    10.47    9.91  +$0.56  +5.35%  WIN     end_of_day
  2022-11-15   A1    3     APP    BEARISH    0.94    15.35   15.37  -$0.02  -0.13%  LOSS    hard_stop
  ································································································
  2022-11-15   A2    1     TSLA   BULLISH    0.34   194.96  194.33  -$0.63  -0.32%  LOSS    fallback_20pct
  2022-11-15   A2    2     ANAB   BEARISH    0.34    29.99   29.99  +$0.00  +0.00%  LOSS    fallback_20pct
                                  [REV]              30.14   29.99  -$0.16  -0.53%  LOSS    hard_stop
  2022-11-15   A2    3     AMD    BULLISH    0.33    76.64   76.50  -$0.14  -0.18%  LOSS    fallback_20pct
                                                                    -$6.62  -0.24%  1W/12L  │  cap: -$123.92 (-1.24%)  portfolio: $32348.25
  ────────────────────────────────────────────────────────────────────────────────────────────────
  2022-11-16   M1    1     CVNA   BEARISH    4.16     8.96    8.83  +$0.13  +1.45%  WIN     trailing_stop_ma20
  2022-11-16   M1    2     COIN   BEARISH    2.40    51.37   49.78  +$1.59  +3.10%  WIN     trailing_stop_ma20
  2022-11-16   M1    3     SHOP   BEARISH    1.90    38.87   38.48  +$0.39  +1.00%  WIN     trailing_stop_ma20
  ································································································
  2022-11-16   A1    1     FANG   BEARISH    0.58   160.36  160.47  -$0.11  -0.07%  LOSS    fallback_20pct
                                  [BRE]             160.10  160.11  -$0.01  -0.01%  LOSS    trailing_stop_ma20
  2022-11-16   A1    2     EXPE   BEARISH    0.40    97.35   97.40  -$0.05  -0.05%  LOSS    fallback_20pct
                                  [REV]              97.76   97.49  -$0.27  -0.28%  LOSS    hard_stop
  2022-11-16   A1    3     ANAB   BEARISH    0.37    28.91   28.91  +$0.00  +0.00%  LOSS    fallback_20pct
                                  [REV]              28.94   28.91  -$0.03  -0.10%  LOSS    hard_stop
  ································································································
  2022-11-16   A2    1     COIN   BEARISH    0.63    48.60   48.68  -$0.08  -0.16%  LOSS    hard_stop
  2022-11-16   A2    2     CVNA   BEARISH    0.50     8.76    8.54  +$0.22  +2.51%  WIN     end_of_day
  2022-11-16   A2    3     ANAB   BEARISH    0.34    28.72   28.72  +$0.00  +0.00%  LOSS    fallback_20pct
                                  [BRE]              28.51   28.39  +$0.12  +0.42%  WIN     end_of_day
                                                                    +$1.90  +0.60%  5W/8L  │  cap: +$246.35 (+2.46%)  portfolio: $32594.59
  ────────────────────────────────────────────────────────────────────────────────────────────────
  2022-11-17   M1    1     EXPE   BEARISH    0.92    93.96   94.17  -$0.21  -0.22%  LOSS    fallback_20pct
                                  [REV]              95.32   96.73  +$1.41  +1.48%  WIN     trailing_stop_ma20
  ································································································
  2022-11-17   A2    1     ANAB   BEARISH    0.47    27.77   27.79  -$0.02  -0.07%  LOSS    fallback_20pct
                                  [REV]              28.07   28.17  +$0.10  +0.36%  WIN     end_of_day
  2022-11-17   A2    2     CVNA   BEARISH    0.45     8.19    8.19  +$0.00  +0.00%  LOSS    hard_stop
  2022-11-17   A2    3     TSLA   BEARISH    0.20   181.91  181.89  +$0.02  +0.01%  WIN     hard_stop
                                                                    +$1.30  +0.26%  3W/3L  │  cap: +$77.31 (+0.77%)  portfolio: $32671.90
  ────────────────────────────────────────────────────────────────────────────────────────────────
  2022-11-18   M1    1     COIN   BEARISH    2.43    46.79   46.76  +$0.03  +0.06%  WIN     hard_stop
                                  [BRE]              46.18   45.28  +$0.90  +1.95%  WIN     end_of_day
  2022-11-18   M1    2     SHOP   BEARISH    1.85    37.46   37.51  -$0.05  -0.13%  LOSS    hard_stop
                                  [BRE]              37.35   36.58  +$0.77  +2.06%  WIN     trailing_stop_ma20
  2022-11-18   M1    3     TSLA   BEARISH    1.60   180.76  178.94  +$1.82  +1.01%  WIN     trailing_stop_ma20
  ································································································
  2022-11-18   A1    1     ANAB   BEARISH    0.43    27.32   27.33  -$0.01  -0.04%  LOSS    hard_stop
                                  [REV]              27.34   27.33  -$0.02  -0.07%  LOSS    hard_stop
  2022-11-18   A1    2     COIN   BEARISH    0.42    44.81   44.85  -$0.04  -0.09%  LOSS    fallback_20pct
                                  [REV]              45.57   44.92  -$0.65  -1.43%  LOSS    hard_stop
  2022-11-18   A1    3     META   BEARISH    0.25   111.54  111.57  -$0.03  -0.03%  LOSS    hard_stop
                                  [REV]             111.76  111.64  -$0.12  -0.11%  LOSS    hard_stop
  ································································································
  2022-11-18   A2    1     AMD    BULLISH    0.39    73.61   73.59  -$0.03  -0.04%  LOSS    hard_stop
                                  [BRU]              73.75   73.47  -$0.28  -0.38%  LOSS    hard_stop
  2022-11-18   A2    2     EXPE   BULLISH    0.08    98.13   98.01  -$0.12  -0.12%  LOSS    fallback_20pct
                                  [BRU]              98.19   98.33  +$0.14  +0.14%  WIN     end_of_day
                                                                    +$2.31  +0.19%  5W/10L  │  cap: +$103.37 (+1.03%)  portfolio: $32775.27
  ────────────────────────────────────────────────────────────────────────────────────────────────
  2022-11-21   M1    1     FANG   BEARISH    1.48   147.54  146.90  +$0.64  +0.43%  WIN     trailing_stop_ma20
  2022-11-21   M1    2     RH     BEARISH    0.98   267.17  267.09  +$0.08  +0.03%  WIN     hard_stop
                                  [BRE]             266.39  261.65  +$4.74  +1.78%  WIN     trailing_stop_ma20
  2022-11-21   M1    3     META   BEARISH    0.82   111.23  110.65  +$0.58  +0.52%  WIN     trailing_stop_ma20
  ································································································
  2022-11-21   A1    1     APP    BEARISH    0.87    13.22   13.22  +$0.00  +0.00%  LOSS    trailing_stop_ma20
  2022-11-21   A1    2     FN     BEARISH    0.18   128.35  128.39  -$0.04  -0.03%  LOSS    fallback_20pct
                                  [REV]             128.62  128.35  -$0.27  -0.21%  LOSS    hard_stop
  2022-11-21   A1    3     TSLA   BEARISH    0.16   169.89  169.89  +$0.00  +0.00%  LOSS    fallback_20pct
                                  [BRE]             169.58  170.02  -$0.44  -0.26%  LOSS    hard_stop
  ································································································
  2022-11-21   A2    1     ANAB   BEARISH    0.34    26.76   26.76  +$0.00  +0.00%  LOSS    fallback_20pct
                                  [REV]              26.92   26.98  +$0.06  +0.22%  WIN     trailing_stop_ma20
                                                                    +$5.35  +0.23%  5W/6L  │  cap: +$85.09 (+0.85%)  portfolio: $32860.36
  ────────────────────────────────────────────────────────────────────────────────────────────────
  2022-11-22   M1    1     TSLA   BEARISH    1.45   167.17  167.18  -$0.01  -0.01%  LOSS    fallback_20pct
  2022-11-22   M1    2     NVDA   BEARISH    1.06   151.85  151.90  -$0.05  -0.03%  LOSS    fallback_20pct
                                  [REV]             154.65  158.22  +$3.57  +2.31%  WIN     trailing_stop_ma20
  2022-11-22   M1    3     META   BEARISH    0.84   108.76  108.83  -$0.07  -0.06%  LOSS    hard_stop
                                  [REV]             110.22  111.50  +$1.28  +1.16%  WIN     end_of_day
  ································································································
  2022-11-22   A1    1     APP    BULLISH    0.65    13.93   13.93  +$0.00  +0.00%  LOSS    hard_stop
                                  [BRU]              13.96   13.92  -$0.04  -0.29%  LOSS    hard_stop
  2022-11-22   A1    2     FANG   BULLISH    0.46   152.21  151.82  -$0.39  -0.26%  LOSS    fallback_20pct
                                  [BRU]             152.22  152.13  -$0.09  -0.06%  LOSS    hard_stop
  2022-11-22   A1    3     EXPE   BULLISH    0.34    99.06   99.13  +$0.07  +0.07%  WIN     trailing_stop_ma20
  ································································································
  2022-11-22   A2    1     AMD    BULLISH    0.32    74.69   75.26  +$0.57  +0.76%  WIN     end_of_day
  2022-11-22   A2    2     MU     BULLISH    0.24    57.92   58.61  +$0.69  +1.19%  WIN     end_of_day
  2022-11-22   A2    3     NVDA   BULLISH    0.15   159.25  160.39  +$1.14  +0.72%  WIN     end_of_day
                                                                    +$6.67  +0.42%  6W/7L  │  cap: +$156.14 (+1.56%)  portfolio: $33016.50
  ────────────────────────────────────────────────────────────────────────────────────────────────
  2022-11-23   M1    1     COIN   BEARISH    1.99    42.50   42.61  -$0.12  -0.28%  LOSS    fallback_20pct
                                  [REV]              44.31   45.53  +$1.22  +2.75%  WIN     end_of_day
  2022-11-23   M1    2     AMD    BULLISH    1.57    77.09   77.18  +$0.09  +0.12%  WIN     trailing_stop_ma20
  2022-11-23   M1    3     TSLA   BULLISH    1.15   174.78  179.48  +$4.69  +2.68%  WIN     trailing_stop_ma20
  ································································································
  2022-11-23   A1    1     RH     BEARISH    0.33   270.42  270.45  -$0.03  -0.01%  LOSS    fallback_20pct
                                  [REV]             271.20  276.09  +$4.89  +1.80%  WIN     end_of_day
  2022-11-23   A1    2     PLTR   BULLISH    0.32     7.24    7.34  +$0.11  +1.52%  WIN     trailing_stop_ma20
  2022-11-23   A1    3     FN     BEARISH    0.18   128.94  128.96  -$0.01  -0.01%  LOSS    fallback_20pct
                                  [REV]             129.22  129.52  +$0.31  +0.24%  WIN     trailing_stop_ma20
  ································································································
  2022-11-23   A2    1     SHOP   BULLISH    0.40    36.50   36.79  +$0.29  +0.79%  WIN     end_of_day
  2022-11-23   A2    2     MU     BULLISH    0.35    58.79   58.95  +$0.16  +0.27%  WIN     end_of_day
  2022-11-23   A2    3     PLTR   BEARISH    0.26     7.34    7.35  +$0.00  +0.00%  LOSS    fallback_20pct
                                  [REV]               7.38    7.38  +$0.00  +0.00%  LOSS    trailing_stop_ma20
                                                                   +$11.60  +0.76%  8W/5L  │  cap: +$372.51 (+3.73%)  portfolio: $33389.00
  ────────────────────────────────────────────────────────────────────────────────────────────────
  2022-11-25   M1    1     TSLA   BEARISH    1.60   180.94  181.33  -$0.39  -0.22%  LOSS    hard_stop
  2022-11-25   M1    2     SHOP   BEARISH    1.46    36.19   36.25  -$0.06  -0.17%  LOSS    hard_stop
  2022-11-25   M1    3     COIN   BEARISH    1.21    44.06   44.03  +$0.03  +0.07%  WIN     hard_stop
                                  [REV]              44.99   44.34  -$0.65  -1.44%  LOSS    hard_stop
                                                                    -$1.07  -0.44%  1W/3L  │  cap: -$43.28 (-0.43%)  portfolio: $33345.72
  ────────────────────────────────────────────────────────────────────────────────────────────────
  2022-11-28   M1    1     META   BEARISH    0.80   110.88  110.91  -$0.03  -0.03%  LOSS    fallback_20pct
                                  [BRE]             110.56  109.28  +$1.28  +1.16%  WIN     trailing_stop_ma20
  2022-11-28   M1    2     EXPE   BEARISH    0.66   100.85   99.97  +$0.88  +0.87%  WIN     trailing_stop_ma20
  ································································································
  2022-11-28   A1    1     FANG   BEARISH    0.50   144.62  144.65  -$0.03  -0.02%  LOSS    fallback_20pct
                                  [BRE]             144.55  144.37  +$0.18  +0.12%  WIN     trailing_stop_ma20
  2022-11-28   A1    2     ANAB   BEARISH    0.38    27.80   27.36  +$0.45  +1.62%  WIN     end_of_day
  2022-11-28   A1    3     SHOP   BEARISH    0.29    37.96   37.99  -$0.03  -0.08%  LOSS    fallback_20pct
                                  [REV]              38.03   37.98  -$0.05  -0.13%  LOSS    hard_stop
  ································································································
  2022-11-28   A2    1     MU     BEARISH    0.29    55.80   55.81  -$0.01  -0.02%  LOSS    hard_stop
  2022-11-28   A2    2     ANAB   BEARISH    0.23    27.47   27.36  +$0.11  +0.40%  WIN     end_of_day
  2022-11-28   A2    3     COIN   BEARISH    0.22    42.36   42.38  -$0.02  -0.05%  LOSS    hard_stop
                                                                    +$2.73  +0.35%  5W/6L  │  cap: +$142.97 (+1.43%)  portfolio: $33488.69
  ────────────────────────────────────────────────────────────────────────────────────────────────
  2022-11-29   M1    1     RH     BEARISH    0.78   271.98  272.26  -$0.28  -0.10%  LOSS    hard_stop
                                  [REV]             274.48  275.84  +$1.36  +0.50%  WIN     end_of_day
  2022-11-29   M1    2     NVDA   BEARISH    0.61   157.11  157.20  -$0.09  -0.06%  LOSS    fallback_20pct
                                  [REV]             158.52  157.61  -$0.91  -0.57%  LOSS    hard_stop
  ································································································
  2022-11-29   A1    1     CVNA   BEARISH    0.87     7.43    7.43  +$0.00  +0.00%  LOSS    fallback_20pct
                                  [REV]               7.51    7.46  -$0.05  -0.67%  LOSS    hard_stop
  2022-11-29   A1    2     APP    BEARISH    0.80    13.44   13.46  -$0.01  -0.07%  LOSS    fallback_20pct
                                  [REV]              13.52   13.47  -$0.05  -0.37%  LOSS    hard_stop
  2022-11-29   A1    3     ANAB   BEARISH    0.40    27.26   27.27  +$0.00  +0.00%  LOSS    fallback_20pct
                                  [REV]              27.71   27.95  +$0.24  +0.87%  WIN     end_of_day
  ································································································
  2022-11-29   A2    1     APP    BEARISH    0.67    13.36   13.37  -$0.01  -0.07%  LOSS    fallback_20pct
                                  [REV]              13.46   13.44  -$0.03  -0.22%  LOSS    trailing_stop_ma20
  2022-11-29   A2    2     CVNA   BEARISH    0.44     7.34    7.34  +$0.00  +0.00%  LOSS    fallback_20pct
                                  [REV]               7.42    7.35  -$0.08  -1.08%  LOSS    hard_stop
  2022-11-29   A2    3     SHOP   BEARISH    0.43    37.09   37.11  -$0.02  -0.05%  LOSS    fallback_20pct
                                  [REV]              37.25   37.14  -$0.11  -0.30%  LOSS    hard_stop
                                                                    -$0.04  -0.14%  2W/14L  │  cap: -$82.67 (-0.83%)  portfolio: $33406.02
  ────────────────────────────────────────────────────────────────────────────────────────────────
  2022-11-30   M1    1     SHOP   BULLISH    1.85    37.93   38.10  +$0.17  +0.45%  WIN     trailing_stop_ma20
  2022-11-30   M1    2     COIN   BEARISH    1.64    42.69   42.87  -$0.18  -0.42%  LOSS    hard_stop
  2022-11-30   M1    3     RH     BEARISH    1.40   272.67  273.80  -$1.13  -0.41%  LOSS    fallback_20pct
                                  [REV]             279.36  286.71  +$7.35  +2.63%  WIN     end_of_day
  ································································································
  2022-11-30   A1    1     APP    BEARISH    0.71    13.50   13.51  +$0.00  +0.00%  LOSS    fallback_20pct
                                  [REV]              13.56   14.41  +$0.86  +6.34%  WIN     end_of_day
  2022-11-30   A1    2     ANAB   BEARISH    0.40    27.06   27.06  +$0.00  +0.00%  LOSS    fallback_20pct
                                  [REV]              27.19   27.26  +$0.07  +0.26%  WIN     trailing_stop_ma20
  2022-11-30   A1    3     MU     BEARISH    0.29    54.31   54.33  -$0.02  -0.04%  LOSS    hard_stop
                                  [REV]              54.52   57.66  +$3.14  +5.76%  WIN     end_of_day
  ································································································
  2022-11-30   A2    1     APP    BULLISH    0.66    14.06   14.41  +$0.35  +2.49%  WIN     end_of_day
  2022-11-30   A2    2     CVNA   BULLISH    0.56     7.49    7.69  +$0.20  +2.67%  WIN     end_of_day
  2022-11-30   A2    3     SHOP   BULLISH    0.44    40.33   40.75  +$0.42  +1.04%  WIN     end_of_day
                                                                   +$11.23  +1.60%  8W/5L  │  cap: +$732.33 (+7.32%)  portfolio: $34138.35
  ────────────────────────────────────────────────────────────────────────────────────────────────
  2022-12-01   M1    1     SHOP   BULLISH    2.19    42.68   42.54  -$0.14  -0.33%  LOSS    hard_stop
                                  [BRU]              42.75   43.38  +$0.63  +1.47%  WIN     end_of_day
  2022-12-01   M1    2     PLTR   BULLISH    1.90     7.73    7.78  +$0.05  +0.65%  WIN     trailing_stop_ma20
  2022-12-01   M1    3     TSLA   BULLISH    1.22   198.11  198.13  +$0.02  +0.01%  WIN     fallback_20pct
  ································································································
  2022-12-01   A1    1     CVNA   BEARISH    1.14     8.14    8.17  -$0.03  -0.37%  LOSS    fallback_20pct
                                  [REV]               8.35    8.20  -$0.15  -1.80%  LOSS    hard_stop
  2022-12-01   A1    2     COIN   BEARISH    0.62    45.50   45.55  -$0.05  -0.11%  LOSS    fallback_20pct
                                  [REV]              45.91   45.68  -$0.23  -0.50%  LOSS    hard_stop
  2022-12-01   A1    3     FANG   BEARISH    0.45   145.29  145.30  -$0.01  -0.01%  LOSS    fallback_20pct
                                  [REV]             145.47  145.34  -$0.13  -0.09%  LOSS    hard_stop
  ································································································
  2022-12-01   A2    1     CVNA   BULLISH    0.63     8.30    8.28  -$0.03  -0.36%  LOSS    fallback_20pct
  2022-12-01   A2    2     COIN   BULLISH    0.36    45.52   45.39  -$0.13  -0.29%  LOSS    fallback_20pct
  2022-12-01   A2    3     EXPE   BULLISH    0.35   106.39  106.37  -$0.02  -0.02%  LOSS    hard_stop
                                                                    -$0.22  -0.13%  3W/10L  │  cap: -$79.47 (-0.79%)  portfolio: $34058.88
  ────────────────────────────────────────────────────────────────────────────────────────────────
  2022-12-02   M1    1     CVNA   BEARISH    2.78     7.67    7.68  -$0.01  -0.13%  LOSS    hard_stop
  2022-12-02   M1    2     SHOP   BULLISH    2.12    43.30   43.09  -$0.21  -0.48%  LOSS    fallback_20pct
                                  [BRU]              43.90   43.04  -$0.86  -1.96%  LOSS    end_of_day
  2022-12-02   M1    3     TSLA   BULLISH    1.37   195.42  194.74  -$0.68  -0.35%  LOSS    fallback_20pct
                                  [BRU]             195.74  193.58  -$2.17  -1.11%  LOSS    hard_stop
  ································································································
  2022-12-02   A1    1     APP    BULLISH    0.63    14.30   14.30  +$0.00  +0.00%  LOSS    hard_stop
                                  [BRU]              14.32   14.30  -$0.03  -0.21%  LOSS    hard_stop
  2022-12-02   A1    2     ANAB   BEARISH    0.40    27.00   27.00  +$0.00  +0.00%  LOSS    fallback_20pct
                                  [REV]              27.16   27.23  +$0.07  +0.26%  WIN     trailing_stop_ma20
  2022-12-02   A1    3     FN     BEARISH    0.19   132.16  132.16  +$0.00  +0.00%  LOSS    fallback_20pct
                                  [REV]             132.25  132.30  +$0.05  +0.04%  WIN     trailing_stop_ma20
  ································································································
  2022-12-02   A2    1     COIN   BULLISH    0.47    47.28   47.70  +$0.43  +0.91%  WIN     end_of_day
  2022-12-02   A2    2     TSLA   BULLISH    0.35   194.01  194.88  +$0.87  +0.45%  WIN     end_of_day
  2022-12-02   A2    3     NVDA   BULLISH    0.30   168.39  168.51  +$0.12  +0.07%  WIN     hard_stop
                                  [BRU]             168.84  168.84  +$0.00  +0.00%  LOSS    end_of_day
                                                                    -$2.42  -0.17%  5W/10L  │  cap: -$51.25 (-0.51%)  portfolio: $34007.62
  ────────────────────────────────────────────────────────────────────────────────────────────────
  2022-12-05   M1    1     CVNA   BEARISH    2.57     7.96    7.98  -$0.01  -0.13%  LOSS    fallback_20pct
                                  [BRE]               7.82    7.10  +$0.72  +9.21%  WIN     end_of_day
  2022-12-05   M1    2     SHOP   BEARISH    1.79    42.61   42.40  +$0.21  +0.49%  WIN     trailing_stop_ma20
  2022-12-05   M1    3     AMD    BEARISH    0.98    74.35   74.36  -$0.01  -0.01%  LOSS    fallback_20pct
                                  [BRE]              74.08   73.40  +$0.69  +0.93%  WIN     trailing_stop_ma20
  ································································································
  2022-12-05   A1    1     CVNA   BEARISH    0.56     7.34    7.10  +$0.24  +3.27%  WIN     end_of_day
  2022-12-05   A1    2     FANG   BEARISH    0.55   142.61  141.67  +$0.94  +0.66%  WIN     trailing_stop_ma20
  2022-12-05   A1    3     MU     BEARISH    0.24    54.16   54.00  +$0.16  +0.30%  WIN     trailing_stop_ma20
  ································································································
  2022-12-05   A2    1     SHOP   BEARISH    0.64    40.62   40.68  -$0.06  -0.15%  LOSS    fallback_20pct
                                  [BRE]              40.51   40.77  -$0.26  -0.64%  LOSS    hard_stop
  2022-12-05   A2    2     CVNA   BEARISH    0.54     7.16    7.16  -$0.01  -0.14%  LOSS    hard_stop
                                  [REV]               7.21    7.17  -$0.04  -0.55%  LOSS    hard_stop
  2022-12-05   A2    3     PLTR   BEARISH    0.27     7.18    7.18  +$0.00  +0.00%  LOSS    hard_stop
                                                                    +$2.57  +1.02%  6W/7L  │  cap: +$621.16 (+6.21%)  portfolio: $34628.79
  ────────────────────────────────────────────────────────────────────────────────────────────────
  2022-12-06   M1    1     CVNA   BEARISH    3.15     6.86    6.89  -$0.02  -0.29%  LOSS    fallback_20pct
                                  [BRE]               6.80    6.73  +$0.06  +0.88%  WIN     trailing_stop_ma20
  2022-12-06   M1    2     APP    BEARISH    2.90    12.26   11.61  +$0.65  +5.30%  WIN     trailing_stop_ma20
  2022-12-06   M1    3     COIN   BEARISH    2.85    44.22   43.30  +$0.92  +2.08%  WIN     trailing_stop_ma20
  ································································································
  2022-12-06   A1    1     ANAB   BEARISH    0.39    27.58   27.58  +$0.00  +0.00%  LOSS    hard_stop
                                  [REV]              27.78   27.58  -$0.20  -0.72%  LOSS    hard_stop
  2022-12-06   A1    2     FANG   BEARISH    0.37   138.70  138.73  -$0.03  -0.02%  LOSS    hard_stop
                                  [REV]             139.51  138.84  -$0.67  -0.48%  LOSS    trailing_stop_ma20
  2022-12-06   A1    3     RH     BEARISH    0.32   256.62  256.62  +$0.00  +0.00%  LOSS    hard_stop
                                  [REV]             256.65  256.62  -$0.03  -0.01%  LOSS    hard_stop
  ································································································
  2022-12-06   A2    1     ANAB   BEARISH    0.35    27.65   27.66  -$0.02  -0.07%  LOSS    hard_stop
  2022-12-06   A2    2     META   BEARISH    0.22   114.43  114.45  -$0.02  -0.02%  LOSS    hard_stop
                                                                    +$0.64  +0.55%  3W/9L  │  cap: +$173.52 (+1.74%)  portfolio: $34802.31
  ────────────────────────────────────────────────────────────────────────────────────────────────
  2022-12-07   A1    1     CVNA   BEARISH    2.52     4.39    4.08  +$0.31  +7.06%  WIN     trailing_stop_ma20
  2022-12-07   A1    2     FANG   BEARISH    0.36   138.20  138.22  -$0.02  -0.01%  LOSS    fallback_20pct
                                  [REV]             138.40  138.20  -$0.20  -0.14%  LOSS    hard_stop
  2022-12-07   A1    3     FN     BEARISH    0.19   128.74  127.82  +$0.92  +0.71%  WIN     end_of_day
  ································································································
  2022-12-07   A2    1     ANAB   BEARISH    0.17    28.00   28.00  +$0.00  +0.00%  LOSS    hard_stop
                                  [BRE]              27.90   27.88  +$0.01  +0.04%  WIN     end_of_day
                                                                    +$1.02  +1.28%  3W/3L  │  cap: +$364.46 (+3.64%)  portfolio: $35166.76
  ────────────────────────────────────────────────────────────────────────────────────────────────
  2022-12-08   M1    1     TSLA   BEARISH    1.43   169.69  170.48  -$0.79  -0.47%  LOSS    fallback_20pct
                                  [REV]             174.32  171.68  -$2.64  -1.51%  LOSS    hard_stop
  2022-12-08   M1    2     AMD    BEARISH    1.32    69.19   69.40  -$0.21  -0.30%  LOSS    hard_stop
                                  [REV]              70.66   69.90  -$0.76  -1.08%  LOSS    hard_stop
  2022-12-08   M1    3     NVDA   BEARISH    1.09   160.43  160.99  -$0.56  -0.35%  LOSS    fallback_20pct
                                  [REV]             163.77  167.26  +$3.49  +2.13%  WIN     trailing_stop_ma20
  ································································································
  2022-12-08   A1    1     RH     BEARISH    0.33   262.30  262.32  -$0.02  -0.01%  LOSS    fallback_20pct
                                  [REV]             263.05  265.73  +$2.68  +1.02%  WIN     trailing_stop_ma20
  2022-12-08   A1    2     AMD    BEARISH    0.18    69.92   69.95  -$0.03  -0.04%  LOSS    hard_stop
                                  [REV]              70.17   70.02  -$0.14  -0.20%  LOSS    hard_stop
  ································································································
  2022-12-08   A2    1     APP    BEARISH    0.62    10.46   10.46  +$0.00  +0.00%  LOSS    fallback_20pct
                                  [REV]              10.50   10.46  -$0.03  -0.29%  LOSS    hard_stop
  2022-12-08   A2    2     EXPE   BEARISH    0.32    92.83   92.84  -$0.01  -0.01%  LOSS    hard_stop
                                  [REV]              93.07   93.57  +$0.50  +0.54%  WIN     end_of_day
  2022-12-08   A2    3     FANG   BEARISH    0.23   132.71  132.74  -$0.03  -0.02%  LOSS    fallback_20pct
                                  [REV]             133.14  132.92  -$0.22  -0.17%  LOSS    end_of_day
                                                                    +$1.23  -0.05%  3W/13L  │  cap: -$64.13 (-0.64%)  portfolio: $35102.63
  ────────────────────────────────────────────────────────────────────────────────────────────────
  2022-12-09   A1    1     CVNA   BEARISH    1.02     4.84    4.84  +$0.00  +0.00%  LOSS    fallback_20pct
                                  [REV]               4.88    5.00  +$0.12  +2.46%  WIN     trailing_stop_ma20
  2022-12-09   A1    2     FANG   BEARISH    0.49   130.60  130.69  -$0.08  -0.06%  LOSS    fallback_20pct
                                  [REV]             131.04  130.81  -$0.23  -0.18%  LOSS    hard_stop
  ································································································
  2022-12-09   A2    1     PLTR   BEARISH    0.15     7.12    7.13  +$0.00  +0.00%  LOSS    hard_stop
                                  [REV]               7.13    7.12  +$0.00  +0.00%  LOSS    hard_stop
                                                                    -$0.19  +0.37%  1W/5L  │  cap: +$115.85 (+1.16%)  portfolio: $35218.48
  ────────────────────────────────────────────────────────────────────────────────────────────────
  2022-12-12   M1    1     CVNA   BEARISH    4.76     4.83    4.88  -$0.05  -1.04%  LOSS    hard_stop
  2022-12-12   M1    2     APP    BEARISH    2.73    10.42   10.42  +$0.00  +0.00%  LOSS    fallback_20pct
                                  [REV]              10.62   10.48  -$0.14  -1.32%  LOSS    hard_stop
  2022-12-12   M1    3     RH     BEARISH    2.22   256.45  253.81  +$2.64  +1.03%  WIN     trailing_stop_ma20
  ································································································
  2022-12-12   A1    1     CVNA   BEARISH    1.15     4.84    4.84  +$0.00  +0.00%  LOSS    fallback_20pct
                                  [REV]               4.88    4.85  -$0.04  -0.82%  LOSS    hard_stop
  2022-12-12   A1    2     AMD    BEARISH    0.16    69.52   69.54  -$0.02  -0.03%  LOSS    hard_stop
                                  [REV]              69.69   69.60  -$0.09  -0.13%  LOSS    hard_stop
  ································································································
  2022-12-12   A2    1     COIN   BEARISH    0.50    41.04   41.06  -$0.02  -0.05%  LOSS    fallback_20pct
                                  [REV]              41.44   42.60  +$1.16  +2.80%  WIN     end_of_day
  2022-12-12   A2    2     TSLA   BEARISH    0.37   168.22  168.35  -$0.13  -0.08%  LOSS    fallback_20pct
                                  [BRE]             167.86  167.75  +$0.11  +0.07%  WIN     end_of_day
  2022-12-12   A2    3     FN     BEARISH    0.15   130.90  130.54  +$0.36  +0.28%  WIN     end_of_day
                                                                    +$3.78  +0.05%  4W/9L  │  cap: +$24.90 (+0.25%)  portfolio: $35243.38
  ────────────────────────────────────────────────────────────────────────────────────────────────
  2022-12-13   M1    1     APP    BULLISH    2.58    11.48   11.49  +$0.00  +0.00%  LOSS    hard_stop
  2022-12-13   M1    2     SHOP   BULLISH    1.81    42.48   42.34  -$0.14  -0.33%  LOSS    hard_stop
  2022-12-13   M1    3     COIN   BULLISH    1.52    45.34   45.83  +$0.49  +1.08%  WIN     fallback_20pct
  ································································································
  2022-12-13   A1    1     NVDA   BULLISH    0.44   179.74  179.67  -$0.07  -0.04%  LOSS    hard_stop
                                  [BRU]             179.92  179.20  -$0.73  -0.41%  LOSS    hard_stop
  2022-12-13   A1    2     FANG   BULLISH    0.41   136.52  136.50  -$0.02  -0.01%  LOSS    hard_stop
                                  [BRU]             136.75  136.42  -$0.33  -0.24%  LOSS    hard_stop
  2022-12-13   A1    3     RH     BULLISH    0.36   263.86  264.01  +$0.15  +0.06%  WIN     hard_stop
                                  [BRU]             264.11  263.84  -$0.27  -0.10%  LOSS    hard_stop
  ································································································
  2022-12-13   A2    1     CVNA   BEARISH    0.71     4.80    4.80  +$0.00  +0.00%  LOSS    fallback_20pct
                                  [REV]               4.86    4.82  -$0.05  -1.03%  LOSS    end_of_day
  2022-12-13   A2    2     SHOP   BEARISH    0.63    38.80   38.84  -$0.04  -0.10%  LOSS    hard_stop
                                  [BRE]              38.77   38.76  +$0.01  +0.03%  WIN     end_of_day
  2022-12-13   A2    3     AMD    BEARISH    0.53    70.86   70.93  -$0.07  -0.10%  LOSS    fallback_20pct
                                  [REV]              71.38   71.63  +$0.25  +0.35%  WIN     end_of_day
                                                                    -$0.82  -0.06%  4W/11L  │  cap: -$67.77 (-0.68%)  portfolio: $35175.61
  ────────────────────────────────────────────────────────────────────────────────────────────────
  2022-12-14   M1    1     CVNA   BULLISH    3.76     5.05    4.96  -$0.09  -1.78%  LOSS    fallback_20pct
                                  [BRU]               5.25    5.26  +$0.01  +0.19%  WIN     end_of_day
  2022-12-14   M1    2     SHOP   BEARISH    1.21    38.12   38.08  +$0.04  +0.10%  WIN     hard_stop
                                  [REV]              38.85   38.36  -$0.49  -1.26%  LOSS    hard_stop
  2022-12-14   M1    3     NVDA   BEARISH    1.01   178.99  179.26  -$0.27  -0.15%  LOSS    fallback_20pct
                                  [REV]             182.18  180.18  -$2.00  -1.10%  LOSS    hard_stop
  ································································································
  2022-12-14   A1    1     CVNA   BEARISH    1.36     5.10    5.11  -$0.01  -0.20%  LOSS    fallback_20pct
                                  [REV]               5.18    5.12  -$0.06  -1.16%  LOSS    hard_stop
  2022-12-14   A1    2     COIN   BULLISH    0.45    41.12   41.13  +$0.01  +0.02%  WIN     hard_stop
  2022-12-14   A1    3     META   BEARISH    0.27   122.50  122.51  -$0.01  -0.01%  LOSS    fallback_20pct
                                  [REV]             122.71  122.58  -$0.13  -0.11%  LOSS    hard_stop
  ································································································
  2022-12-14   A2    1     APP    BULLISH    0.98    10.66   10.65  -$0.01  -0.09%  LOSS    fallback_20pct
                                  [BRU]              10.68   10.62  -$0.05  -0.47%  LOSS    hard_stop
  2022-12-14   A2    2     CVNA   BULLISH    0.91     5.28    5.27  -$0.01  -0.19%  LOSS    hard_stop
                                  [BRU]               5.32    5.26  -$0.05  -0.94%  LOSS    end_of_day
  2022-12-14   A2    3     FANG   BULLISH    0.50   139.00  138.92  -$0.09  -0.06%  LOSS    hard_stop
                                                                    -$3.21  -0.45%  3W/13L  │  cap: -$269.51 (-2.70%)  portfolio: $34906.10
  ────────────────────────────────────────────────────────────────────────────────────────────────
  2022-12-15   M1    1     APP    BEARISH    2.52    10.09   10.07  +$0.02  +0.20%  WIN     hard_stop
  ································································································
  2022-12-15   A1    1     FANG   BEARISH    0.43   136.93  136.96  -$0.03  -0.02%  LOSS    hard_stop
                                  [REV]             137.46  137.06  -$0.40  -0.29%  LOSS    hard_stop
  2022-12-15   A1    2     COIN   BEARISH    0.34    37.56   37.58  -$0.02  -0.05%  LOSS    fallback_20pct
                                  [REV]              37.82   38.01  +$0.19  +0.50%  WIN     trailing_stop_ma20
  2022-12-15   A1    3     ANAB   BEARISH    0.30    28.61   28.61  +$0.00  +0.00%  LOSS    hard_stop
  ································································································
  2022-12-15   A2    1     ANAB   BEARISH    0.14    28.46   28.46  +$0.00  +0.00%  LOSS    fallback_20pct
                                  [REV]              28.54   28.66  +$0.13  +0.46%  WIN     trailing_stop_ma20
  2022-12-15   A2    2     FN     BEARISH    0.14   125.86  125.87  -$0.01  -0.01%  LOSS    fallback_20pct
                                  [REV]             126.19  126.24  +$0.06  +0.05%  WIN     trailing_stop_ma20
                                                                    -$0.06  +0.08%  4W/6L  │  cap: +$31.72 (+0.32%)  portfolio: $34937.81
  ────────────────────────────────────────────────────────────────────────────────────────────────
  2022-12-16   M1    1     TSLA   BEARISH    1.53   156.72  156.91  -$0.19  -0.12%  LOSS    fallback_20pct
                                  [BRE]             154.97  150.18  +$4.79  +3.09%  WIN     end_of_day
  2022-12-16   M1    2     APP    BEARISH    1.32     9.80    9.81  -$0.01  -0.10%  LOSS    fallback_20pct
                                  [REV]               9.96    9.83  -$0.13  -1.31%  LOSS    hard_stop
  ································································································
  2022-12-16   A1    1     FANG   BEARISH    0.42   133.64  133.67  -$0.03  -0.02%  LOSS    hard_stop
                                  [REV]             133.91  133.76  -$0.16  -0.12%  LOSS    hard_stop
  2022-12-16   A1    2     ANAB   BEARISH    0.31    28.29   28.21  +$0.08  +0.28%  WIN     trailing_stop_ma20
  2022-12-16   A1    3     EXPE   BEARISH    0.26    87.80   87.84  -$0.04  -0.05%  LOSS    fallback_20pct
                                  [REV]              87.84   88.00  +$0.16  +0.18%  WIN     trailing_stop_ma20
  ································································································
  2022-12-16   A2    1     TSLA   BEARISH    0.35   150.83  150.89  -$0.06  -0.04%  LOSS    hard_stop
  2022-12-16   A2    2     META   BEARISH    0.32   119.26  119.34  -$0.08  -0.07%  LOSS    hard_stop
                                  [REV]             119.91  119.52  -$0.39  -0.33%  LOSS    hard_stop
  2022-12-16   A2    3     FANG   BEARISH    0.29   133.85  133.91  -$0.06  -0.04%  LOSS    fallback_20pct
                                  [REV]             134.32  134.43  +$0.11  +0.08%  WIN     trailing_stop_ma20
                                                                    +$3.99  +0.10%  4W/10L  │  cap: +$97.27 (+0.97%)  portfolio: $35035.08
  ────────────────────────────────────────────────────────────────────────────────────────────────
  2022-12-19   M1    1     CVNA   BEARISH    5.23     4.60    4.67  -$0.07  -1.52%  LOSS    fallback_20pct
                                  [BRE]               4.50    4.41  +$0.09  +2.00%  WIN     end_of_day
  2022-12-19   M1    2     COIN   BEARISH    2.46    35.02   35.20  -$0.18  -0.51%  LOSS    hard_stop
                                  [BRE]              34.88   35.16  -$0.28  -0.80%  LOSS    end_of_day
  2022-12-19   M1    3     PLTR   BEARISH    1.56     6.62    6.44  +$0.19  +2.87%  WIN     trailing_stop_ma20
  ································································································
  2022-12-19   A1    1     META   BEARISH    0.28   116.02  116.04  -$0.02  -0.02%  LOSS    fallback_20pct
                                  [BRE]             115.87  114.94  +$0.93  +0.80%  WIN     trailing_stop_ma20
  2022-12-19   A1    2     ANAB   BEARISH    0.24    26.90   26.90  +$0.00  +0.00%  LOSS    trailing_stop_ma20
  ································································································
  2022-12-19   A2    1     EXPE   BEARISH    0.35    85.07   85.08  -$0.01  -0.01%  LOSS    hard_stop
  2022-12-19   A2    2     PLTR   BEARISH    0.32     6.37    6.37  +$0.00  +0.00%  LOSS    hard_stop
                                  [BRE]               6.36    6.34  +$0.02  +0.31%  WIN     end_of_day
  2022-12-19   A2    3     NVDA   BEARISH    0.26   162.26  162.25  +$0.01  +0.01%  WIN     hard_stop
                                                                    +$0.68  +0.26%  5W/7L  │  cap: +$90.29 (+0.90%)  portfolio: $35125.37
  ────────────────────────────────────────────────────────────────────────────────────────────────
  2022-12-20   M1    1     CVNA   BEARISH    4.28     4.16    4.16  +$0.00  +0.00%  LOSS    hard_stop
                                  [REV]               4.38    4.25  -$0.14  -3.20%  LOSS    hard_stop
  2022-12-20   M1    2     COIN   BEARISH    1.87    34.71   34.83  -$0.12  -0.35%  LOSS    fallback_20pct
                                  [REV]              36.00   35.20  -$0.80  -2.22%  LOSS    hard_stop
  2022-12-20   M1    3     TSLA   BEARISH    1.31   144.97  145.00  -$0.03  -0.02%  LOSS    fallback_20pct
                                  [BRE]             144.20  137.76  +$6.44  +4.47%  WIN     end_of_day
  ································································································
  2022-12-20   A1    1     CVNA   BEARISH    1.41     4.18    4.18  -$0.01  -0.24%  LOSS    fallback_20pct
                                  [REV]               4.24    4.19  -$0.05  -1.18%  LOSS    hard_stop
  2022-12-20   A1    2     SHOP   BEARISH    0.37    35.82   35.84  -$0.02  -0.06%  LOSS    hard_stop
                                  [REV]              35.99   36.00  +$0.01  +0.03%  WIN     trailing_stop_ma20
  2022-12-20   A1    3     COIN   BEARISH    0.31    34.86   34.87  -$0.01  -0.03%  LOSS    fallback_20pct
                                  [REV]              35.02   34.89  -$0.13  -0.37%  LOSS    hard_stop
  ································································································
  2022-12-20   A2    1     CVNA   BEARISH    0.47     4.14    4.14  +$0.00  +0.00%  LOSS    fallback_20pct
                                  [REV]               4.16    4.18  +$0.01  +0.24%  WIN     trailing_stop_ma20
  2022-12-20   A2    2     FANG   BEARISH    0.18   134.95  134.95  +$0.00  +0.00%  LOSS    fallback_20pct
                                  [REV]             135.17  135.21  +$0.04  +0.03%  WIN     trailing_stop_ma20
                                                                    +$5.19  -0.18%  4W/12L  │  cap: -$213.92 (-2.14%)  portfolio: $34911.45
  ────────────────────────────────────────────────────────────────────────────────────────────────
  2022-12-21   A1    1     APP    BEARISH    0.71    10.17   10.17  +$0.00  +0.00%  LOSS    hard_stop
  2022-12-21   A1    2     EXPE   BEARISH    0.33    87.05   87.09  -$0.04  -0.05%  LOSS    hard_stop
  2022-12-21   A1    3     COIN   BEARISH    0.32    35.40   35.40  +$0.00  +0.00%  LOSS    hard_stop
                                  [REV]              35.56   35.43  -$0.13  -0.37%  LOSS    hard_stop
  ································································································
  2022-12-21   A2    1     MU     BEARISH    0.38    51.10   51.12  -$0.02  -0.04%  LOSS    hard_stop
                                  [REV]              51.26   51.17  -$0.09  -0.18%  LOSS    hard_stop
  2022-12-21   A2    2     SHOP   BEARISH    0.37    36.46   36.20  +$0.27  +0.74%  WIN     end_of_day
  2022-12-21   A2    3     COIN   BEARISH    0.33    35.35   35.11  +$0.24  +0.68%  WIN     end_of_day
                                                                    +$0.23  +0.10%  2W/6L  │  cap: +$16.35 (+0.16%)  portfolio: $34927.80
  ────────────────────────────────────────────────────────────────────────────────────────────────
  2022-12-22   M1    1     CVNA   BEARISH    4.64     3.98    3.88  +$0.09  +2.26%  WIN     trailing_stop_ma20
  2022-12-22   M1    2     APP    BEARISH    2.57     9.69    9.73  -$0.04  -0.41%  LOSS    fallback_20pct
                                  [BRE]               9.60    9.84  -$0.23  -2.40%  LOSS    hard_stop
  2022-12-22   M1    3     TSLA   BEARISH    1.44   133.27  133.10  +$0.17  +0.13%  WIN     hard_stop
                                  [BRE]             132.47  125.35  +$7.12  +5.37%  WIN     trailing_stop_ma20
  ································································································
  2022-12-22   A1    1     RH     BEARISH    0.32   255.89  255.82  +$0.07  +0.03%  WIN     trailing_stop_ma20
  2022-12-22   A1    2     SHOP   BEARISH    0.25    33.49   33.49  +$0.00  +0.00%  LOSS    hard_stop
                                  [REV]              33.54   33.62  +$0.08  +0.24%  WIN     trailing_stop_ma20
  2022-12-22   A1    3     FN     BEARISH    0.20   127.39  127.39  +$0.00  +0.00%  LOSS    fallback_20pct
                                  [REV]             128.00  128.01  +$0.01  +0.01%  WIN     trailing_stop_ma20
                                                                    +$7.27  +0.52%  6W/4L  │  cap: +$147.65 (+1.48%)  portfolio: $35075.45
  ────────────────────────────────────────────────────────────────────────────────────────────────
  2022-12-23   M1    1     CVNA   BEARISH    3.13     4.00    4.01  -$0.01  -0.25%  LOSS    fallback_20pct
                                  [REV]               4.15    4.06  -$0.09  -2.17%  LOSS    hard_stop
  2022-12-23   M1    2     RH     BEARISH    1.08   258.93  259.55  -$0.62  -0.24%  LOSS    hard_stop
                                  [REV]             263.53  264.35  +$0.82  +0.31%  WIN     end_of_day
  ································································································
  2022-12-23   A1    1     FANG   BEARISH    0.37   135.85  135.88  -$0.03  -0.02%  LOSS    fallback_20pct
                                  [REV]             136.11  135.92  -$0.19  -0.14%  LOSS    trailing_stop_ma20
  2022-12-23   A1    2     ANAB   BEARISH    0.28    28.40   28.40  +$0.00  +0.00%  LOSS    fallback_20pct
                                  [REV]              28.42   28.45  +$0.04  +0.14%  WIN     trailing_stop_ma20
  2022-12-23   A1    3     MU     BEARISH    0.24    49.86   49.86  +$0.00  +0.00%  LOSS    fallback_20pct
                                  [REV]              49.99   50.07  +$0.08  +0.16%  WIN     trailing_stop_ma20
  ································································································
  2022-12-23   A2    1     TSLA   BEARISH    0.44   124.20  123.13  +$1.08  +0.87%  WIN     end_of_day
  2022-12-23   A2    2     COIN   BEARISH    0.36    35.31   35.31  +$0.00  +0.00%  LOSS    hard_stop
  2022-12-23   A2    3     FN     BEARISH    0.13   128.17  128.17  +$0.00  +0.00%  LOSS    fallback_20pct
                                  [REV]             128.68  128.68  +$0.00  +0.00%  LOSS    end_of_day
                                                                    +$1.08  -0.10%  4W/10L  │  cap: -$76.48 (-0.76%)  portfolio: $34998.98
  ────────────────────────────────────────────────────────────────────────────────────────────────
  2022-12-27   M1    1     CVNA   BEARISH    3.46     3.76    3.77  -$0.02  -0.53%  LOSS    hard_stop
                                  [REV]               3.95    3.83  -$0.12  -3.04%  LOSS    hard_stop
  2022-12-27   M1    2     NVDA   BEARISH    2.19   145.43  146.07  -$0.64  -0.44%  LOSS    hard_stop
                                  [BRE]             144.90  141.22  +$3.68  +2.54%  WIN     end_of_day
  2022-12-27   M1    3     COIN   BEARISH    2.18    33.15   33.32  -$0.17  -0.51%  LOSS    hard_stop
                                  [BRE]              33.03   32.62  +$0.41  +1.24%  WIN     end_of_day
  ································································································
  2022-12-27   A1    1     CVNA   BEARISH    1.80     3.90    3.90  +$0.00  +0.00%  LOSS    hard_stop
                                  [BRE]               3.88    3.72  +$0.16  +4.12%  WIN     end_of_day
  2022-12-27   A1    2     COIN   BEARISH    0.36    33.18   33.20  -$0.02  -0.06%  LOSS    fallback_20pct
                                  [REV]              33.29   33.23  -$0.06  -0.18%  LOSS    hard_stop
  2022-12-27   A1    3     EXPE   BEARISH    0.31    85.72   85.74  -$0.02  -0.02%  LOSS    hard_stop
  ································································································
  2022-12-27   A2    1     APP    BEARISH    0.63     9.32    9.32  +$0.00  +0.00%  LOSS    fallback_20pct
                                  [REV]               9.34    9.32  -$0.01  -0.11%  LOSS    hard_stop
  2022-12-27   A2    2     CVNA   BEARISH    0.61     3.84    3.72  +$0.11  +2.86%  WIN     end_of_day
  2022-12-27   A2    3     MU     BEARISH    0.38    49.76   49.77  -$0.01  -0.02%  LOSS    fallback_20pct
                                  [REV]              49.91   50.03  +$0.12  +0.24%  WIN     end_of_day
                                                                    +$3.41  +0.38%  5W/11L  │  cap: +$181.37 (+1.81%)  portfolio: $35180.34
  ────────────────────────────────────────────────────────────────────────────────────────────────
  2022-12-28   A1    1     FN     BEARISH    0.21   127.07  126.04  +$1.03  +0.81%  WIN     end_of_day
  ································································································
  2022-12-28   A2    1     CVNA   BEARISH    0.85     3.90    3.90  +$0.00  +0.00%  LOSS    fallback_20pct
                                  [REV]               3.92    3.91  -$0.01  -0.26%  LOSS    hard_stop
  2022-12-28   A2    2     TSLA   BEARISH    0.58   111.02  111.14  -$0.12  -0.11%  LOSS    hard_stop
                                  [REV]             111.94  112.72  +$0.78  +0.70%  WIN     end_of_day
  2022-12-28   A2    3     EXPE   BEARISH    0.51    83.63   83.70  -$0.07  -0.08%  LOSS    hard_stop
                                  [BRE]              83.46   83.71  -$0.25  -0.30%  LOSS    end_of_day
                                                                    +$1.36  +0.11%  2W/5L  │  cap: +$37.76 (+0.38%)  portfolio: $35218.10
  ────────────────────────────────────────────────────────────────────────────────────────────────
  2022-12-30   A1    1     CVNA   BEARISH    1.72     4.49    4.49  +$0.00  +0.00%  LOSS    hard_stop
                                  [REV]               4.52    4.74  +$0.22  +4.87%  WIN     end_of_day
  2022-12-30   A1    2     FANG   BEARISH    0.35   136.31  136.28  +$0.03  +0.02%  WIN     trailing_stop_ma20
  2022-12-30   A1    3     ANAB   BEARISH    0.32    30.94   30.95  -$0.01  -0.03%  LOSS    hard_stop
                                  [REV]              30.98   30.97  -$0.01  -0.03%  LOSS    end_of_day
  ································································································
  2022-12-30   A2    1     FN     BEARISH    0.10   127.68  127.68  +$0.00  +0.00%  LOSS    fallback_20pct
                                                                    +$0.23  +0.80%  2W/4L  │  cap: +$242.73 (+2.43%)  portfolio: $35460.83
  ────────────────────────────────────────────────────────────────────────────────────────────────
━━━━━━━━━━━━━━━━━━━━━━━━━━━━━━━━━━━━━━━━━━━━━━━━━━━━━━━━━━━━━━━━━━━━━━━━━━━━━━━━━━━━━━━━━━━━━━━━━━

━━━━━━━━━━━━━━━━━━━━━━━━━━━━━━━━━━━━━━━━━━━━━━━━━━━━━━━━━━━━━━━━━━━━━━
  SUMMARY — Selector Backtest
  2022-01-01 → 2022-12-31  |  top-3  |  60d rolling  |  stop-pct 0.15
━━━━━━━━━━━━━━━━━━━━━━━━━━━━━━━━━━━━━━━━━━━━━━━━━━━━━━━━━━━━━━━━━━━━━━

  SELECTED  (top-3 per window per day, scoring + EV gate)
  ────────────────────────────────────────────────
  Trades          : 1837  (502W / 1335L)
  Reversals       : 700  (256W / 444L)
  Bearish re-entry: 223  (124W / 99L)
  Bullish re-entry: 237  (105W / 132L)
  Win rate        : 27%
  Avg win  %      : +1.51%  per trade
  Avg loss %      : -0.81%  per trade
  EV / trade      : -0.173%
  Net P&L (1 sh)  : +$783.41

  BASELINE  (all signals, no selection, first window only)
  ────────────────────────────────────────────────
  Trades          : 2176  (892W / 1284L)
  Win rate        : 41%
  Avg win  %      : +1.75%  per trade
  Avg loss %      : -0.63%  per trade
  EV / trade      : +0.344%
  Net P&L (1 sh)  : +$1589.17

  CAPITAL SIMULATION  ($10,000 initial | weighted 50%/30%/20% × 3 slots)
  ────────────────────────────────────────────────
  Total return ($)    : +$25460.83
  Total return (%)    : +254.61%
  Final portfolio     : $35,460.83
  Days with picks     : 250
  Avg daily return    : +$101.84  (+1.02%)

━━━━━━━━━━━━━━━━━━━━━━━━━━━━━━━━━━━━━━━━━━━━━━━━━━━━━━━━━━━━━━━━━━━━━━━━━━━━━━━━
  PER-WINDOW BREAKDOWN  (first group: 100% of portfolio | sequential: inherits all returned capital)
━━━━━━━━━━━━━━━━━━━━━━━━━━━━━━━━━━━━━━━━━━━━━━━━━━━━━━━━━━━━━━━━━━━━━━━━━━━━━━━━
  Window   Start   Bars  Group         Trades  W/L         WinRate   EV/trade     Cap P&L   Return%
  ──────────────────────────────────────────────────────────────────────────────
  M1       09:30   3     first(100%)     603  216W/387L       36%    -0.258%  +$13533.39  +135.33%
  A1       13:15   1     sequential     645  146W/499L       23%    -0.184%   +$7306.87   +73.07%
  A2       15:00   1     sequential     589  140W/449L       24%    -0.076%   +$4620.57   +46.21%
━━━━━━━━━━━━━━━━━━━━━━━━━━━━━━━━━━━━━━━━━━━━━━━━━━━━━━━━━━━━━━━━━━━━━━━━━━━━━━━━

━━━━━━━━━━━━━━━━━━━━━━━━━━━━━━━━━━━━━━━━━━━━━━━━━━━━━━━━━━━━━━━━━━━━━━━━
  WEEKLY BREAKDOWN  ($10,000 initial | weighted 50%/30%/20% × 3 slots)
━━━━━━━━━━━━━━━━━━━━━━━━━━━━━━━━━━━━━━━━━━━━━━━━━━━━━━━━━━━━━━━━━━━━━━━━
  Period        Picks  W/L           Cap P&L$   Return%  Portfolio
  ────────────────────────────────────────────────────────────────────
  2022-W01         39  7W/32L        +$697.82    +6.98%  $10,697.82
  2022-W02         32  7W/25L        +$421.51    +4.22%  $11,119.33
  2022-W03         29  11W/18L       +$633.80    +6.34%  $11,753.13
  2022-W04         32  8W/24L        +$379.02    +3.79%  $12,132.15
  2022-W05         40  9W/31L        +$444.07    +4.44%  $12,576.22
  2022-W06         29  8W/21L        +$867.26    +8.67%  $13,443.48
  2022-W07         40  10W/30L       +$176.15    +1.76%  $13,619.63
  2022-W08         24  5W/19L        -$138.61    -1.39%  $13,481.02
  2022-W09         40  10W/30L      +$1030.10   +10.30%  $14,511.12
  2022-W10         29  9W/20L        +$234.49    +2.34%  $14,745.60
  2022-W11         43  11W/32L       +$929.31    +9.29%  $15,674.91
  2022-W12         44  4W/40L        +$325.86    +3.26%  $16,000.77
  2022-W13         39  15W/24L       +$218.67    +2.19%  $16,219.44
  2022-W14         35  15W/20L       +$347.48    +3.47%  $16,566.92
  2022-W15         28  6W/22L        +$439.01    +4.39%  $17,005.93
  2022-W16         40  9W/31L         -$16.95    -0.17%  $16,988.98
  2022-W17         33  8W/25L        +$622.41    +6.22%  $17,611.39
  2022-W18         36  11W/25L       +$978.07    +9.78%  $18,589.47
  2022-W19         30  9W/21L        +$423.21    +4.23%  $19,012.67
  2022-W20         36  7W/29L        +$736.83    +7.37%  $19,749.50
  2022-W21         38  11W/27L       -$169.18    -1.69%  $19,580.32
  2022-W22         34  10W/24L       +$517.60    +5.18%  $20,097.92
  2022-W23         39  13W/26L       +$814.30    +8.14%  $20,912.22
  2022-W24         27  10W/17L       +$213.71    +2.14%  $21,125.93
  2022-W25         31  5W/26L        +$563.58    +5.64%  $21,689.51
  2022-W26         41  9W/32L        -$380.61    -3.81%  $21,308.90
  2022-W27         36  14W/22L      +$1316.02   +13.16%  $22,624.91
  2022-W28         33  7W/26L        -$124.40    -1.24%  $22,500.51
  2022-W29         42  9W/33L        +$910.80    +9.11%  $23,411.31
  2022-W30         44  12W/32L       +$503.57    +5.04%  $23,914.88
  2022-W31         41  18W/23L      +$2144.00   +21.44%  $26,058.88
  2022-W32         43  12W/31L         -$0.17    -0.00%  $26,058.71
  2022-W33         39  8W/31L        +$278.16    +2.78%  $26,336.86
  2022-W34         37  11W/26L       +$775.82    +7.76%  $27,112.69
  2022-W35         32  9W/23L         +$49.82    +0.50%  $27,162.51
  2022-W36         31  11W/20L       +$751.31    +7.51%  $27,913.81
  2022-W37         33  10W/23L        -$17.50    -0.18%  $27,896.31
  2022-W38         31  6W/25L         +$11.35    +0.11%  $27,907.67
  2022-W39         24  8W/16L        +$738.49    +7.38%  $28,646.15
  2022-W40         39  11W/28L       +$516.13    +5.16%  $29,162.28
  2022-W41         37  10W/27L       +$668.34    +6.68%  $29,830.62
  2022-W42         43  13W/30L       -$187.04    -1.87%  $29,643.59
  2022-W43         38  12W/26L       +$664.56    +6.65%  $30,308.15
  2022-W44         35  8W/27L       +$1153.82   +11.54%  $31,461.97
  2022-W45         36  11W/25L       +$559.93    +5.60%  $32,021.90
  2022-W46         39  13W/26L       +$753.37    +7.53%  $32,775.27
  2022-W47         28  13W/15L       +$570.45    +5.70%  $33,345.72
  2022-W48         43  12W/31L       +$661.90    +6.62%  $34,007.62
  2022-W49         32  8W/24L       +$1210.85   +12.11%  $35,218.48
  2022-W50         40  8W/32L        -$183.39    -1.83%  $35,035.08
  2022-W51         36  8W/28L         -$36.11    -0.36%  $34,998.98
  2022-W52         17  3W/14L        +$461.86    +4.62%  $35,460.83
  ────────────────────────────────────────────────────────────────────
  TOTAL          1837  502W/1335L        +$25460.83  +254.61%  $35,460.83
━━━━━━━━━━━━━━━━━━━━━━━━━━━━━━━━━━━━━━━━━━━━━━━━━━━━━━━━━━━━━━━━━━━━━━━━

━━━━━━━━━━━━━━━━━━━━━━━━━━━━━━━━━━━━━━━━━━━━━━━━━━━━━━━━━━━━
  WEEKLY BREAKDOWN  QQQ buy-and-hold ($10,000 initial)
━━━━━━━━━━━━━━━━━━━━━━━━━━━━━━━━━━━━━━━━━━━━━━━━━━━━━━━━━━━━
  Period             P&L$   Return%  Portfolio
  ──────────────────────────────────────────────────────
  2022-W01       -$545.22    -5.45%  $9,454.78
  2022-W02         +$5.98    +0.06%  $9,460.75
  2022-W03       -$708.79    -7.09%  $8,751.96
  2022-W04         +$8.22    +0.08%  $8,760.18
  2022-W05       +$148.26    +1.48%  $8,908.43
  2022-W06       -$264.40    -2.64%  $8,644.04
  2022-W07       -$142.78    -1.43%  $8,501.26
  2022-W08       +$110.79    +1.11%  $8,612.04
  2022-W09       -$213.86    -2.14%  $8,398.19
  2022-W10       -$331.62    -3.32%  $8,066.57
  2022-W11       +$683.40    +6.83%  $8,749.97
  2022-W12       +$194.69    +1.95%  $8,944.66
  2022-W13        +$63.48    +0.63%  $9,008.14
  2022-W14       -$316.93    -3.17%  $8,691.21
  2022-W15       -$265.39    -2.65%  $8,425.82
  2022-W16       -$325.39    -3.25%  $8,100.43
  2022-W17       -$297.26    -2.97%  $7,803.17
  2022-W18       -$100.83    -1.01%  $7,702.34
  2022-W19       -$189.21    -1.89%  $7,513.13
  2022-W20       -$329.13    -3.29%  $7,184.01
  2022-W21       +$511.49    +5.11%  $7,695.50
  2022-W22        -$75.93    -0.76%  $7,619.56
  2022-W23       -$431.08    -4.31%  $7,188.49
  2022-W24       -$348.79    -3.49%  $6,839.69
  2022-W25       +$501.16    +5.01%  $7,340.85
  2022-W26       -$317.18    -3.17%  $7,023.68
  2022-W27       +$330.37    +3.30%  $7,354.05
  2022-W28        -$90.12    -0.90%  $7,263.92
  2022-W29       +$254.19    +2.54%  $7,518.11
  2022-W30       +$331.86    +3.32%  $7,849.98
  2022-W31       +$161.33    +1.61%  $8,011.30
  2022-W32       +$215.85    +2.16%  $8,227.15
  2022-W33       -$187.47    -1.87%  $8,039.68
  2022-W34       -$385.14    -3.85%  $7,654.54
  2022-W35       -$304.23    -3.04%  $7,350.31
  2022-W36       +$292.28    +2.92%  $7,642.59
  2022-W37       -$442.90    -4.43%  $7,199.69
  2022-W38       -$336.35    -3.36%  $6,863.35
  2022-W39       -$202.40    -2.02%  $6,660.94
  2022-W40        +$38.59    +0.39%  $6,699.53
  2022-W41       -$209.87    -2.10%  $6,489.66
  2022-W42       +$372.69    +3.73%  $6,862.35
  2022-W43       +$138.92    +1.39%  $7,001.27
  2022-W44       -$412.53    -4.13%  $6,588.74
  2022-W45       +$580.33    +5.80%  $7,169.07
  2022-W46        -$78.42    -0.78%  $7,090.65
  2022-W47        +$50.79    +0.51%  $7,141.43
  2022-W48       +$143.65    +1.44%  $7,285.08
  2022-W49       -$262.40    -2.62%  $7,022.68
  2022-W50       -$196.43    -1.96%  $6,826.25
  2022-W51       -$170.54    -1.71%  $6,655.71
  2022-W52        -$24.15    -0.24%  $6,631.56
  ──────────────────────────────────────────────────────
  TOTAL         -$3368.44   -33.68%  $6,631.56
━━━━━━━━━━━━━━━━━━━━━━━━━━━━━━━━━━━━━━━━━━━━━━━━━━━━━━━━━━━━

━━━━━━━━━━━━━━━━━━━━━━━━━━━━━━━━━━━━━━━━━━━━━━━━━━━━━━━━━━━━━━━━━━━━━━━━
  MONTHLY BREAKDOWN  ($10,000 initial | weighted 50%/30%/20% × 3 slots)
━━━━━━━━━━━━━━━━━━━━━━━━━━━━━━━━━━━━━━━━━━━━━━━━━━━━━━━━━━━━━━━━━━━━━━━━
  Period        Picks  W/L           Cap P&L$   Return%  Portfolio
  ────────────────────────────────────────────────────────────────────
  2022-01         141  34W/107L     +$2351.02   +23.51%  $12,351.02
  2022-02         133  31W/102L      +$968.29    +9.68%  $13,319.31
  2022-03         180  48W/132L     +$2914.26   +29.14%  $16,233.57
  2022-04         142  39W/103L     +$1377.83   +13.78%  $17,611.39
  2022-05         149  39W/110L     +$1855.18   +18.55%  $19,466.57
  2022-06         155  45W/110L     +$2014.61   +20.15%  $21,481.18
  2022-07         163  43W/120L     +$2433.70   +24.34%  $23,914.88
  2022-08         180  53W/127L     +$3358.37   +33.58%  $27,273.25
  2022-09         131  40W/91L      +$1372.90   +13.73%  $28,646.15
  2022-10         166  48W/118L     +$1388.30   +13.88%  $30,034.45
  2022-11         154  50W/104L     +$4103.90   +41.04%  $34,138.35
  2022-12         143  32W/111L     +$1322.49   +13.22%  $35,460.83
  ────────────────────────────────────────────────────────────────────
  TOTAL          1837  502W/1335L        +$25460.83  +254.61%  $35,460.83
━━━━━━━━━━━━━━━━━━━━━━━━━━━━━━━━━━━━━━━━━━━━━━━━━━━━━━━━━━━━━━━━━━━━━━━━

━━━━━━━━━━━━━━━━━━━━━━━━━━━━━━━━━━━━━━━━━━━━━━━━━━━━━━━━━━━━
  MONTHLY BREAKDOWN  QQQ buy-and-hold ($10,000 initial)
━━━━━━━━━━━━━━━━━━━━━━━━━━━━━━━━━━━━━━━━━━━━━━━━━━━━━━━━━━━━
  Period             P&L$   Return%  Portfolio
  ──────────────────────────────────────────────────────
  2022-01        -$958.75    -9.59%  $9,041.25
  2022-02        -$402.32    -4.02%  $8,638.93
  2022-03        +$373.94    +3.74%  $9,012.87
  2022-04       -$1209.70   -12.10%  $7,803.17
  2022-05        -$121.99    -1.22%  $7,681.18
  2022-06        -$700.82    -7.01%  $6,980.36
  2022-07        +$869.62    +8.70%  $7,849.98
  2022-08        -$399.33    -3.99%  $7,450.64
  2022-09        -$789.70    -7.90%  $6,660.94
  2022-10        +$257.18    +2.57%  $6,918.12
  2022-11        +$387.13    +3.87%  $7,305.25
  2022-12        -$673.69    -6.74%  $6,631.56
  ──────────────────────────────────────────────────────
  TOTAL         -$3368.44   -33.68%  $6,631.56
━━━━━━━━━━━━━━━━━━━━━━━━━━━━━━━━━━━━━━━━━━━━━━━━━━━━━━━━━━━━

━━━━━━━━━━━━━━━━━━━━━━━━━━━━━━━━━━━━━━━━━━━━━━━━━━━━━━━━━━━━━━━━━━━━━━

